{"timestamp":"091858","status":"A","lat":"5001.355","lat_dir":"N","lon":"00953.121","lon_dir":"W","spd_over_grnd":"19.80","true_course":"137.056641","datestamp":"010115","mag_variation":"","mag_var_dir":""}
{"timestamp":"091859","status":"A","lat":"5001.349","lat_dir":"N","lon":"00953.112","lon_dir":"W","spd_over_grnd":"19.80","true_course":"137.832657","datestamp":"010115","mag_variation":"","mag_var_dir":""}
{"timestamp":"091901","status":"A","lat":"5001.342","lat_dir":"N","lon":"00953.103","lon_dir":"W","spd_over_grnd":"19.81","true_course":"137.389786","datestamp":"010115","mag_variation":"","mag_var_dir":""}
{"timestamp":"091903","status":"A","lat":"5001.336","lat_dir":"N","lon":"00953.094","lon_dir":"W","spd_over_grnd":"19.81","true_course":"136.129608","datestamp":"010115","mag_variation":"","mag_var_dir":""}
{"timestamp":"091904","status":"A","lat":"5001.330","lat_dir":"N","lon":"00953.085","lon_dir":"W","spd_over_grnd":"19.82","true_course":"135.384293","datestamp":"010115","mag_variation":"","mag_var_dir":""}
{"timestamp":"091906","status":"A","lat":"5001.324","lat_dir":"N","lon":"00953.076","lon_dir":"W","spd_over_grnd":"19.82","true_course":"135.901382","datestamp":"010115","mag_variation":"","mag_var_dir":""}
{"timestamp":"091907","status":"A","lat":"5001.318","lat_dir":"N","lon":"00953.066","lon_dir":"W","spd_over_grnd":"19.82","true_course":"136.640274","datestamp":"010115","mag_variation":"","mag_var_dir":""}
{"timestamp":"091909","status":"A","lat":"5001.312","lat_dir":"N","lon":"00953.058","lon_dir":"W","spd_over_grnd":"19.83","true_course":"136.470505","datestamp":"010115","mag_variation":"","mag_var_dir":""}
{"timestamp":"091910","status":"A","lat":"5001.306","lat_dir":"N","lon":"00953.048","lon_dir":"W","spd_over_grnd":"19.83","true_course":"135.196838","datestamp":"010115","mag_variation":"","mag_var_dir":""}
{"timestamp":"091912","status":"A","lat":"5001.300","lat_dir":"N","lon":"00953.039","lon_dir":"W","spd_over_grnd":"19.83","true_course":"134.030655","datestamp":"010115","mag_variation":"","mag_var_dir":""}
{"timestamp":"091913","status":"A","lat":"5001.294","lat_dir":"N","lon":"00953.029","lon_dir":"W","spd_over_grnd":"19.83","true_course":"134.187988","datestamp":"010115","mag_variation":"","mag_var_dir":""}
{"timestamp":"091915","status":"A","lat":"5001.288","lat_dir":"N","lon":"00953.020","lon_dir":"W","spd_over_grnd":"19.83","true_course":"135.042908","datestamp":"010115","mag_variation":"","mag_var_dir":""}
{"timestamp":"091916","status":"A","lat":"5001.282","lat_dir":"N","lon":"00953.011","lon_dir":"W","spd_over_grnd":"19.83","true_course":"135.212982","datestamp":"010115","mag_variation":"","mag_var_dir":""}
{"timestamp":"091918","status":"A","lat":"5001.276","lat_dir":"N","lon":"00953.001","lon_dir":"W","spd_over_grnd":"19.83","true_course":"134.239868","datestamp":"010115","mag_variation":"","mag_var_dir":""}
{"timestamp":"091919","status":"A","lat":"5001.270","lat_dir":"N","lon":"00952.992","lon_dir":"W","spd_over_grnd":"19.84","true_course":"133.044037","datestamp":"010115","mag_variation":"","mag_var_dir":""}
{"timestamp":"091921","status":"A","lat":"5001.264","lat_dir":"N","lon":"00952.982","lon_dir":"W","spd_over_grnd":"19.84","true_course":"132.925751","datestamp":"010115","mag_variation":"","mag_var_dir":""}
{"timestamp":"091922","status":"A","lat":"5001.258","lat_dir":"N","lon":"00952.972","lon_dir":"W","spd_over_grnd":"19.84","true_course":"133.727798","datestamp":"010115","mag_variation":"","mag_var_dir":""}
{"timestamp":"091924","status":"A","lat":"5001.252","lat_dir":"N","lon":"00952.962","lon_dir":"W","spd_over_grnd":"19.84","true_course":"134.179230","datestamp":"010115","mag_variation":"","mag_var_dir":""}
{"timestamp":"091925","status":"A","lat":"5001.246","lat_dir":"N","lon":"00952.953","lon_dir":"W","spd_over_grnd":"19.84","true_course":"133.424423","datestamp":"010115","mag_variation":"","mag_var_dir":""}
{"timestamp":"091927","status":"A","lat":"5001.241","lat_dir":"N","lon":"00952.943","lon_dir":"W","spd_over_grnd":"19.84","true_course":"132.149185","datestamp":"010115","mag_variation":"","mag_var_dir":""}
{"timestamp":"091929","status":"A","lat":"5001.235","lat_dir":"N","lon":"00952.933","lon_dir":"W","spd_over_grnd":"19.84","true_course":"131.772522","datestamp":"010115","mag_variation":"","mag_var_dir":""}
{"timestamp":"091930","status":"A","lat":"5001.229","lat_dir":"N","lon":"00952.923","lon_dir":"W","spd_over_grnd":"19.84","true_course":"132.390488","datestamp":"010115","mag_variation":"","mag_var_dir":""}
{"timestamp":"091932","status":"A","lat":"5001.223","lat_dir":"N","lon":"00952.913","lon_dir":"W","spd_over_grnd":"19.84","true_course":"133.033081","datestamp":"010115","mag_variation":"","mag_var_dir":""}
{"timestamp":"091933","status":"A","lat":"5001.217","lat_dir":"N","lon":"00952.904","lon_dir":"W","spd_over_grnd":"19.84","true_course":"132.399460","datestamp":"010115","mag_variation":"","mag_var_dir":""}
{"timestamp":"091935","status":"A","lat":"5001.212","lat_dir":"N","lon":"00952.894","lon_dir":"W","spd_over_grnd":"19.84","true_course":"131.220444","datestamp":"010115","mag_variation":"","mag_var_dir":""}
{"timestamp":"091936","status":"A","lat":"5001.206","lat_dir":"N","lon":"00952.884","lon_dir":"W","spd_over_grnd":"19.84","true_course":"130.585510","datestamp":"010115","mag_variation":"","mag_var_dir":""}
{"timestamp":"091938","status":"A","lat":"5001.201","lat_dir":"N","lon":"00952.874","lon_dir":"W","spd_over_grnd":"19.84","true_course":"131.211960","datestamp":"010115","mag_variation":"","mag_var_dir":""}
{"timestamp":"091939","status":"A","lat":"5001.195","lat_dir":"N","lon":"00952.864","lon_dir":"W","spd_over_grnd":"19.84","true_course":"131.960815","datestamp":"010115","mag_variation":"","mag_var_dir":""}
{"timestamp":"091941","status":"A","lat":"5001.189","lat_dir":"N","lon":"00952.854","lon_dir":"W","spd_over_grnd":"19.84","true_course":"131.719650","datestamp":"010115","mag_variation":"","mag_var_dir":""}
{"timestamp":"091942","status":"A","lat":"5001.184","lat_dir":"N","lon":"00952.844","lon_dir":"W","spd_over_grnd":"19.84","true_course":"130.474579","datestamp":"010115","mag_variation":"","mag_var_dir":""}
{"timestamp":"091944","status":"A","lat":"5001.179","lat_dir":"N","lon":"00952.834","lon_dir":"W","spd_over_grnd":"19.84","true_course":"129.530411","datestamp":"010115","mag_variation":"","mag_var_dir":""}
{"timestamp":"091945","status":"A","lat":"5001.173","lat_dir":"N","lon":"00952.824","lon_dir":"W","spd_over_grnd":"19.84","true_course":"129.901276","datestamp":"010115","mag_variation":"","mag_var_dir":""}
{"timestamp":"091947","status":"A","lat":"5001.168","lat_dir":"N","lon":"00952.814","lon_dir":"W","spd_over_grnd":"19.84","true_course":"130.811523","datestamp":"010115","mag_variation":"","mag_var_dir":""}
{"timestamp":"091948","status":"A","lat":"5001.162","lat_dir":"N","lon":"00952.804","lon_dir":"W","spd_over_grnd":"19.84","true_course":"130.844406","datestamp":"010115","mag_variation":"","mag_var_dir":""}
{"timestamp":"091950","status":"A","lat":"5001.156","lat_dir":"N","lon":"00952.794","lon_dir":"W","spd_over_grnd":"19.84","true_course":"129.770996","datestamp":"010115","mag_variation":"","mag_var_dir":""}
{"timestamp":"091952","status":"A","lat":"5001.151","lat_dir":"N","lon":"00952.783","lon_dir":"W","spd_over_grnd":"19.84","true_course":"128.572845","datestamp":"010115","mag_variation":"","mag_var_dir":""}
{"timestamp":"091953","status":"A","lat":"5001.146","lat_dir":"N","lon":"00952.773","lon_dir":"W","spd_over_grnd":"19.84","true_course":"128.629318","datestamp":"010115","mag_variation":"","mag_var_dir":""}
{"timestamp":"091955","status":"A","lat":"5001.140","lat_dir":"N","lon":"00952.763","lon_dir":"W","spd_over_grnd":"19.84","true_course":"129.373398","datestamp":"010115","mag_variation":"","mag_var_dir":""}
{"timestamp":"091956","status":"A","lat":"5001.135","lat_dir":"N","lon":"00952.753","lon_dir":"W","spd_over_grnd":"19.84","true_course":"129.704697","datestamp":"010115","mag_variation":"","mag_var_dir":""}
{"timestamp":"091958","status":"A","lat":"5001.130","lat_dir":"N","lon":"00952.742","lon_dir":"W","spd_over_grnd":"19.84","true_course":"128.780487","datestamp":"010115","mag_variation":"","mag_var_dir":""}
{"timestamp":"091959","status":"A","lat":"5001.124","lat_dir":"N","lon":"00952.732","lon_dir":"W","spd_over_grnd":"19.84","true_course":"127.356613","datestamp":"010115","mag_variation":"","mag_var_dir":""}
{"timestamp":"092001","status":"A","lat":"5001.119","lat_dir":"N","lon":"00952.722","lon_dir":"W","spd_over_grnd":"19.84","true_course":"127.023903","datestamp":"010115","mag_variation":"","mag_var_dir":""}
{"timestamp":"092002","status":"A","lat":"5001.114","lat_dir":"N","lon":"00952.711","lon_dir":"W","spd_over_grnd":"19.84","true_course":"127.877060","datestamp":"010115","mag_variation":"","mag_var_dir":""}
{"timestamp":"092004","status":"A","lat":"5001.109","lat_dir":"N","lon":"00952.701","lon_dir":"W","spd_over_grnd":"19.84","true_course":"128.394241","datestamp":"010115","mag_variation":"","mag_var_dir":""}
{"timestamp":"092005","status":"A","lat":"5001.104","lat_dir":"N","lon":"00952.690","lon_dir":"W","spd_over_grnd":"19.84","true_course":"127.782707","datestamp":"010115","mag_variation":"","mag_var_dir":""}
{"timestamp":"092007","status":"A","lat":"5001.099","lat_dir":"N","lon":"00952.680","lon_dir":"W","spd_over_grnd":"19.84","true_course":"126.516678","datestamp":"010115","mag_variation":"","mag_var_dir":""}
{"timestamp":"092008","status":"A","lat":"5001.094","lat_dir":"N","lon":"00952.669","lon_dir":"W","spd_over_grnd":"19.84","true_course":"125.893005","datestamp":"010115","mag_variation":"","mag_var_dir":""}
{"timestamp":"092010","status":"A","lat":"5001.088","lat_dir":"N","lon":"00952.658","lon_dir":"W","spd_over_grnd":"19.84","true_course":"126.576454","datestamp":"010115","mag_variation":"","mag_var_dir":""}
{"timestamp":"092011","status":"A","lat":"5001.083","lat_dir":"N","lon":"00952.648","lon_dir":"W","spd_over_grnd":"19.84","true_course":"127.347557","datestamp":"010115","mag_variation":"","mag_var_dir":""}
{"timestamp":"092013","status":"A","lat":"5001.078","lat_dir":"N","lon":"00952.637","lon_dir":"W","spd_over_grnd":"19.84","true_course":"127.034134","datestamp":"010115","mag_variation":"","mag_var_dir":""}
{"timestamp":"092014","status":"A","lat":"5001.073","lat_dir":"N","lon":"00952.626","lon_dir":"W","spd_over_grnd":"19.84","true_course":"125.765533","datestamp":"010115","mag_variation":"","mag_var_dir":""}
{"timestamp":"092016","status":"A","lat":"5001.068","lat_dir":"N","lon":"00952.615","lon_dir":"W","spd_over_grnd":"19.84","true_course":"124.944519","datestamp":"010115","mag_variation":"","mag_var_dir":""}
{"timestamp":"092018","status":"A","lat":"5001.063","lat_dir":"N","lon":"00952.604","lon_dir":"W","spd_over_grnd":"19.84","true_course":"125.274559","datestamp":"010115","mag_variation":"","mag_var_dir":""}
{"timestamp":"092019","status":"A","lat":"5001.058","lat_dir":"N","lon":"00952.594","lon_dir":"W","spd_over_grnd":"19.84","true_course":"126.267555","datestamp":"010115","mag_variation":"","mag_var_dir":""}
{"timestamp":"092021","status":"A","lat":"5001.053","lat_dir":"N","lon":"00952.583","lon_dir":"W","spd_over_grnd":"19.84","true_course":"126.188377","datestamp":"010115","mag_variation":"","mag_var_dir":""}
{"timestamp":"092022","status":"A","lat":"5001.048","lat_dir":"N","lon":"00952.572","lon_dir":"W","spd_over_grnd":"19.84","true_course":"124.929832","datestamp":"010115","mag_variation":"","mag_var_dir":""}
{"timestamp":"092024","status":"A","lat":"5001.043","lat_dir":"N","lon":"00952.562","lon_dir":"W","spd_over_grnd":"19.84","true_course":"123.883850","datestamp":"010115","mag_variation":"","mag_var_dir":""}
{"timestamp":"092025","status":"A","lat":"5001.039","lat_dir":"N","lon":"00952.551","lon_dir":"W","spd_over_grnd":"19.84","true_course":"124.071487","datestamp":"010115","mag_variation":"","mag_var_dir":""}
{"timestamp":"092027","status":"A","lat":"5001.034","lat_dir":"N","lon":"00952.540","lon_dir":"W","spd_over_grnd":"19.84","true_course":"124.869484","datestamp":"010115","mag_variation":"","mag_var_dir":""}
{"timestamp":"092028","status":"A","lat":"5001.029","lat_dir":"N","lon":"00952.529","lon_dir":"W","spd_over_grnd":"19.84","true_course":"125.088531","datestamp":"010115","mag_variation":"","mag_var_dir":""}
{"timestamp":"092030","status":"A","lat":"5001.024","lat_dir":"N","lon":"00952.518","lon_dir":"W","spd_over_grnd":"19.84","true_course":"124.142372","datestamp":"010115","mag_variation":"","mag_var_dir":""}
{"timestamp":"092031","status":"A","lat":"5001.020","lat_dir":"N","lon":"00952.508","lon_dir":"W","spd_over_grnd":"19.84","true_course":"122.985992","datestamp":"010115","mag_variation":"","mag_var_dir":""}
{"timestamp":"092033","status":"A","lat":"5001.015","lat_dir":"N","lon":"00952.497","lon_dir":"W","spd_over_grnd":"19.84","true_course":"122.866806","datestamp":"010115","mag_variation":"","mag_var_dir":""}
{"timestamp":"092034","status":"A","lat":"5001.011","lat_dir":"N","lon":"00952.486","lon_dir":"W","spd_over_grnd":"19.84","true_course":"123.743347","datestamp":"010115","mag_variation":"","mag_var_dir":""}
{"timestamp":"092036","status":"A","lat":"5001.006","lat_dir":"N","lon":"00952.475","lon_dir":"W","spd_over_grnd":"19.84","true_course":"124.090462","datestamp":"010115","mag_variation":"","mag_var_dir":""}
{"timestamp":"092037","status":"A","lat":"5001.001","lat_dir":"N","lon":"00952.464","lon_dir":"W","spd_over_grnd":"19.84","true_course":"123.306862","datestamp":"010115","mag_variation":"","mag_var_dir":""}
{"timestamp":"092039","status":"A","lat":"5000.997","lat_dir":"N","lon":"00952.453","lon_dir":"W","spd_over_grnd":"19.84","true_course":"121.994247","datestamp":"010115","mag_variation":"","mag_var_dir":""}
{"timestamp":"092041","status":"A","lat":"5000.992","lat_dir":"N","lon":"00952.441","lon_dir":"W","spd_over_grnd":"19.84","true_course":"121.578575","datestamp":"010115","mag_variation":"","mag_var_dir":""}
{"timestamp":"092042","status":"A","lat":"5000.988","lat_dir":"N","lon":"00952.430","lon_dir":"W","spd_over_grnd":"19.84","true_course":"122.196938","datestamp":"010115","mag_variation":"","mag_var_dir":""}
{"timestamp":"092044","status":"A","lat":"5000.983","lat_dir":"N","lon":"00952.419","lon_dir":"W","spd_over_grnd":"19.84","true_course":"122.861931","datestamp":"010115","mag_variation":"","mag_var_dir":""}
{"timestamp":"092045","status":"A","lat":"5000.978","lat_dir":"N","lon":"00952.408","lon_dir":"W","spd_over_grnd":"19.84","true_course":"122.244469","datestamp":"010115","mag_variation":"","mag_var_dir":""}
{"timestamp":"092047","status":"A","lat":"5000.974","lat_dir":"N","lon":"00952.397","lon_dir":"W","spd_over_grnd":"19.84","true_course":"120.913681","datestamp":"010115","mag_variation":"","mag_var_dir":""}
{"timestamp":"092048","status":"A","lat":"5000.970","lat_dir":"N","lon":"00952.385","lon_dir":"W","spd_over_grnd":"19.84","true_course":"120.250557","datestamp":"010115","mag_variation":"","mag_var_dir":""}
{"timestamp":"092050","status":"A","lat":"5000.965","lat_dir":"N","lon":"00952.374","lon_dir":"W","spd_over_grnd":"19.84","true_course":"120.771233","datestamp":"010115","mag_variation":"","mag_var_dir":""}
{"timestamp":"092051","status":"A","lat":"5000.961","lat_dir":"N","lon":"00952.363","lon_dir":"W","spd_over_grnd":"19.84","true_course":"121.560036","datestamp":"010115","mag_variation":"","mag_var_dir":""}
{"timestamp":"092053","status":"A","lat":"5000.956","lat_dir":"N","lon":"00952.351","lon_dir":"W","spd_over_grnd":"19.84","true_course":"121.274185","datestamp":"010115","mag_variation":"","mag_var_dir":""}
{"timestamp":"092054","status":"A","lat":"5000.952","lat_dir":"N","lon":"00952.340","lon_dir":"W","spd_over_grnd":"19.84","true_course":"120.082901","datestamp":"010115","mag_variation":"","mag_var_dir":""}
{"timestamp":"092056","status":"A","lat":"5000.948","lat_dir":"N","lon":"00952.329","lon_dir":"W","spd_over_grnd":"19.84","true_course":"119.196304","datestamp":"010115","mag_variation":"","mag_var_dir":""}
{"timestamp":"092057","status":"A","lat":"5000.944","lat_dir":"N","lon":"00952.317","lon_dir":"W","spd_over_grnd":"19.84","true_course":"119.552017","datestamp":"010115","mag_variation":"","mag_var_dir":""}
{"timestamp":"092059","status":"A","lat":"5000.940","lat_dir":"N","lon":"00952.306","lon_dir":"W","spd_over_grnd":"19.84","true_course":"120.364891","datestamp":"010115","mag_variation":"","mag_var_dir":""}
{"timestamp":"092100","status":"A","lat":"5000.935","lat_dir":"N","lon":"00952.294","lon_dir":"W","spd_over_grnd":"19.84","true_course":"120.437210","datestamp":"010115","mag_variation":"","mag_var_dir":""}
{"timestamp":"092102","status":"A","lat":"5000.931","lat_dir":"N","lon":"00952.283","lon_dir":"W","spd_over_grnd":"19.84","true_course":"119.327103","datestamp":"010115","mag_variation":"","mag_var_dir":""}
{"timestamp":"092104","status":"A","lat":"5000.927","lat_dir":"N","lon":"00952.271","lon_dir":"W","spd_over_grnd":"19.84","true_course":"118.252205","datestamp":"010115","mag_variation":"","mag_var_dir":""}
{"timestamp":"092105","status":"A","lat":"5000.923","lat_dir":"N","lon":"00952.260","lon_dir":"W","spd_over_grnd":"19.84","true_course":"118.405411","datestamp":"010115","mag_variation":"","mag_var_dir":""}
{"timestamp":"092107","status":"A","lat":"5000.919","lat_dir":"N","lon":"00952.248","lon_dir":"W","spd_over_grnd":"19.84","true_course":"119.324913","datestamp":"010115","mag_variation":"","mag_var_dir":""}
{"timestamp":"092108","status":"A","lat":"5000.915","lat_dir":"N","lon":"00952.236","lon_dir":"W","spd_over_grnd":"19.84","true_course":"119.652916","datestamp":"010115","mag_variation":"","mag_var_dir":""}
{"timestamp":"092110","status":"A","lat":"5000.910","lat_dir":"N","lon":"00952.225","lon_dir":"W","spd_over_grnd":"19.84","true_course":"118.820831","datestamp":"010115","mag_variation":"","mag_var_dir":""}
{"timestamp":"092111","status":"A","lat":"5000.907","lat_dir":"N","lon":"00952.213","lon_dir":"W","spd_over_grnd":"19.84","true_course":"117.611206","datestamp":"010115","mag_variation":"","mag_var_dir":""}
{"timestamp":"092113","status":"A","lat":"5000.903","lat_dir":"N","lon":"00952.201","lon_dir":"W","spd_over_grnd":"19.84","true_course":"117.386139","datestamp":"010115","mag_variation":"","mag_var_dir":""}
{"timestamp":"092114","status":"A","lat":"5000.899","lat_dir":"N","lon":"00952.190","lon_dir":"W","spd_over_grnd":"19.84","true_course":"118.247849","datestamp":"010115","mag_variation":"","mag_var_dir":""}
{"timestamp":"092116","status":"A","lat":"5000.895","lat_dir":"N","lon":"00952.178","lon_dir":"W","spd_over_grnd":"19.84","true_course":"118.733574","datestamp":"010115","mag_variation":"","mag_var_dir":""}
{"timestamp":"092117","status":"A","lat":"5000.891","lat_dir":"N","lon":"00952.167","lon_dir":"W","spd_over_grnd":"19.84","true_course":"117.985405","datestamp":"010115","mag_variation":"","mag_var_dir":""}
{"timestamp":"092119","status":"A","lat":"5000.887","lat_dir":"N","lon":"00952.155","lon_dir":"W","spd_over_grnd":"19.84","true_course":"116.600273","datestamp":"010115","mag_variation":"","mag_var_dir":""}
{"timestamp":"092121","status":"A","lat":"5000.883","lat_dir":"N","lon":"00952.143","lon_dir":"W","spd_over_grnd":"19.84","true_course":"116.201370","datestamp":"010115","mag_variation":"","mag_var_dir":""}
{"timestamp":"092122","status":"A","lat":"5000.879","lat_dir":"N","lon":"00952.131","lon_dir":"W","spd_over_grnd":"19.84","true_course":"116.952736","datestamp":"010115","mag_variation":"","mag_var_dir":""}
{"timestamp":"092124","status":"A","lat":"5000.875","lat_dir":"N","lon":"00952.119","lon_dir":"W","spd_over_grnd":"19.84","true_course":"117.540718","datestamp":"010115","mag_variation":"","mag_var_dir":""}
{"timestamp":"092125","status":"A","lat":"5000.871","lat_dir":"N","lon":"00952.107","lon_dir":"W","spd_over_grnd":"19.84","true_course":"117.034767","datestamp":"010115","mag_variation":"","mag_var_dir":""}
{"timestamp":"092127","status":"A","lat":"5000.867","lat_dir":"N","lon":"00952.095","lon_dir":"W","spd_over_grnd":"19.84","true_course":"115.727646","datestamp":"010115","mag_variation":"","mag_var_dir":""}
{"timestamp":"092128","status":"A","lat":"5000.864","lat_dir":"N","lon":"00952.084","lon_dir":"W","spd_over_grnd":"19.84","true_course":"115.047745","datestamp":"010115","mag_variation":"","mag_var_dir":""}
{"timestamp":"092130","status":"A","lat":"5000.860","lat_dir":"N","lon":"00952.072","lon_dir":"W","spd_over_grnd":"19.84","true_course":"115.635872","datestamp":"010115","mag_variation":"","mag_var_dir":""}
{"timestamp":"092131","status":"A","lat":"5000.856","lat_dir":"N","lon":"00952.060","lon_dir":"W","spd_over_grnd":"19.84","true_course":"116.321068","datestamp":"010115","mag_variation":"","mag_var_dir":""}
{"timestamp":"092133","status":"A","lat":"5000.853","lat_dir":"N","lon":"00952.048","lon_dir":"W","spd_over_grnd":"19.84","true_course":"116.044922","datestamp":"010115","mag_variation":"","mag_var_dir":""}
{"timestamp":"092134","status":"A","lat":"5000.849","lat_dir":"N","lon":"00952.036","lon_dir":"W","spd_over_grnd":"19.84","true_course":"114.791023","datestamp":"010115","mag_variation":"","mag_var_dir":""}
{"timestamp":"092136","status":"A","lat":"5000.845","lat_dir":"N","lon":"00952.024","lon_dir":"W","spd_over_grnd":"19.84","true_course":"113.855972","datestamp":"010115","mag_variation":"","mag_var_dir":""}
{"timestamp":"092137","status":"A","lat":"5000.842","lat_dir":"N","lon":"00952.011","lon_dir":"W","spd_over_grnd":"19.84","true_course":"114.126648","datestamp":"010115","mag_variation":"","mag_var_dir":""}
{"timestamp":"092139","status":"A","lat":"5000.839","lat_dir":"N","lon":"00951.999","lon_dir":"W","spd_over_grnd":"19.84","true_course":"114.911331","datestamp":"010115","mag_variation":"","mag_var_dir":""}
{"timestamp":"092141","status":"A","lat":"5000.835","lat_dir":"N","lon":"00951.987","lon_dir":"W","spd_over_grnd":"19.84","true_course":"114.809692","datestamp":"010115","mag_variation":"","mag_var_dir":""}
{"timestamp":"092142","status":"A","lat":"5000.832","lat_dir":"N","lon":"00951.975","lon_dir":"W","spd_over_grnd":"19.84","true_course":"113.736305","datestamp":"010115","mag_variation":"","mag_var_dir":""}
{"timestamp":"092144","status":"A","lat":"5000.828","lat_dir":"N","lon":"00951.963","lon_dir":"W","spd_over_grnd":"19.84","true_course":"112.801582","datestamp":"010115","mag_variation":"","mag_var_dir":""}
{"timestamp":"092145","status":"A","lat":"5000.825","lat_dir":"N","lon":"00951.951","lon_dir":"W","spd_over_grnd":"19.84","true_course":"112.949860","datestamp":"010115","mag_variation":"","mag_var_dir":""}
{"timestamp":"092147","status":"A","lat":"5000.821","lat_dir":"N","lon":"00951.939","lon_dir":"W","spd_over_grnd":"19.84","true_course":"113.782059","datestamp":"010115","mag_variation":"","mag_var_dir":""}
{"timestamp":"092148","status":"A","lat":"5000.818","lat_dir":"N","lon":"00951.926","lon_dir":"W","spd_over_grnd":"19.84","true_course":"113.961624","datestamp":"010115","mag_variation":"","mag_var_dir":""}
{"timestamp":"092150","status":"A","lat":"5000.814","lat_dir":"N","lon":"00951.914","lon_dir":"W","spd_over_grnd":"19.84","true_course":"112.927223","datestamp":"010115","mag_variation":"","mag_var_dir":""}
{"timestamp":"092151","status":"A","lat":"5000.811","lat_dir":"N","lon":"00951.902","lon_dir":"W","spd_over_grnd":"19.84","true_course":"111.739639","datestamp":"010115","mag_variation":"","mag_var_dir":""}
{"timestamp":"092153","status":"A","lat":"5000.808","lat_dir":"N","lon":"00951.890","lon_dir":"W","spd_over_grnd":"19.84","true_course":"111.627632","datestamp":"010115","mag_variation":"","mag_var_dir":""}
{"timestamp":"092154","status":"A","lat":"5000.805","lat_dir":"N","lon":"00951.877","lon_dir":"W","spd_over_grnd":"19.84","true_course":"112.475716","datestamp":"010115","mag_variation":"","mag_var_dir":""}
{"timestamp":"092156","status":"A","lat":"5000.802","lat_dir":"N","lon":"00951.865","lon_dir":"W","spd_over_grnd":"19.84","true_course":"112.933784","datestamp":"010115","mag_variation":"","mag_var_dir":""}
{"timestamp":"092157","status":"A","lat":"5000.798","lat_dir":"N","lon":"00951.853","lon_dir":"W","spd_over_grnd":"19.84","true_course":"112.167824","datestamp":"010115","mag_variation":"","mag_var_dir":""}
{"timestamp":"092159","status":"A","lat":"5000.795","lat_dir":"N","lon":"00951.841","lon_dir":"W","spd_over_grnd":"19.84","true_course":"110.768799","datestamp":"010115","mag_variation":"","mag_var_dir":""}
{"timestamp":"092201","status":"A","lat":"5000.792","lat_dir":"N","lon":"00951.828","lon_dir":"W","spd_over_grnd":"19.84","true_course":"110.382385","datestamp":"010115","mag_variation":"","mag_var_dir":""}
{"timestamp":"092202","status":"A","lat":"5000.789","lat_dir":"N","lon":"00951.816","lon_dir":"W","spd_over_grnd":"19.84","true_course":"111.085777","datestamp":"010115","mag_variation":"","mag_var_dir":""}
{"timestamp":"092204","status":"A","lat":"5000.786","lat_dir":"N","lon":"00951.803","lon_dir":"W","spd_over_grnd":"19.84","true_course":"111.778816","datestamp":"010115","mag_variation":"","mag_var_dir":""}
{"timestamp":"092205","status":"A","lat":"5000.783","lat_dir":"N","lon":"00951.791","lon_dir":"W","spd_over_grnd":"19.84","true_course":"111.257393","datestamp":"010115","mag_variation":"","mag_var_dir":""}
{"timestamp":"092207","status":"A","lat":"5000.780","lat_dir":"N","lon":"00951.779","lon_dir":"W","spd_over_grnd":"19.84","true_course":"109.964188","datestamp":"010115","mag_variation":"","mag_var_dir":""}
{"timestamp":"092208","status":"A","lat":"5000.777","lat_dir":"N","lon":"00951.766","lon_dir":"W","spd_over_grnd":"19.84","true_course":"109.238472","datestamp":"010115","mag_variation":"","mag_var_dir":""}
{"timestamp":"092210","status":"A","lat":"5000.774","lat_dir":"N","lon":"00951.753","lon_dir":"W","spd_over_grnd":"19.84","true_course":"109.848106","datestamp":"010115","mag_variation":"","mag_var_dir":""}
{"timestamp":"092211","status":"A","lat":"5000.771","lat_dir":"N","lon":"00951.741","lon_dir":"W","spd_over_grnd":"19.84","true_course":"110.713226","datestamp":"010115","mag_variation":"","mag_var_dir":""}
{"timestamp":"092213","status":"A","lat":"5000.768","lat_dir":"N","lon":"00951.728","lon_dir":"W","spd_over_grnd":"19.84","true_course":"110.444542","datestamp":"010115","mag_variation":"","mag_var_dir":""}
{"timestamp":"092214","status":"A","lat":"5000.765","lat_dir":"N","lon":"00951.716","lon_dir":"W","spd_over_grnd":"19.84","true_course":"109.223160","datestamp":"010115","mag_variation":"","mag_var_dir":""}
{"timestamp":"092216","status":"A","lat":"5000.763","lat_dir":"N","lon":"00951.703","lon_dir":"W","spd_over_grnd":"19.84","true_course":"108.373810","datestamp":"010115","mag_variation":"","mag_var_dir":""}
{"timestamp":"092217","status":"A","lat":"5000.760","lat_dir":"N","lon":"00951.691","lon_dir":"W","spd_over_grnd":"19.84","true_course":"108.677856","datestamp":"010115","mag_variation":"","mag_var_dir":""}
{"timestamp":"092219","status":"A","lat":"5000.757","lat_dir":"N","lon":"00951.679","lon_dir":"W","spd_over_grnd":"19.84","true_course":"109.519325","datestamp":"010115","mag_variation":"","mag_var_dir":""}
{"timestamp":"092220","status":"A","lat":"5000.754","lat_dir":"N","lon":"00951.666","lon_dir":"W","spd_over_grnd":"19.84","true_course":"109.517815","datestamp":"010115","mag_variation":"","mag_var_dir":""}
{"timestamp":"092222","status":"A","lat":"5000.752","lat_dir":"N","lon":"00951.654","lon_dir":"W","spd_over_grnd":"19.84","true_course":"108.510437","datestamp":"010115","mag_variation":"","mag_var_dir":""}
{"timestamp":"092224","status":"A","lat":"5000.749","lat_dir":"N","lon":"00951.641","lon_dir":"W","spd_over_grnd":"19.84","true_course":"107.386490","datestamp":"010115","mag_variation":"","mag_var_dir":""}
{"timestamp":"092225","status":"A","lat":"5000.746","lat_dir":"N","lon":"00951.628","lon_dir":"W","spd_over_grnd":"19.84","true_course":"107.386406","datestamp":"010115","mag_variation":"","mag_var_dir":""}
{"timestamp":"092227","status":"A","lat":"5000.744","lat_dir":"N","lon":"00951.616","lon_dir":"W","spd_over_grnd":"19.84","true_course":"108.223137","datestamp":"010115","mag_variation":"","mag_var_dir":""}
{"timestamp":"092228","status":"A","lat":"5000.741","lat_dir":"N","lon":"00951.603","lon_dir":"W","spd_over_grnd":"19.84","true_course":"108.484726","datestamp":"010115","mag_variation":"","mag_var_dir":""}
{"timestamp":"092230","status":"A","lat":"5000.739","lat_dir":"N","lon":"00951.590","lon_dir":"W","spd_over_grnd":"19.84","true_course":"107.587738","datestamp":"010115","mag_variation":"","mag_var_dir":""}
{"timestamp":"092231","status":"A","lat":"5000.736","lat_dir":"N","lon":"00951.578","lon_dir":"W","spd_over_grnd":"19.84","true_course":"106.427887","datestamp":"010115","mag_variation":"","mag_var_dir":""}
{"timestamp":"092233","status":"A","lat":"5000.734","lat_dir":"N","lon":"00951.565","lon_dir":"W","spd_over_grnd":"19.84","true_course":"106.162750","datestamp":"010115","mag_variation":"","mag_var_dir":""}
{"timestamp":"092234","status":"A","lat":"5000.731","lat_dir":"N","lon":"00951.552","lon_dir":"W","spd_over_grnd":"19.84","true_course":"107.051071","datestamp":"010115","mag_variation":"","mag_var_dir":""}
{"timestamp":"092236","status":"A","lat":"5000.729","lat_dir":"N","lon":"00951.539","lon_dir":"W","spd_over_grnd":"19.84","true_course":"107.643822","datestamp":"010115","mag_variation":"","mag_var_dir":""}
{"timestamp":"092237","status":"A","lat":"5000.726","lat_dir":"N","lon":"00951.527","lon_dir":"W","spd_over_grnd":"19.84","true_course":"106.905907","datestamp":"010115","mag_variation":"","mag_var_dir":""}
{"timestamp":"092239","status":"A","lat":"5000.724","lat_dir":"N","lon":"00951.514","lon_dir":"W","spd_over_grnd":"19.84","true_course":"105.556824","datestamp":"010115","mag_variation":"","mag_var_dir":""}
{"timestamp":"092240","status":"A","lat":"5000.721","lat_dir":"N","lon":"00951.501","lon_dir":"W","spd_over_grnd":"19.84","true_course":"105.078278","datestamp":"010115","mag_variation":"","mag_var_dir":""}
{"timestamp":"092242","status":"A","lat":"5000.719","lat_dir":"N","lon":"00951.489","lon_dir":"W","spd_over_grnd":"19.84","true_course":"105.757782","datestamp":"010115","mag_variation":"","mag_var_dir":""}
{"timestamp":"092244","status":"A","lat":"5000.717","lat_dir":"N","lon":"00951.476","lon_dir":"W","spd_over_grnd":"19.84","true_course":"106.384750","datestamp":"010115","mag_variation":"","mag_var_dir":""}
{"timestamp":"092245","status":"A","lat":"5000.714","lat_dir":"N","lon":"00951.463","lon_dir":"W","spd_over_grnd":"19.84","true_course":"105.877579","datestamp":"010115","mag_variation":"","mag_var_dir":""}
{"timestamp":"092247","status":"A","lat":"5000.712","lat_dir":"N","lon":"00951.450","lon_dir":"W","spd_over_grnd":"19.84","true_course":"104.493713","datestamp":"010115","mag_variation":"","mag_var_dir":""}
{"timestamp":"092248","status":"A","lat":"5000.710","lat_dir":"N","lon":"00951.438","lon_dir":"W","spd_over_grnd":"19.84","true_course":"103.828728","datestamp":"010115","mag_variation":"","mag_var_dir":""}
{"timestamp":"092250","status":"A","lat":"5000.708","lat_dir":"N","lon":"00951.425","lon_dir":"W","spd_over_grnd":"19.84","true_course":"104.322502","datestamp":"010115","mag_variation":"","mag_var_dir":""}
{"timestamp":"092251","status":"A","lat":"5000.706","lat_dir":"N","lon":"00951.412","lon_dir":"W","spd_over_grnd":"19.84","true_course":"105.047394","datestamp":"010115","mag_variation":"","mag_var_dir":""}
{"timestamp":"092253","status":"A","lat":"5000.704","lat_dir":"N","lon":"00951.399","lon_dir":"W","spd_over_grnd":"19.84","true_course":"104.824295","datestamp":"010115","mag_variation":"","mag_var_dir":""}
{"timestamp":"092254","status":"A","lat":"5000.702","lat_dir":"N","lon":"00951.387","lon_dir":"W","spd_over_grnd":"19.84","true_course":"103.720192","datestamp":"010115","mag_variation":"","mag_var_dir":""}
{"timestamp":"092256","status":"A","lat":"5000.700","lat_dir":"N","lon":"00951.374","lon_dir":"W","spd_over_grnd":"19.84","true_course":"102.744972","datestamp":"010115","mag_variation":"","mag_var_dir":""}
{"timestamp":"092257","status":"A","lat":"5000.698","lat_dir":"N","lon":"00951.361","lon_dir":"W","spd_over_grnd":"19.84","true_course":"102.991394","datestamp":"010115","mag_variation":"","mag_var_dir":""}
{"timestamp":"092259","status":"A","lat":"5000.696","lat_dir":"N","lon":"00951.348","lon_dir":"W","spd_over_grnd":"19.84","true_course":"103.913406","datestamp":"010115","mag_variation":"","mag_var_dir":""}
{"timestamp":"092300","status":"A","lat":"5000.694","lat_dir":"N","lon":"00951.335","lon_dir":"W","spd_over_grnd":"19.84","true_course":"104.072693","datestamp":"010115","mag_variation":"","mag_var_dir":""}
{"timestamp":"092302","status":"A","lat":"5000.692","lat_dir":"N","lon":"00951.323","lon_dir":"W","spd_over_grnd":"19.84","true_course":"102.947647","datestamp":"010115","mag_variation":"","mag_var_dir":""}
{"timestamp":"092303","status":"A","lat":"5000.690","lat_dir":"N","lon":"00951.309","lon_dir":"W","spd_over_grnd":"19.84","true_course":"101.635590","datestamp":"010115","mag_variation":"","mag_var_dir":""}
{"timestamp":"092305","status":"A","lat":"5000.688","lat_dir":"N","lon":"00951.296","lon_dir":"W","spd_over_grnd":"19.84","true_course":"101.590378","datestamp":"010115","mag_variation":"","mag_var_dir":""}
{"timestamp":"092307","status":"A","lat":"5000.686","lat_dir":"N","lon":"00951.283","lon_dir":"W","spd_over_grnd":"19.84","true_course":"102.352905","datestamp":"010115","mag_variation":"","mag_var_dir":""}
{"timestamp":"092308","status":"A","lat":"5000.685","lat_dir":"N","lon":"00951.270","lon_dir":"W","spd_over_grnd":"19.84","true_course":"102.577682","datestamp":"010115","mag_variation":"","mag_var_dir":""}
{"timestamp":"092310","status":"A","lat":"5000.683","lat_dir":"N","lon":"00951.257","lon_dir":"W","spd_over_grnd":"19.84","true_course":"101.733818","datestamp":"010115","mag_variation":"","mag_var_dir":""}
{"timestamp":"092311","status":"A","lat":"5000.681","lat_dir":"N","lon":"00951.244","lon_dir":"W","spd_over_grnd":"19.84","true_course":"100.459885","datestamp":"010115","mag_variation":"","mag_var_dir":""}
{"timestamp":"092313","status":"A","lat":"5000.680","lat_dir":"N","lon":"00951.231","lon_dir":"W","spd_over_grnd":"19.84","true_course":"100.261574","datestamp":"010115","mag_variation":"","mag_var_dir":""}
