{"timestamp":"090644","status":"A","lat":"5002.090","lat_dir":"N","lon":"01000.256","lon_dir":"W","spd_over_grnd":"9.98","true_course":"228.416870","datestamp":"010115","mag_variation":"","mag_var_dir":""}
{"timestamp":"090646","status":"A","lat":"5002.087","lat_dir":"N","lon":"01000.261","lon_dir":"W","spd_over_grnd":"9.99","true_course":"227.503067","datestamp":"010115","mag_variation":"","mag_var_dir":""}
{"timestamp":"090647","status":"A","lat":"5002.084","lat_dir":"N","lon":"01000.266","lon_dir":"W","spd_over_grnd":"10.00","true_course":"226.483719","datestamp":"010115","mag_variation":"","mag_var_dir":""}
{"timestamp":"090649","status":"A","lat":"5002.081","lat_dir":"N","lon":"01000.271","lon_dir":"W","spd_over_grnd":"10.00","true_course":"226.712936","datestamp":"010115","mag_variation":"","mag_var_dir":""}
{"timestamp":"090651","status":"A","lat":"5002.078","lat_dir":"N","lon":"01000.276","lon_dir":"W","spd_over_grnd":"10.01","true_course":"227.833603","datestamp":"010115","mag_variation":"","mag_var_dir":""}
{"timestamp":"090652","status":"A","lat":"5002.075","lat_dir":"N","lon":"01000.281","lon_dir":"W","spd_over_grnd":"10.01","true_course":"228.401352","datestamp":"010115","mag_variation":"","mag_var_dir":""}
{"timestamp":"090654","status":"A","lat":"5002.072","lat_dir":"N","lon":"01000.287","lon_dir":"W","spd_over_grnd":"10.02","true_course":"227.599823","datestamp":"010115","mag_variation":"","mag_var_dir":""}
{"timestamp":"090655","status":"A","lat":"5002.069","lat_dir":"N","lon":"01000.292","lon_dir":"W","spd_over_grnd":"10.02","true_course":"226.699112","datestamp":"010115","mag_variation":"","mag_var_dir":""}
{"timestamp":"090657","status":"A","lat":"5002.066","lat_dir":"N","lon":"01000.296","lon_dir":"W","spd_over_grnd":"10.03","true_course":"226.717819","datestamp":"010115","mag_variation":"","mag_var_dir":""}
{"timestamp":"090658","status":"A","lat":"5002.063","lat_dir":"N","lon":"01000.302","lon_dir":"W","spd_over_grnd":"10.03","true_course":"227.817383","datestamp":"010115","mag_variation":"","mag_var_dir":""}
{"timestamp":"090700","status":"A","lat":"5002.061","lat_dir":"N","lon":"01000.306","lon_dir":"W","spd_over_grnd":"10.03","true_course":"228.565781","datestamp":"010115","mag_variation":"","mag_var_dir":""}
{"timestamp":"090701","status":"A","lat":"5002.057","lat_dir":"N","lon":"01000.312","lon_dir":"W","spd_over_grnd":"10.04","true_course":"228.040100","datestamp":"010115","mag_variation":"","mag_var_dir":""}
{"timestamp":"090703","status":"A","lat":"5002.054","lat_dir":"N","lon":"01000.317","lon_dir":"W","spd_over_grnd":"10.04","true_course":"226.839966","datestamp":"010115","mag_variation":"","mag_var_dir":""}
{"timestamp":"090705","status":"A","lat":"5002.051","lat_dir":"N","lon":"01000.322","lon_dir":"W","spd_over_grnd":"10.04","true_course":"226.727219","datestamp":"010115","mag_variation":"","mag_var_dir":""}
{"timestamp":"090706","status":"A","lat":"5002.048","lat_dir":"N","lon":"01000.327","lon_dir":"W","spd_over_grnd":"10.05","true_course":"227.770477","datestamp":"010115","mag_variation":"","mag_var_dir":""}
{"timestamp":"090708","status":"A","lat":"5002.046","lat_dir":"N","lon":"01000.332","lon_dir":"W","spd_over_grnd":"10.05","true_course":"228.606522","datestamp":"010115","mag_variation":"","mag_var_dir":""}
{"timestamp":"090709","status":"A","lat":"5002.043","lat_dir":"N","lon":"01000.337","lon_dir":"W","spd_over_grnd":"10.05","true_course":"228.024368","datestamp":"010115","mag_variation":"","mag_var_dir":""}
{"timestamp":"090711","status":"A","lat":"5002.039","lat_dir":"N","lon":"01000.343","lon_dir":"W","spd_over_grnd":"10.05","true_course":"226.797195","datestamp":"010115","mag_variation":"","mag_var_dir":""}
{"timestamp":"090713","status":"A","lat":"5002.036","lat_dir":"N","lon":"01000.348","lon_dir":"W","spd_over_grnd":"10.05","true_course":"226.646622","datestamp":"010115","mag_variation":"","mag_var_dir":""}
{"timestamp":"090714","status":"A","lat":"5002.033","lat_dir":"N","lon":"01000.353","lon_dir":"W","spd_over_grnd":"10.05","true_course":"227.689606","datestamp":"010115","mag_variation":"","mag_var_dir":""}
{"timestamp":"090716","status":"A","lat":"5002.030","lat_dir":"N","lon":"01000.358","lon_dir":"W","spd_over_grnd":"10.06","true_course":"228.584137","datestamp":"010115","mag_variation":"","mag_var_dir":""}
{"timestamp":"090717","status":"A","lat":"5002.027","lat_dir":"N","lon":"01000.363","lon_dir":"W","spd_over_grnd":"10.06","true_course":"228.222565","datestamp":"010115","mag_variation":"","mag_var_dir":""}
{"timestamp":"090719","status":"A","lat":"5002.024","lat_dir":"N","lon":"01000.368","lon_dir":"W","spd_over_grnd":"10.06","true_course":"227.066544","datestamp":"010115","mag_variation":"","mag_var_dir":""}
{"timestamp":"090720","status":"A","lat":"5002.021","lat_dir":"N","lon":"01000.373","lon_dir":"W","spd_over_grnd":"10.06","true_course":"226.695892","datestamp":"010115","mag_variation":"","mag_var_dir":""}
{"timestamp":"090722","status":"A","lat":"5002.018","lat_dir":"N","lon":"01000.378","lon_dir":"W","spd_over_grnd":"10.06","true_course":"227.530701","datestamp":"010115","mag_variation":"","mag_var_dir":""}
{"timestamp":"090724","status":"A","lat":"5002.015","lat_dir":"N","lon":"01000.383","lon_dir":"W","spd_over_grnd":"10.06","true_course":"228.396851","datestamp":"010115","mag_variation":"","mag_var_dir":""}
{"timestamp":"090725","status":"A","lat":"5002.012","lat_dir":"N","lon":"01000.389","lon_dir":"W","spd_over_grnd":"10.06","true_course":"227.991470","datestamp":"010115","mag_variation":"","mag_var_dir":""}
{"timestamp":"090727","status":"A","lat":"5002.009","lat_dir":"N","lon":"01000.394","lon_dir":"W","spd_over_grnd":"10.06","true_course":"226.861267","datestamp":"010115","mag_variation":"","mag_var_dir":""}
{"timestamp":"090728","status":"A","lat":"5002.006","lat_dir":"N","lon":"01000.398","lon_dir":"W","spd_over_grnd":"10.06","true_course":"226.347549","datestamp":"010115","mag_variation":"","mag_var_dir":""}
{"timestamp":"090730","status":"A","lat":"5002.003","lat_dir":"N","lon":"01000.403","lon_dir":"W","spd_over_grnd":"10.06","true_course":"227.060242","datestamp":"010115","mag_variation":"","mag_var_dir":""}
{"timestamp":"090731","status":"A","lat":"5002.000","lat_dir":"N","lon":"01000.409","lon_dir":"W","spd_over_grnd":"10.06","true_course":"228.100525","datestamp":"010115","mag_variation":"","mag_var_dir":""}
{"timestamp":"090733","status":"A","lat":"5001.997","lat_dir":"N","lon":"01000.414","lon_dir":"W","spd_over_grnd":"10.06","true_course":"228.034195","datestamp":"010115","mag_variation":"","mag_var_dir":""}
{"timestamp":"090734","status":"A","lat":"5001.994","lat_dir":"N","lon":"01000.419","lon_dir":"W","spd_over_grnd":"10.06","true_course":"227.071838","datestamp":"010115","mag_variation":"","mag_var_dir":""}
{"timestamp":"090736","status":"A","lat":"5001.992","lat_dir":"N","lon":"01000.424","lon_dir":"W","spd_over_grnd":"10.06","true_course":"226.497574","datestamp":"010115","mag_variation":"","mag_var_dir":""}
{"timestamp":"090738","status":"A","lat":"5001.989","lat_dir":"N","lon":"01000.429","lon_dir":"W","spd_over_grnd":"10.07","true_course":"227.255753","datestamp":"010115","mag_variation":"","mag_var_dir":""}
{"timestamp":"090739","status":"A","lat":"5001.986","lat_dir":"N","lon":"01000.434","lon_dir":"W","spd_over_grnd":"10.07","true_course":"228.260666","datestamp":"010115","mag_variation":"","mag_var_dir":""}
{"timestamp":"090741","status":"A","lat":"5001.983","lat_dir":"N","lon":"01000.439","lon_dir":"W","spd_over_grnd":"10.07","true_course":"228.321030","datestamp":"010115","mag_variation":"","mag_var_dir":""}
{"timestamp":"090742","status":"A","lat":"5001.980","lat_dir":"N","lon":"01000.444","lon_dir":"W","spd_over_grnd":"10.07","true_course":"227.333115","datestamp":"010115","mag_variation":"","mag_var_dir":""}
{"timestamp":"090744","status":"A","lat":"5001.976","lat_dir":"N","lon":"01000.449","lon_dir":"W","spd_over_grnd":"10.07","true_course":"226.572311","datestamp":"010115","mag_variation":"","mag_var_dir":""}
{"timestamp":"090745","status":"A","lat":"5001.973","lat_dir":"N","lon":"01000.454","lon_dir":"W","spd_over_grnd":"10.07","true_course":"227.191940","datestamp":"010115","mag_variation":"","mag_var_dir":""}
{"timestamp":"090747","status":"A","lat":"5001.970","lat_dir":"N","lon":"01000.459","lon_dir":"W","spd_over_grnd":"10.07","true_course":"228.176788","datestamp":"010115","mag_variation":"","mag_var_dir":""}
{"timestamp":"090749","status":"A","lat":"5001.967","lat_dir":"N","lon":"01000.465","lon_dir":"W","spd_over_grnd":"10.07","true_course":"228.382050","datestamp":"010115","mag_variation":"","mag_var_dir":""}
{"timestamp":"090750","status":"A","lat":"5001.965","lat_dir":"N","lon":"01000.469","lon_dir":"W","spd_over_grnd":"10.07","true_course":"227.381302","datestamp":"010115","mag_variation":"","mag_var_dir":""}
{"timestamp":"090752","status":"A","lat":"5001.962","lat_dir":"N","lon":"01000.474","lon_dir":"W","spd_over_grnd":"10.07","true_course":"226.619614","datestamp":"010115","mag_variation":"","mag_var_dir":""}
{"timestamp":"090753","status":"A","lat":"5001.959","lat_dir":"N","lon":"01000.479","lon_dir":"W","spd_over_grnd":"10.07","true_course":"226.893082","datestamp":"010115","mag_variation":"","mag_var_dir":""}
{"timestamp":"090755","status":"A","lat":"5001.956","lat_dir":"N","lon":"01000.484","lon_dir":"W","spd_over_grnd":"10.07","true_course":"227.993607","datestamp":"010115","mag_variation":"","mag_var_dir":""}
{"timestamp":"090756","status":"A","lat":"5001.953","lat_dir":"N","lon":"01000.489","lon_dir":"W","spd_over_grnd":"10.07","true_course":"228.492554","datestamp":"010115","mag_variation":"","mag_var_dir":""}
{"timestamp":"090758","status":"A","lat":"5001.950","lat_dir":"N","lon":"01000.494","lon_dir":"W","spd_over_grnd":"10.07","true_course":"227.720840","datestamp":"010115","mag_variation":"","mag_var_dir":""}
{"timestamp":"090759","status":"A","lat":"5001.947","lat_dir":"N","lon":"01000.500","lon_dir":"W","spd_over_grnd":"10.07","true_course":"226.570602","datestamp":"010115","mag_variation":"","mag_var_dir":""}
{"timestamp":"090801","status":"A","lat":"5001.944","lat_dir":"N","lon":"01000.504","lon_dir":"W","spd_over_grnd":"10.07","true_course":"226.639664","datestamp":"010115","mag_variation":"","mag_var_dir":""}
{"timestamp":"090802","status":"A","lat":"5001.941","lat_dir":"N","lon":"01000.509","lon_dir":"W","spd_over_grnd":"10.07","true_course":"227.757629","datestamp":"010115","mag_variation":"","mag_var_dir":""}
{"timestamp":"090804","status":"A","lat":"5001.938","lat_dir":"N","lon":"01000.514","lon_dir":"W","spd_over_grnd":"10.07","true_course":"228.378799","datestamp":"010115","mag_variation":"","mag_var_dir":""}
{"timestamp":"090805","status":"A","lat":"5001.935","lat_dir":"N","lon":"01000.520","lon_dir":"W","spd_over_grnd":"10.07","true_course":"227.891418","datestamp":"010115","mag_variation":"","mag_var_dir":""}
{"timestamp":"090807","status":"A","lat":"5001.932","lat_dir":"N","lon":"01000.524","lon_dir":"W","spd_over_grnd":"10.07","true_course":"226.903152","datestamp":"010115","mag_variation":"","mag_var_dir":""}
{"timestamp":"090809","status":"A","lat":"5001.929","lat_dir":"N","lon":"01000.530","lon_dir":"W","spd_over_grnd":"10.07","true_course":"226.778610","datestamp":"010115","mag_variation":"","mag_var_dir":""}
{"timestamp":"090810","status":"A","lat":"5001.926","lat_dir":"N","lon":"01000.534","lon_dir":"W","spd_over_grnd":"10.07","true_course":"227.653091","datestamp":"010115","mag_variation":"","mag_var_dir":""}
{"timestamp":"090812","status":"A","lat":"5001.924","lat_dir":"N","lon":"01000.539","lon_dir":"W","spd_over_grnd":"10.07","true_course":"228.489166","datestamp":"010115","mag_variation":"","mag_var_dir":""}
{"timestamp":"090813","status":"A","lat":"5001.921","lat_dir":"N","lon":"01000.545","lon_dir":"W","spd_over_grnd":"10.07","true_course":"228.099472","datestamp":"010115","mag_variation":"","mag_var_dir":""}
{"timestamp":"090815","status":"A","lat":"5001.918","lat_dir":"N","lon":"01000.549","lon_dir":"W","spd_over_grnd":"10.07","true_course":"227.023895","datestamp":"010115","mag_variation":"","mag_var_dir":""}
{"timestamp":"090816","status":"A","lat":"5001.915","lat_dir":"N","lon":"01000.555","lon_dir":"W","spd_over_grnd":"10.07","true_course":"226.581329","datestamp":"010115","mag_variation":"","mag_var_dir":""}
{"timestamp":"090818","status":"A","lat":"5001.912","lat_dir":"N","lon":"01000.560","lon_dir":"W","spd_over_grnd":"10.07","true_course":"227.252289","datestamp":"010115","mag_variation":"","mag_var_dir":""}
{"timestamp":"090819","status":"A","lat":"5001.909","lat_dir":"N","lon":"01000.565","lon_dir":"W","spd_over_grnd":"10.07","true_course":"228.406021","datestamp":"010115","mag_variation":"","mag_var_dir":""}
{"timestamp":"090821","status":"A","lat":"5001.906","lat_dir":"N","lon":"01000.570","lon_dir":"W","spd_over_grnd":"10.07","true_course":"228.267319","datestamp":"010115","mag_variation":"","mag_var_dir":""}
{"timestamp":"090822","status":"A","lat":"5001.903","lat_dir":"N","lon":"01000.575","lon_dir":"W","spd_over_grnd":"10.07","true_course":"227.244461","datestamp":"010115","mag_variation":"","mag_var_dir":""}
{"timestamp":"090824","status":"A","lat":"5001.900","lat_dir":"N","lon":"01000.580","lon_dir":"W","spd_over_grnd":"10.07","true_course":"226.572311","datestamp":"010115","mag_variation":"","mag_var_dir":""}
{"timestamp":"090825","status":"A","lat":"5001.897","lat_dir":"N","lon":"01000.585","lon_dir":"W","spd_over_grnd":"10.07","true_course":"227.184570","datestamp":"010115","mag_variation":"","mag_var_dir":""}
{"timestamp":"090827","status":"A","lat":"5001.894","lat_dir":"N","lon":"01000.589","lon_dir":"W","spd_over_grnd":"10.07","true_course":"228.285461","datestamp":"010115","mag_variation":"","mag_var_dir":""}
{"timestamp":"090828","status":"A","lat":"5001.891","lat_dir":"N","lon":"01000.594","lon_dir":"W","spd_over_grnd":"10.07","true_course":"228.469696","datestamp":"010115","mag_variation":"","mag_var_dir":""}
{"timestamp":"090830","status":"A","lat":"5001.888","lat_dir":"N","lon":"01000.599","lon_dir":"W","spd_over_grnd":"10.07","true_course":"227.550293","datestamp":"010115","mag_variation":"","mag_var_dir":""}
{"timestamp":"090832","status":"A","lat":"5001.885","lat_dir":"N","lon":"01000.604","lon_dir":"W","spd_over_grnd":"10.07","true_course":"226.724731","datestamp":"010115","mag_variation":"","mag_var_dir":""}
{"timestamp":"090833","status":"A","lat":"5001.882","lat_dir":"N","lon":"01000.609","lon_dir":"W","spd_over_grnd":"10.07","true_course":"227.095947","datestamp":"010115","mag_variation":"","mag_var_dir":""}
{"timestamp":"090835","status":"A","lat":"5001.879","lat_dir":"N","lon":"01000.615","lon_dir":"W","spd_over_grnd":"10.07","true_course":"228.258499","datestamp":"010115","mag_variation":"","mag_var_dir":""}
{"timestamp":"090836","status":"A","lat":"5001.876","lat_dir":"N","lon":"01000.620","lon_dir":"W","spd_over_grnd":"10.07","true_course":"228.762680","datestamp":"010115","mag_variation":"","mag_var_dir":""}
{"timestamp":"090838","status":"A","lat":"5001.873","lat_dir":"N","lon":"01000.625","lon_dir":"W","spd_over_grnd":"10.07","true_course":"228.017548","datestamp":"010115","mag_variation":"","mag_var_dir":""}
{"timestamp":"090839","status":"A","lat":"5001.870","lat_dir":"N","lon":"01000.630","lon_dir":"W","spd_over_grnd":"10.07","true_course":"226.892181","datestamp":"010115","mag_variation":"","mag_var_dir":""}
{"timestamp":"090841","status":"A","lat":"5001.867","lat_dir":"N","lon":"01000.635","lon_dir":"W","spd_over_grnd":"10.07","true_course":"226.936707","datestamp":"010115","mag_variation":"","mag_var_dir":""}
{"timestamp":"090842","status":"A","lat":"5001.865","lat_dir":"N","lon":"01000.640","lon_dir":"W","spd_over_grnd":"10.07","true_course":"227.970169","datestamp":"010115","mag_variation":"","mag_var_dir":""}
{"timestamp":"090844","status":"A","lat":"5001.862","lat_dir":"N","lon":"01000.645","lon_dir":"W","spd_over_grnd":"10.07","true_course":"228.700241","datestamp":"010115","mag_variation":"","mag_var_dir":""}
{"timestamp":"090845","status":"A","lat":"5001.859","lat_dir":"N","lon":"01000.650","lon_dir":"W","spd_over_grnd":"10.07","true_course":"228.199295","datestamp":"010115","mag_variation":"","mag_var_dir":""}
{"timestamp":"090847","status":"A","lat":"5001.856","lat_dir":"N","lon":"01000.655","lon_dir":"W","spd_over_grnd":"10.07","true_course":"227.163925","datestamp":"010115","mag_variation":"","mag_var_dir":""}
{"timestamp":"090848","status":"A","lat":"5001.853","lat_dir":"N","lon":"01000.659","lon_dir":"W","spd_over_grnd":"10.07","true_course":"226.700882","datestamp":"010115","mag_variation":"","mag_var_dir":""}
{"timestamp":"090850","status":"A","lat":"5001.850","lat_dir":"N","lon":"01000.664","lon_dir":"W","spd_over_grnd":"10.07","true_course":"227.593887","datestamp":"010115","mag_variation":"","mag_var_dir":""}
{"timestamp":"090851","status":"A","lat":"5001.847","lat_dir":"N","lon":"01000.669","lon_dir":"W","spd_over_grnd":"10.07","true_course":"228.741776","datestamp":"010115","mag_variation":"","mag_var_dir":""}
{"timestamp":"090853","status":"A","lat":"5001.845","lat_dir":"N","lon":"01000.674","lon_dir":"W","spd_over_grnd":"10.07","true_course":"228.699097","datestamp":"010115","mag_variation":"","mag_var_dir":""}
{"timestamp":"090854","status":"A","lat":"5001.842","lat_dir":"N","lon":"01000.679","lon_dir":"W","spd_over_grnd":"10.07","true_course":"227.658722","datestamp":"010115","mag_variation":"","mag_var_dir":""}
{"timestamp":"090856","status":"A","lat":"5001.839","lat_dir":"N","lon":"01000.684","lon_dir":"W","spd_over_grnd":"10.07","true_course":"226.981857","datestamp":"010115","mag_variation":"","mag_var_dir":""}
{"timestamp":"090857","status":"A","lat":"5001.836","lat_dir":"N","lon":"01000.689","lon_dir":"W","spd_over_grnd":"10.07","true_course":"227.499664","datestamp":"010115","mag_variation":"","mag_var_dir":""}
{"timestamp":"090859","status":"A","lat":"5001.833","lat_dir":"N","lon":"01000.694","lon_dir":"W","spd_over_grnd":"10.07","true_course":"228.743118","datestamp":"010115","mag_variation":"","mag_var_dir":""}
{"timestamp":"090900","status":"A","lat":"5001.830","lat_dir":"N","lon":"01000.699","lon_dir":"W","spd_over_grnd":"10.07","true_course":"228.986908","datestamp":"010115","mag_variation":"","mag_var_dir":""}
{"timestamp":"090902","status":"A","lat":"5001.827","lat_dir":"N","lon":"01000.704","lon_dir":"W","spd_over_grnd":"10.07","true_course":"228.253220","datestamp":"010115","mag_variation":"","mag_var_dir":""}
{"timestamp":"090903","status":"A","lat":"5001.824","lat_dir":"N","lon":"01000.709","lon_dir":"W","spd_over_grnd":"10.07","true_course":"227.281860","datestamp":"010115","mag_variation":"","mag_var_dir":""}
{"timestamp":"090905","status":"A","lat":"5001.821","lat_dir":"N","lon":"01000.714","lon_dir":"W","spd_over_grnd":"10.07","true_course":"227.443558","datestamp":"010115","mag_variation":"","mag_var_dir":""}
{"timestamp":"090906","status":"A","lat":"5001.818","lat_dir":"N","lon":"01000.719","lon_dir":"W","spd_over_grnd":"10.07","true_course":"228.454529","datestamp":"010115","mag_variation":"","mag_var_dir":""}
{"timestamp":"090908","status":"A","lat":"5001.816","lat_dir":"N","lon":"01000.724","lon_dir":"W","spd_over_grnd":"10.07","true_course":"229.121719","datestamp":"010115","mag_variation":"","mag_var_dir":""}
{"timestamp":"090909","status":"A","lat":"5001.813","lat_dir":"N","lon":"01000.729","lon_dir":"W","spd_over_grnd":"10.07","true_course":"228.570892","datestamp":"010115","mag_variation":"","mag_var_dir":""}
{"timestamp":"090911","status":"A","lat":"5001.810","lat_dir":"N","lon":"01000.734","lon_dir":"W","spd_over_grnd":"10.07","true_course":"227.514954","datestamp":"010115","mag_variation":"","mag_var_dir":""}
{"timestamp":"090912","status":"A","lat":"5001.807","lat_dir":"N","lon":"01000.739","lon_dir":"W","spd_over_grnd":"10.07","true_course":"227.237625","datestamp":"010115","mag_variation":"","mag_var_dir":""}
{"timestamp":"090914","status":"A","lat":"5001.804","lat_dir":"N","lon":"01000.744","lon_dir":"W","spd_over_grnd":"10.07","true_course":"228.209412","datestamp":"010115","mag_variation":"","mag_var_dir":""}
{"timestamp":"090915","status":"A","lat":"5001.801","lat_dir":"N","lon":"01000.749","lon_dir":"W","spd_over_grnd":"10.07","true_course":"229.025726","datestamp":"010115","mag_variation":"","mag_var_dir":""}
{"timestamp":"090917","status":"A","lat":"5001.799","lat_dir":"N","lon":"01000.754","lon_dir":"W","spd_over_grnd":"10.07","true_course":"228.766312","datestamp":"010115","mag_variation":"","mag_var_dir":""}
{"timestamp":"090918","status":"A","lat":"5001.796","lat_dir":"N","lon":"01000.759","lon_dir":"W","spd_over_grnd":"10.07","true_course":"227.730820","datestamp":"010115","mag_variation":"","mag_var_dir":""}
{"timestamp":"090920","status":"A","lat":"5001.793","lat_dir":"N","lon":"01000.764","lon_dir":"W","spd_over_grnd":"10.07","true_course":"227.139008","datestamp":"010115","mag_variation":"","mag_var_dir":""}
{"timestamp":"090921","status":"A","lat":"5001.790","lat_dir":"N","lon":"01000.769","lon_dir":"W","spd_over_grnd":"10.07","true_course":"227.783066","datestamp":"010115","mag_variation":"","mag_var_dir":""}
{"timestamp":"090923","status":"A","lat":"5001.787","lat_dir":"N","lon":"01000.774","lon_dir":"W","spd_over_grnd":"10.07","true_course":"229.007767","datestamp":"010115","mag_variation":"","mag_var_dir":""}
{"timestamp":"090925","status":"A","lat":"5001.784","lat_dir":"N","lon":"01000.779","lon_dir":"W","spd_over_grnd":"10.07","true_course":"229.231827","datestamp":"010115","mag_variation":"","mag_var_dir":""}
{"timestamp":"090926","status":"A","lat":"5001.781","lat_dir":"N","lon":"01000.784","lon_dir":"W","spd_over_grnd":"10.07","true_course":"228.239288","datestamp":"010115","mag_variation":"","mag_var_dir":""}
{"timestamp":"090928","status":"A","lat":"5001.778","lat_dir":"N","lon":"01000.789","lon_dir":"W","spd_over_grnd":"10.07","true_course":"227.376892","datestamp":"010115","mag_variation":"","mag_var_dir":""}
{"timestamp":"090929","status":"A","lat":"5001.775","lat_dir":"N","lon":"01000.794","lon_dir":"W","spd_over_grnd":"10.07","true_course":"227.676819","datestamp":"010115","mag_variation":"","mag_var_dir":""}
{"timestamp":"090931","status":"A","lat":"5001.772","lat_dir":"N","lon":"01000.799","lon_dir":"W","spd_over_grnd":"10.07","true_course":"228.886551","datestamp":"010115","mag_variation":"","mag_var_dir":""}
{"timestamp":"090932","status":"A","lat":"5001.769","lat_dir":"N","lon":"01000.805","lon_dir":"W","spd_over_grnd":"10.07","true_course":"229.381302","datestamp":"010115","mag_variation":"","mag_var_dir":""}
{"timestamp":"090934","status":"A","lat":"5001.767","lat_dir":"N","lon":"01000.810","lon_dir":"W","spd_over_grnd":"10.07","true_course":"228.533264","datestamp":"010115","mag_variation":"","mag_var_dir":""}
{"timestamp":"090935","status":"A","lat":"5001.764","lat_dir":"N","lon":"01000.815","lon_dir":"W","spd_over_grnd":"10.07","true_course":"227.570740","datestamp":"010115","mag_variation":"","mag_var_dir":""}
{"timestamp":"090937","status":"A","lat":"5001.761","lat_dir":"N","lon":"01000.820","lon_dir":"W","spd_over_grnd":"10.07","true_course":"227.465073","datestamp":"010115","mag_variation":"","mag_var_dir":""}
{"timestamp":"090938","status":"A","lat":"5001.758","lat_dir":"N","lon":"01000.825","lon_dir":"W","spd_over_grnd":"10.07","true_course":"228.500977","datestamp":"010115","mag_variation":"","mag_var_dir":""}
{"timestamp":"090940","status":"A","lat":"5001.755","lat_dir":"N","lon":"01000.830","lon_dir":"W","spd_over_grnd":"10.07","true_course":"229.260361","datestamp":"010115","mag_variation":"","mag_var_dir":""}
{"timestamp":"090941","status":"A","lat":"5001.752","lat_dir":"N","lon":"01000.835","lon_dir":"W","spd_over_grnd":"10.07","true_course":"228.804779","datestamp":"010115","mag_variation":"","mag_var_dir":""}
{"timestamp":"090943","status":"A","lat":"5001.749","lat_dir":"N","lon":"01000.840","lon_dir":"W","spd_over_grnd":"10.07","true_course":"227.560898","datestamp":"010115","mag_variation":"","mag_var_dir":""}
{"timestamp":"090944","status":"A","lat":"5001.746","lat_dir":"N","lon":"01000.845","lon_dir":"W","spd_over_grnd":"10.07","true_course":"227.130524","datestamp":"010115","mag_variation":"","mag_var_dir":""}
{"timestamp":"090946","status":"A","lat":"5001.743","lat_dir":"N","lon":"01000.850","lon_dir":"W","spd_over_grnd":"10.07","true_course":"227.884689","datestamp":"010115","mag_variation":"","mag_var_dir":""}
{"timestamp":"090947","status":"A","lat":"5001.741","lat_dir":"N","lon":"01000.855","lon_dir":"W","spd_over_grnd":"10.07","true_course":"228.872391","datestamp":"010115","mag_variation":"","mag_var_dir":""}
{"timestamp":"090949","status":"A","lat":"5001.738","lat_dir":"N","lon":"01000.860","lon_dir":"W","spd_over_grnd":"10.07","true_course":"228.713745","datestamp":"010115","mag_variation":"","mag_var_dir":""}
{"timestamp":"090950","status":"A","lat":"5001.735","lat_dir":"N","lon":"01000.865","lon_dir":"W","spd_over_grnd":"10.07","true_course":"227.834824","datestamp":"010115","mag_variation":"","mag_var_dir":""}
{"timestamp":"090952","status":"A","lat":"5001.732","lat_dir":"N","lon":"01000.870","lon_dir":"W","spd_over_grnd":"10.07","true_course":"227.059845","datestamp":"010115","mag_variation":"","mag_var_dir":""}
{"timestamp":"090953","status":"A","lat":"5001.729","lat_dir":"N","lon":"01000.875","lon_dir":"W","spd_over_grnd":"10.07","true_course":"227.583740","datestamp":"010115","mag_variation":"","mag_var_dir":""}
{"timestamp":"090955","status":"A","lat":"5001.726","lat_dir":"N","lon":"01000.880","lon_dir":"W","spd_over_grnd":"10.07","true_course":"228.653427","datestamp":"010115","mag_variation":"","mag_var_dir":""}
{"timestamp":"090956","status":"A","lat":"5001.723","lat_dir":"N","lon":"01000.885","lon_dir":"W","spd_over_grnd":"10.07","true_course":"228.900681","datestamp":"010115","mag_variation":"","mag_var_dir":""}
{"timestamp":"090958","status":"A","lat":"5001.721","lat_dir":"N","lon":"01000.890","lon_dir":"W","spd_over_grnd":"10.07","true_course":"227.912598","datestamp":"010115","mag_variation":"","mag_var_dir":""}
{"timestamp":"090959","status":"A","lat":"5001.718","lat_dir":"N","lon":"01000.895","lon_dir":"W","spd_over_grnd":"10.07","true_course":"226.951889","datestamp":"010115","mag_variation":"","mag_var_dir":""}
{"timestamp":"091001","status":"A","lat":"5001.715","lat_dir":"N","lon":"01000.900","lon_dir":"W","spd_over_grnd":"10.07","true_course":"227.193771","datestamp":"010115","mag_variation":"","mag_var_dir":""}
{"timestamp":"091002","status":"A","lat":"5001.712","lat_dir":"N","lon":"01000.905","lon_dir":"W","spd_over_grnd":"10.07","true_course":"228.309937","datestamp":"010115","mag_variation":"","mag_var_dir":""}
{"timestamp":"091004","status":"A","lat":"5001.709","lat_dir":"N","lon":"01000.910","lon_dir":"W","spd_over_grnd":"10.07","true_course":"228.904465","datestamp":"010115","mag_variation":"","mag_var_dir":""}
{"timestamp":"091006","status":"A","lat":"5001.706","lat_dir":"N","lon":"01000.915","lon_dir":"W","spd_over_grnd":"10.07","true_course":"228.222992","datestamp":"010115","mag_variation":"","mag_var_dir":""}
{"timestamp":"091007","status":"A","lat":"5001.703","lat_dir":"N","lon":"01000.920","lon_dir":"W","spd_over_grnd":"10.07","true_course":"227.137039","datestamp":"010115","mag_variation":"","mag_var_dir":""}
{"timestamp":"091009","status":"A","lat":"5001.700","lat_dir":"N","lon":"01000.925","lon_dir":"W","spd_over_grnd":"10.07","true_course":"226.995621","datestamp":"010115","mag_variation":"","mag_var_dir":""}
{"timestamp":"091010","status":"A","lat":"5001.697","lat_dir":"N","lon":"01000.930","lon_dir":"W","spd_over_grnd":"10.07","true_course":"227.807083","datestamp":"010115","mag_variation":"","mag_var_dir":""}
{"timestamp":"091012","status":"A","lat":"5001.694","lat_dir":"N","lon":"01000.935","lon_dir":"W","spd_over_grnd":"10.07","true_course":"228.703934","datestamp":"010115","mag_variation":"","mag_var_dir":""}
{"timestamp":"091013","status":"A","lat":"5001.691","lat_dir":"N","lon":"01000.940","lon_dir":"W","spd_over_grnd":"10.07","true_course":"228.411301","datestamp":"010115","mag_variation":"","mag_var_dir":""}
{"timestamp":"091015","status":"A","lat":"5001.689","lat_dir":"N","lon":"01000.945","lon_dir":"W","spd_over_grnd":"10.07","true_course":"227.321228","datestamp":"010115","mag_variation":"","mag_var_dir":""}
{"timestamp":"091016","status":"A","lat":"5001.686","lat_dir":"N","lon":"01000.950","lon_dir":"W","spd_over_grnd":"10.07","true_course":"226.807556","datestamp":"010115","mag_variation":"","mag_var_dir":""}
{"timestamp":"091018","status":"A","lat":"5001.683","lat_dir":"N","lon":"01000.955","lon_dir":"W","spd_over_grnd":"10.07","true_course":"227.429062","datestamp":"010115","mag_variation":"","mag_var_dir":""}
{"timestamp":"091019","status":"A","lat":"5001.680","lat_dir":"N","lon":"01000.960","lon_dir":"W","spd_over_grnd":"10.07","true_course":"228.461609","datestamp":"010115","mag_variation":"","mag_var_dir":""}
{"timestamp":"091021","status":"A","lat":"5001.677","lat_dir":"N","lon":"01000.965","lon_dir":"W","spd_over_grnd":"10.07","true_course":"228.565125","datestamp":"010115","mag_variation":"","mag_var_dir":""}
{"timestamp":"091022","status":"A","lat":"5001.674","lat_dir":"N","lon":"01000.970","lon_dir":"W","spd_over_grnd":"10.07","true_course":"227.615707","datestamp":"010115","mag_variation":"","mag_var_dir":""}
{"timestamp":"091024","status":"A","lat":"5001.671","lat_dir":"N","lon":"01000.974","lon_dir":"W","spd_over_grnd":"10.07","true_course":"226.848358","datestamp":"010115","mag_variation":"","mag_var_dir":""}
{"timestamp":"091025","status":"A","lat":"5001.668","lat_dir":"N","lon":"01000.979","lon_dir":"W","spd_over_grnd":"10.07","true_course":"227.169434","datestamp":"010115","mag_variation":"","mag_var_dir":""}
{"timestamp":"091027","status":"A","lat":"5001.665","lat_dir":"N","lon":"01000.984","lon_dir":"W","spd_over_grnd":"10.07","true_course":"228.262085","datestamp":"010115","mag_variation":"","mag_var_dir":""}
{"timestamp":"091028","status":"A","lat":"5001.662","lat_dir":"N","lon":"01000.989","lon_dir":"W","spd_over_grnd":"10.07","true_course":"228.763245","datestamp":"010115","mag_variation":"","mag_var_dir":""}
{"timestamp":"091030","status":"A","lat":"5001.660","lat_dir":"N","lon":"01000.994","lon_dir":"W","spd_over_grnd":"10.07","true_course":"228.073380","datestamp":"010115","mag_variation":"","mag_var_dir":""}
{"timestamp":"091031","status":"A","lat":"5001.657","lat_dir":"N","lon":"01000.999","lon_dir":"W","spd_over_grnd":"10.07","true_course":"226.957016","datestamp":"010115","mag_variation":"","mag_var_dir":""}
{"timestamp":"091033","status":"A","lat":"5001.654","lat_dir":"N","lon":"01001.004","lon_dir":"W","spd_over_grnd":"10.07","true_course":"226.952103","datestamp":"010115","mag_variation":"","mag_var_dir":""}
{"timestamp":"091034","status":"A","lat":"5001.651","lat_dir":"N","lon":"01001.010","lon_dir":"W","spd_over_grnd":"10.07","true_course":"228.092438","datestamp":"010115","mag_variation":"","mag_var_dir":""}
{"timestamp":"091036","status":"A","lat":"5001.648","lat_dir":"N","lon":"01001.015","lon_dir":"W","spd_over_grnd":"10.07","true_course":"228.732651","datestamp":"010115","mag_variation":"","mag_var_dir":""}
{"timestamp":"091038","status":"A","lat":"5001.645","lat_dir":"N","lon":"01001.020","lon_dir":"W","spd_over_grnd":"10.07","true_course":"228.058060","datestamp":"010115","mag_variation":"","mag_var_dir":""}
{"timestamp":"091039","status":"A","lat":"5001.642","lat_dir":"N","lon":"01001.025","lon_dir":"W","spd_over_grnd":"10.07","true_course":"226.930389","datestamp":"010115","mag_variation":"","mag_var_dir":""}
{"timestamp":"091041","status":"A","lat":"5001.639","lat_dir":"N","lon":"01001.030","lon_dir":"W","spd_over_grnd":"10.07","true_course":"226.989716","datestamp":"010115","mag_variation":"","mag_var_dir":""}
{"timestamp":"091042","status":"A","lat":"5001.636","lat_dir":"N","lon":"01001.035","lon_dir":"W","spd_over_grnd":"10.07","true_course":"227.981064","datestamp":"010115","mag_variation":"","mag_var_dir":""}
{"timestamp":"091044","status":"A","lat":"5001.633","lat_dir":"N","lon":"01001.040","lon_dir":"W","spd_over_grnd":"10.07","true_course":"228.704910","datestamp":"010115","mag_variation":"","mag_var_dir":""}
{"timestamp":"091045","status":"A","lat":"5001.630","lat_dir":"N","lon":"01001.045","lon_dir":"W","spd_over_grnd":"10.07","true_course":"228.209915","datestamp":"010115","mag_variation":"","mag_var_dir":""}
{"timestamp":"091047","status":"A","lat":"5001.627","lat_dir":"N","lon":"01001.050","lon_dir":"W","spd_over_grnd":"10.07","true_course":"226.960602","datestamp":"010115","mag_variation":"","mag_var_dir":""}
{"timestamp":"091048","status":"A","lat":"5001.624","lat_dir":"N","lon":"01001.055","lon_dir":"W","spd_over_grnd":"10.07","true_course":"226.579086","datestamp":"010115","mag_variation":"","mag_var_dir":""}
{"timestamp":"091050","status":"A","lat":"5001.621","lat_dir":"N","lon":"01001.060","lon_dir":"W","spd_over_grnd":"10.07","true_course":"227.420120","datestamp":"010115","mag_variation":"","mag_var_dir":""}
{"timestamp":"091051","status":"A","lat":"5001.618","lat_dir":"N","lon":"01001.065","lon_dir":"W","spd_over_grnd":"10.07","true_course":"228.297562","datestamp":"010115","mag_variation":"","mag_var_dir":""}
{"timestamp":"091053","status":"A","lat":"5001.615","lat_dir":"N","lon":"01001.070","lon_dir":"W","spd_over_grnd":"10.07","true_course":"228.199356","datestamp":"010115","mag_variation":"","mag_var_dir":""}
{"timestamp":"091054","status":"A","lat":"5001.612","lat_dir":"N","lon":"01001.075","lon_dir":"W","spd_over_grnd":"10.07","true_course":"227.181671","datestamp":"010115","mag_variation":"","mag_var_dir":""}
{"timestamp":"091056","status":"A","lat":"5001.609","lat_dir":"N","lon":"01001.080","lon_dir":"W","spd_over_grnd":"10.07","true_course":"226.522705","datestamp":"010115","mag_variation":"","mag_var_dir":""}
{"timestamp":"091057","status":"A","lat":"5001.607","lat_dir":"N","lon":"01001.085","lon_dir":"W","spd_over_grnd":"10.07","true_course":"227.121140","datestamp":"010115","mag_variation":"","mag_var_dir":""}
{"timestamp":"091059","status":"A","lat":"5001.604","lat_dir":"N","lon":"01001.090","lon_dir":"W","spd_over_grnd":"10.07","true_course":"228.285843","datestamp":"010115","mag_variation":"","mag_var_dir":""}
