{"timestamp":"100047","status":"A","lat":"5000.849","lat_dir":"N","lon":"00952.532","lon_dir":"W","spd_over_grnd":"10.28","true_course":"136.225967","datestamp":"010115","mag_variation":"","mag_var_dir":""}
{"timestamp":"100049","status":"A","lat":"5000.845","lat_dir":"N","lon":"00952.528","lon_dir":"W","spd_over_grnd":"10.19","true_course":"136.396561","datestamp":"010115","mag_variation":"","mag_var_dir":""}
{"timestamp":"100050","status":"A","lat":"5000.842","lat_dir":"N","lon":"00952.523","lon_dir":"W","spd_over_grnd":"10.11","true_course":"137.797485","datestamp":"010115","mag_variation":"","mag_var_dir":""}
{"timestamp":"100052","status":"A","lat":"5000.839","lat_dir":"N","lon":"00952.518","lon_dir":"W","spd_over_grnd":"10.04","true_course":"139.064331","datestamp":"010115","mag_variation":"","mag_var_dir":""}
{"timestamp":"100053","status":"A","lat":"5000.836","lat_dir":"N","lon":"00952.514","lon_dir":"W","spd_over_grnd":"9.97","true_course":"139.101883","datestamp":"010115","mag_variation":"","mag_var_dir":""}
{"timestamp":"100055","status":"A","lat":"5000.833","lat_dir":"N","lon":"00952.510","lon_dir":"W","spd_over_grnd":"9.91","true_course":"138.445877","datestamp":"010115","mag_variation":"","mag_var_dir":""}
{"timestamp":"100056","status":"A","lat":"5000.829","lat_dir":"N","lon":"00952.505","lon_dir":"W","spd_over_grnd":"9.86","true_course":"138.329086","datestamp":"010115","mag_variation":"","mag_var_dir":""}
{"timestamp":"100058","status":"A","lat":"5000.826","lat_dir":"N","lon":"00952.501","lon_dir":"W","spd_over_grnd":"9.81","true_course":"139.467392","datestamp":"010115","mag_variation":"","mag_var_dir":""}
{"timestamp":"100059","status":"A","lat":"5000.823","lat_dir":"N","lon":"00952.497","lon_dir":"W","spd_over_grnd":"9.76","true_course":"140.902756","datestamp":"010115","mag_variation":"","mag_var_dir":""}
{"timestamp":"100101","status":"A","lat":"5000.820","lat_dir":"N","lon":"00952.493","lon_dir":"W","spd_over_grnd":"9.72","true_course":"141.434570","datestamp":"010115","mag_variation":"","mag_var_dir":""}
{"timestamp":"100102","status":"A","lat":"5000.816","lat_dir":"N","lon":"00952.489","lon_dir":"W","spd_over_grnd":"9.68","true_course":"140.931747","datestamp":"010115","mag_variation":"","mag_var_dir":""}
{"timestamp":"100104","status":"A","lat":"5000.813","lat_dir":"N","lon":"00952.485","lon_dir":"W","spd_over_grnd":"9.64","true_course":"140.382782","datestamp":"010115","mag_variation":"","mag_var_dir":""}
{"timestamp":"100105","status":"A","lat":"5000.810","lat_dir":"N","lon":"00952.480","lon_dir":"W","spd_over_grnd":"9.61","true_course":"141.080353","datestamp":"010115","mag_variation":"","mag_var_dir":""}
{"timestamp":"100107","status":"A","lat":"5000.807","lat_dir":"N","lon":"00952.476","lon_dir":"W","spd_over_grnd":"9.58","true_course":"142.540939","datestamp":"010115","mag_variation":"","mag_var_dir":""}
{"timestamp":"100108","status":"A","lat":"5000.803","lat_dir":"N","lon":"00952.473","lon_dir":"W","spd_over_grnd":"9.55","true_course":"143.478333","datestamp":"010115","mag_variation":"","mag_var_dir":""}
{"timestamp":"100110","status":"A","lat":"5000.800","lat_dir":"N","lon":"00952.469","lon_dir":"W","spd_over_grnd":"9.53","true_course":"143.190460","datestamp":"010115","mag_variation":"","mag_var_dir":""}
{"timestamp":"100111","status":"A","lat":"5000.797","lat_dir":"N","lon":"00952.465","lon_dir":"W","spd_over_grnd":"9.50","true_course":"142.553284","datestamp":"010115","mag_variation":"","mag_var_dir":""}
{"timestamp":"100113","status":"A","lat":"5000.794","lat_dir":"N","lon":"00952.461","lon_dir":"W","spd_over_grnd":"9.48","true_course":"142.918060","datestamp":"010115","mag_variation":"","mag_var_dir":""}
{"timestamp":"100114","status":"A","lat":"5000.790","lat_dir":"N","lon":"00952.457","lon_dir":"W","spd_over_grnd":"9.46","true_course":"144.307526","datestamp":"010115","mag_variation":"","mag_var_dir":""}
{"timestamp":"100116","status":"A","lat":"5000.787","lat_dir":"N","lon":"00952.454","lon_dir":"W","spd_over_grnd":"9.45","true_course":"145.546082","datestamp":"010115","mag_variation":"","mag_var_dir":""}
{"timestamp":"100117","status":"A","lat":"5000.783","lat_dir":"N","lon":"00952.450","lon_dir":"W","spd_over_grnd":"9.43","true_course":"145.630890","datestamp":"010115","mag_variation":"","mag_var_dir":""}
{"timestamp":"100119","status":"A","lat":"5000.780","lat_dir":"N","lon":"00952.446","lon_dir":"W","spd_over_grnd":"9.42","true_course":"144.874268","datestamp":"010115","mag_variation":"","mag_var_dir":""}
{"timestamp":"100120","status":"A","lat":"5000.777","lat_dir":"N","lon":"00952.443","lon_dir":"W","spd_over_grnd":"9.40","true_course":"144.745819","datestamp":"010115","mag_variation":"","mag_var_dir":""}
{"timestamp":"100122","status":"A","lat":"5000.774","lat_dir":"N","lon":"00952.439","lon_dir":"W","spd_over_grnd":"9.39","true_course":"145.899673","datestamp":"010115","mag_variation":"","mag_var_dir":""}
{"timestamp":"100123","status":"A","lat":"5000.770","lat_dir":"N","lon":"00952.436","lon_dir":"W","spd_over_grnd":"9.38","true_course":"147.326508","datestamp":"010115","mag_variation":"","mag_var_dir":""}
{"timestamp":"100125","status":"A","lat":"5000.767","lat_dir":"N","lon":"00952.432","lon_dir":"W","spd_over_grnd":"9.37","true_course":"147.922913","datestamp":"010115","mag_variation":"","mag_var_dir":""}
{"timestamp":"100126","status":"A","lat":"5000.764","lat_dir":"N","lon":"00952.429","lon_dir":"W","spd_over_grnd":"9.36","true_course":"147.497620","datestamp":"010115","mag_variation":"","mag_var_dir":""}
{"timestamp":"100127","status":"A","lat":"5000.760","lat_dir":"N","lon":"00952.426","lon_dir":"W","spd_over_grnd":"9.35","true_course":"147.049820","datestamp":"010115","mag_variation":"","mag_var_dir":""}
{"timestamp":"100129","status":"A","lat":"5000.757","lat_dir":"N","lon":"00952.422","lon_dir":"W","spd_over_grnd":"9.34","true_course":"147.677856","datestamp":"010115","mag_variation":"","mag_var_dir":""}
{"timestamp":"100131","status":"A","lat":"5000.753","lat_dir":"N","lon":"00952.419","lon_dir":"W","spd_over_grnd":"9.33","true_course":"149.269165","datestamp":"010115","mag_variation":"","mag_var_dir":""}
{"timestamp":"100132","status":"A","lat":"5000.750","lat_dir":"N","lon":"00952.416","lon_dir":"W","spd_over_grnd":"9.33","true_course":"150.237747","datestamp":"010115","mag_variation":"","mag_var_dir":""}
{"timestamp":"100134","status":"A","lat":"5000.746","lat_dir":"N","lon":"00952.413","lon_dir":"W","spd_over_grnd":"9.32","true_course":"149.986389","datestamp":"010115","mag_variation":"","mag_var_dir":""}
{"timestamp":"100135","status":"A","lat":"5000.742","lat_dir":"N","lon":"00952.409","lon_dir":"W","spd_over_grnd":"9.32","true_course":"149.299957","datestamp":"010115","mag_variation":"","mag_var_dir":""}
{"timestamp":"100137","status":"A","lat":"5000.739","lat_dir":"N","lon":"00952.406","lon_dir":"W","spd_over_grnd":"9.31","true_course":"149.650787","datestamp":"010115","mag_variation":"","mag_var_dir":""}
{"timestamp":"100138","status":"A","lat":"5000.735","lat_dir":"N","lon":"00952.403","lon_dir":"W","spd_over_grnd":"9.31","true_course":"151.060333","datestamp":"010115","mag_variation":"","mag_var_dir":""}
{"timestamp":"100140","status":"A","lat":"5000.732","lat_dir":"N","lon":"00952.400","lon_dir":"W","spd_over_grnd":"9.30","true_course":"152.334717","datestamp":"010115","mag_variation":"","mag_var_dir":""}
{"timestamp":"100141","status":"A","lat":"5000.728","lat_dir":"N","lon":"00952.397","lon_dir":"W","spd_over_grnd":"9.30","true_course":"152.415115","datestamp":"010115","mag_variation":"","mag_var_dir":""}
{"timestamp":"100143","status":"A","lat":"5000.725","lat_dir":"N","lon":"00952.394","lon_dir":"W","spd_over_grnd":"9.29","true_course":"151.634308","datestamp":"010115","mag_variation":"","mag_var_dir":""}
{"timestamp":"100144","status":"A","lat":"5000.721","lat_dir":"N","lon":"00952.391","lon_dir":"W","spd_over_grnd":"9.29","true_course":"151.574921","datestamp":"010115","mag_variation":"","mag_var_dir":""}
{"timestamp":"100146","status":"A","lat":"5000.718","lat_dir":"N","lon":"00952.388","lon_dir":"W","spd_over_grnd":"9.29","true_course":"152.788513","datestamp":"010115","mag_variation":"","mag_var_dir":""}
{"timestamp":"100147","status":"A","lat":"5000.714","lat_dir":"N","lon":"00952.385","lon_dir":"W","spd_over_grnd":"9.28","true_course":"154.512756","datestamp":"010115","mag_variation":"","mag_var_dir":""}
{"timestamp":"100149","status":"A","lat":"5000.710","lat_dir":"N","lon":"00952.383","lon_dir":"W","spd_over_grnd":"9.28","true_course":"154.968704","datestamp":"010115","mag_variation":"","mag_var_dir":""}
{"timestamp":"100150","status":"A","lat":"5000.707","lat_dir":"N","lon":"00952.380","lon_dir":"W","spd_over_grnd":"9.28","true_course":"154.428116","datestamp":"010115","mag_variation":"","mag_var_dir":""}
{"timestamp":"100152","status":"A","lat":"5000.703","lat_dir":"N","lon":"00952.377","lon_dir":"W","spd_over_grnd":"9.28","true_course":"154.164047","datestamp":"010115","mag_variation":"","mag_var_dir":""}
{"timestamp":"100153","status":"A","lat":"5000.699","lat_dir":"N","lon":"00952.374","lon_dir":"W","spd_over_grnd":"9.27","true_course":"155.079330","datestamp":"010115","mag_variation":"","mag_var_dir":""}
{"timestamp":"100155","status":"A","lat":"5000.695","lat_dir":"N","lon":"00952.372","lon_dir":"W","spd_over_grnd":"9.27","true_course":"156.725342","datestamp":"010115","mag_variation":"","mag_var_dir":""}
{"timestamp":"100156","status":"A","lat":"5000.692","lat_dir":"N","lon":"00952.369","lon_dir":"W","spd_over_grnd":"9.27","true_course":"157.496445","datestamp":"010115","mag_variation":"","mag_var_dir":""}
{"timestamp":"100158","status":"A","lat":"5000.688","lat_dir":"N","lon":"00952.367","lon_dir":"W","spd_over_grnd":"9.27","true_course":"157.082886","datestamp":"010115","mag_variation":"","mag_var_dir":""}
{"timestamp":"100159","status":"A","lat":"5000.684","lat_dir":"N","lon":"00952.364","lon_dir":"W","spd_over_grnd":"9.27","true_course":"156.698288","datestamp":"010115","mag_variation":"","mag_var_dir":""}
{"timestamp":"100201","status":"A","lat":"5000.680","lat_dir":"N","lon":"00952.362","lon_dir":"W","spd_over_grnd":"9.27","true_course":"157.223648","datestamp":"010115","mag_variation":"","mag_var_dir":""}
{"timestamp":"100202","status":"A","lat":"5000.677","lat_dir":"N","lon":"00952.360","lon_dir":"W","spd_over_grnd":"9.27","true_course":"158.761658","datestamp":"010115","mag_variation":"","mag_var_dir":""}
{"timestamp":"100204","status":"A","lat":"5000.673","lat_dir":"N","lon":"00952.357","lon_dir":"W","spd_over_grnd":"9.26","true_course":"159.818039","datestamp":"010115","mag_variation":"","mag_var_dir":""}
{"timestamp":"100205","status":"A","lat":"5000.669","lat_dir":"N","lon":"00952.355","lon_dir":"W","spd_over_grnd":"9.26","true_course":"159.733002","datestamp":"010115","mag_variation":"","mag_var_dir":""}
{"timestamp":"100207","status":"A","lat":"5000.665","lat_dir":"N","lon":"00952.353","lon_dir":"W","spd_over_grnd":"9.26","true_course":"159.084747","datestamp":"010115","mag_variation":"","mag_var_dir":""}
{"timestamp":"100208","status":"A","lat":"5000.661","lat_dir":"N","lon":"00952.351","lon_dir":"W","spd_over_grnd":"9.26","true_course":"159.284271","datestamp":"010115","mag_variation":"","mag_var_dir":""}
{"timestamp":"100210","status":"A","lat":"5000.658","lat_dir":"N","lon":"00952.348","lon_dir":"W","spd_over_grnd":"9.26","true_course":"160.629974","datestamp":"010115","mag_variation":"","mag_var_dir":""}
{"timestamp":"100212","status":"A","lat":"5000.654","lat_dir":"N","lon":"00952.346","lon_dir":"W","spd_over_grnd":"9.26","true_course":"161.981888","datestamp":"010115","mag_variation":"","mag_var_dir":""}
{"timestamp":"100213","status":"A","lat":"5000.650","lat_dir":"N","lon":"00952.345","lon_dir":"W","spd_over_grnd":"9.26","true_course":"162.095703","datestamp":"010115","mag_variation":"","mag_var_dir":""}
{"timestamp":"100215","status":"A","lat":"5000.646","lat_dir":"N","lon":"00952.343","lon_dir":"W","spd_over_grnd":"9.26","true_course":"161.453979","datestamp":"010115","mag_variation":"","mag_var_dir":""}
{"timestamp":"100216","status":"A","lat":"5000.642","lat_dir":"N","lon":"00952.340","lon_dir":"W","spd_over_grnd":"9.26","true_course":"161.370132","datestamp":"010115","mag_variation":"","mag_var_dir":""}
{"timestamp":"100218","status":"A","lat":"5000.638","lat_dir":"N","lon":"00952.339","lon_dir":"W","spd_over_grnd":"9.26","true_course":"162.460220","datestamp":"010115","mag_variation":"","mag_var_dir":""}
{"timestamp":"100219","status":"A","lat":"5000.634","lat_dir":"N","lon":"00952.337","lon_dir":"W","spd_over_grnd":"9.26","true_course":"163.866379","datestamp":"010115","mag_variation":"","mag_var_dir":""}
{"timestamp":"100221","status":"A","lat":"5000.630","lat_dir":"N","lon":"00952.335","lon_dir":"W","spd_over_grnd":"9.26","true_course":"164.326813","datestamp":"010115","mag_variation":"","mag_var_dir":""}
{"timestamp":"100222","status":"A","lat":"5000.626","lat_dir":"N","lon":"00952.333","lon_dir":"W","spd_over_grnd":"9.26","true_course":"163.849518","datestamp":"010115","mag_variation":"","mag_var_dir":""}
{"timestamp":"100224","status":"A","lat":"5000.623","lat_dir":"N","lon":"00952.331","lon_dir":"W","spd_over_grnd":"9.26","true_course":"163.481293","datestamp":"010115","mag_variation":"","mag_var_dir":""}
{"timestamp":"100225","status":"A","lat":"5000.619","lat_dir":"N","lon":"00952.330","lon_dir":"W","spd_over_grnd":"9.26","true_course":"164.413223","datestamp":"010115","mag_variation":"","mag_var_dir":""}
{"timestamp":"100227","status":"A","lat":"5000.615","lat_dir":"N","lon":"00952.328","lon_dir":"W","spd_over_grnd":"9.26","true_course":"165.913452","datestamp":"010115","mag_variation":"","mag_var_dir":""}
{"timestamp":"100228","status":"A","lat":"5000.611","lat_dir":"N","lon":"00952.327","lon_dir":"W","spd_over_grnd":"9.26","true_course":"166.745636","datestamp":"010115","mag_variation":"","mag_var_dir":""}
{"timestamp":"100230","status":"A","lat":"5000.607","lat_dir":"N","lon":"00952.325","lon_dir":"W","spd_over_grnd":"9.26","true_course":"166.199905","datestamp":"010115","mag_variation":"","mag_var_dir":""}
{"timestamp":"100231","status":"A","lat":"5000.603","lat_dir":"N","lon":"00952.324","lon_dir":"W","spd_over_grnd":"9.26","true_course":"165.651627","datestamp":"010115","mag_variation":"","mag_var_dir":""}
{"timestamp":"100233","status":"A","lat":"5000.599","lat_dir":"N","lon":"00952.322","lon_dir":"W","spd_over_grnd":"9.26","true_course":"166.279846","datestamp":"010115","mag_variation":"","mag_var_dir":""}
{"timestamp":"100234","status":"A","lat":"5000.595","lat_dir":"N","lon":"00952.321","lon_dir":"W","spd_over_grnd":"9.26","true_course":"167.847839","datestamp":"010115","mag_variation":"","mag_var_dir":""}
{"timestamp":"100236","status":"A","lat":"5000.591","lat_dir":"N","lon":"00952.319","lon_dir":"W","spd_over_grnd":"9.26","true_course":"168.937164","datestamp":"010115","mag_variation":"","mag_var_dir":""}
{"timestamp":"100237","status":"A","lat":"5000.587","lat_dir":"N","lon":"00952.318","lon_dir":"W","spd_over_grnd":"9.25","true_course":"168.763214","datestamp":"010115","mag_variation":"","mag_var_dir":""}
{"timestamp":"100239","status":"A","lat":"5000.583","lat_dir":"N","lon":"00952.317","lon_dir":"W","spd_over_grnd":"9.25","true_course":"168.110214","datestamp":"010115","mag_variation":"","mag_var_dir":""}
{"timestamp":"100240","status":"A","lat":"5000.579","lat_dir":"N","lon":"00952.316","lon_dir":"W","spd_over_grnd":"9.25","true_course":"168.305283","datestamp":"010115","mag_variation":"","mag_var_dir":""}
{"timestamp":"100242","status":"A","lat":"5000.575","lat_dir":"N","lon":"00952.314","lon_dir":"W","spd_over_grnd":"9.25","true_course":"169.647552","datestamp":"010115","mag_variation":"","mag_var_dir":""}
{"timestamp":"100244","status":"A","lat":"5000.571","lat_dir":"N","lon":"00952.313","lon_dir":"W","spd_over_grnd":"9.25","true_course":"171.000702","datestamp":"010115","mag_variation":"","mag_var_dir":""}
{"timestamp":"100245","status":"A","lat":"5000.567","lat_dir":"N","lon":"00952.312","lon_dir":"W","spd_over_grnd":"9.25","true_course":"171.185760","datestamp":"010115","mag_variation":"","mag_var_dir":""}
{"timestamp":"100247","status":"A","lat":"5000.563","lat_dir":"N","lon":"00952.311","lon_dir":"W","spd_over_grnd":"9.25","true_course":"170.586655","datestamp":"010115","mag_variation":"","mag_var_dir":""}
{"timestamp":"100248","status":"A","lat":"5000.559","lat_dir":"N","lon":"00952.310","lon_dir":"W","spd_over_grnd":"9.25","true_course":"170.533051","datestamp":"010115","mag_variation":"","mag_var_dir":""}
{"timestamp":"100250","status":"A","lat":"5000.555","lat_dir":"N","lon":"00952.309","lon_dir":"W","spd_over_grnd":"9.25","true_course":"171.790649","datestamp":"010115","mag_variation":"","mag_var_dir":""}
{"timestamp":"100251","status":"A","lat":"5000.551","lat_dir":"N","lon":"00952.309","lon_dir":"W","spd_over_grnd":"9.25","true_course":"173.271378","datestamp":"010115","mag_variation":"","mag_var_dir":""}
{"timestamp":"100253","status":"A","lat":"5000.547","lat_dir":"N","lon":"00952.308","lon_dir":"W","spd_over_grnd":"9.25","true_course":"173.715836","datestamp":"010115","mag_variation":"","mag_var_dir":""}
{"timestamp":"100254","status":"A","lat":"5000.543","lat_dir":"N","lon":"00952.307","lon_dir":"W","spd_over_grnd":"9.25","true_course":"173.009842","datestamp":"010115","mag_variation":"","mag_var_dir":""}
{"timestamp":"100256","status":"A","lat":"5000.539","lat_dir":"N","lon":"00952.306","lon_dir":"W","spd_over_grnd":"9.25","true_course":"172.573212","datestamp":"010115","mag_variation":"","mag_var_dir":""}
{"timestamp":"100257","status":"A","lat":"5000.535","lat_dir":"N","lon":"00952.306","lon_dir":"W","spd_over_grnd":"9.25","true_course":"173.461990","datestamp":"010115","mag_variation":"","mag_var_dir":""}
{"timestamp":"100259","status":"A","lat":"5000.531","lat_dir":"N","lon":"00952.305","lon_dir":"W","spd_over_grnd":"9.25","true_course":"175.040329","datestamp":"010115","mag_variation":"","mag_var_dir":""}
{"timestamp":"100300","status":"A","lat":"5000.527","lat_dir":"N","lon":"00952.304","lon_dir":"W","spd_over_grnd":"9.25","true_course":"175.815369","datestamp":"010115","mag_variation":"","mag_var_dir":""}
{"timestamp":"100302","status":"A","lat":"5000.523","lat_dir":"N","lon":"00952.304","lon_dir":"W","spd_over_grnd":"9.25","true_course":"175.330872","datestamp":"010115","mag_variation":"","mag_var_dir":""}
{"timestamp":"100303","status":"A","lat":"5000.519","lat_dir":"N","lon":"00952.303","lon_dir":"W","spd_over_grnd":"9.25","true_course":"175.001328","datestamp":"010115","mag_variation":"","mag_var_dir":""}
{"timestamp":"100305","status":"A","lat":"5000.515","lat_dir":"N","lon":"00952.303","lon_dir":"W","spd_over_grnd":"9.25","true_course":"175.589386","datestamp":"010115","mag_variation":"","mag_var_dir":""}
{"timestamp":"100306","status":"A","lat":"5000.511","lat_dir":"N","lon":"00952.302","lon_dir":"W","spd_over_grnd":"9.25","true_course":"177.092850","datestamp":"010115","mag_variation":"","mag_var_dir":""}
{"timestamp":"100308","status":"A","lat":"5000.507","lat_dir":"N","lon":"00952.302","lon_dir":"W","spd_over_grnd":"9.25","true_course":"178.132172","datestamp":"010115","mag_variation":"","mag_var_dir":""}
{"timestamp":"100310","status":"A","lat":"5000.503","lat_dir":"N","lon":"00952.302","lon_dir":"W","spd_over_grnd":"9.25","true_course":"177.952026","datestamp":"010115","mag_variation":"","mag_var_dir":""}
{"timestamp":"100311","status":"A","lat":"5000.499","lat_dir":"N","lon":"00952.302","lon_dir":"W","spd_over_grnd":"9.25","true_course":"177.425171","datestamp":"010115","mag_variation":"","mag_var_dir":""}
{"timestamp":"100313","status":"A","lat":"5000.495","lat_dir":"N","lon":"00952.302","lon_dir":"W","spd_over_grnd":"9.25","true_course":"177.660751","datestamp":"010115","mag_variation":"","mag_var_dir":""}
{"timestamp":"100314","status":"A","lat":"5000.491","lat_dir":"N","lon":"00952.301","lon_dir":"W","spd_over_grnd":"9.25","true_course":"179.049973","datestamp":"010115","mag_variation":"","mag_var_dir":""}
{"timestamp":"100316","status":"A","lat":"5000.487","lat_dir":"N","lon":"00952.301","lon_dir":"W","spd_over_grnd":"9.25","true_course":"180.284271","datestamp":"010115","mag_variation":"","mag_var_dir":""}
{"timestamp":"100317","status":"A","lat":"5000.483","lat_dir":"N","lon":"00952.301","lon_dir":"W","spd_over_grnd":"9.25","true_course":"180.395233","datestamp":"010115","mag_variation":"","mag_var_dir":""}
{"timestamp":"100319","status":"A","lat":"5000.479","lat_dir":"N","lon":"00952.301","lon_dir":"W","spd_over_grnd":"9.25","true_course":"179.696365","datestamp":"010115","mag_variation":"","mag_var_dir":""}
{"timestamp":"100320","status":"A","lat":"5000.474","lat_dir":"N","lon":"00952.301","lon_dir":"W","spd_over_grnd":"9.25","true_course":"179.614273","datestamp":"010115","mag_variation":"","mag_var_dir":""}
{"timestamp":"100322","status":"A","lat":"5000.471","lat_dir":"N","lon":"00952.301","lon_dir":"W","spd_over_grnd":"9.25","true_course":"180.830643","datestamp":"010115","mag_variation":"","mag_var_dir":""}
{"timestamp":"100323","status":"A","lat":"5000.466","lat_dir":"N","lon":"00952.301","lon_dir":"W","spd_over_grnd":"9.25","true_course":"182.327759","datestamp":"010115","mag_variation":"","mag_var_dir":""}
{"timestamp":"100325","status":"A","lat":"5000.463","lat_dir":"N","lon":"00952.302","lon_dir":"W","spd_over_grnd":"9.25","true_course":"182.790161","datestamp":"010115","mag_variation":"","mag_var_dir":""}
{"timestamp":"100326","status":"A","lat":"5000.458","lat_dir":"N","lon":"00952.302","lon_dir":"W","spd_over_grnd":"9.25","true_course":"182.279587","datestamp":"010115","mag_variation":"","mag_var_dir":""}
{"timestamp":"100328","status":"A","lat":"5000.455","lat_dir":"N","lon":"00952.302","lon_dir":"W","spd_over_grnd":"9.25","true_course":"181.938065","datestamp":"010115","mag_variation":"","mag_var_dir":""}
{"timestamp":"100329","status":"A","lat":"5000.450","lat_dir":"N","lon":"00952.303","lon_dir":"W","spd_over_grnd":"9.25","true_course":"182.916092","datestamp":"010115","mag_variation":"","mag_var_dir":""}
{"timestamp":"100331","status":"A","lat":"5000.446","lat_dir":"N","lon":"00952.303","lon_dir":"W","spd_over_grnd":"9.25","true_course":"184.387070","datestamp":"010115","mag_variation":"","mag_var_dir":""}
{"timestamp":"100332","status":"A","lat":"5000.442","lat_dir":"N","lon":"00952.303","lon_dir":"W","spd_over_grnd":"9.25","true_course":"185.096634","datestamp":"010115","mag_variation":"","mag_var_dir":""}
{"timestamp":"100334","status":"A","lat":"5000.438","lat_dir":"N","lon":"00952.304","lon_dir":"W","spd_over_grnd":"9.25","true_course":"184.642578","datestamp":"010115","mag_variation":"","mag_var_dir":""}
{"timestamp":"100335","status":"A","lat":"5000.434","lat_dir":"N","lon":"00952.304","lon_dir":"W","spd_over_grnd":"9.25","true_course":"184.111786","datestamp":"010115","mag_variation":"","mag_var_dir":""}
{"timestamp":"100337","status":"A","lat":"5000.430","lat_dir":"N","lon":"00952.305","lon_dir":"W","spd_over_grnd":"9.25","true_course":"184.746063","datestamp":"010115","mag_variation":"","mag_var_dir":""}
{"timestamp":"100339","status":"A","lat":"5000.426","lat_dir":"N","lon":"00952.306","lon_dir":"W","spd_over_grnd":"9.25","true_course":"186.256195","datestamp":"010115","mag_variation":"","mag_var_dir":""}
{"timestamp":"100340","status":"A","lat":"5000.422","lat_dir":"N","lon":"00952.306","lon_dir":"W","spd_over_grnd":"9.25","true_course":"187.290634","datestamp":"010115","mag_variation":"","mag_var_dir":""}
{"timestamp":"100342","status":"A","lat":"5000.418","lat_dir":"N","lon":"00952.307","lon_dir":"W","spd_over_grnd":"9.25","true_course":"187.140045","datestamp":"010115","mag_variation":"","mag_var_dir":""}
{"timestamp":"100343","status":"A","lat":"5000.415","lat_dir":"N","lon":"00952.308","lon_dir":"W","spd_over_grnd":"9.25","true_course":"186.628296","datestamp":"010115","mag_variation":"","mag_var_dir":""}
{"timestamp":"100345","status":"A","lat":"5000.411","lat_dir":"N","lon":"00952.309","lon_dir":"W","spd_over_grnd":"9.25","true_course":"186.957062","datestamp":"010115","mag_variation":"","mag_var_dir":""}
{"timestamp":"100346","status":"A","lat":"5000.406","lat_dir":"N","lon":"00952.309","lon_dir":"W","spd_over_grnd":"9.25","true_course":"188.455765","datestamp":"010115","mag_variation":"","mag_var_dir":""}
{"timestamp":"100348","status":"A","lat":"5000.403","lat_dir":"N","lon":"00952.310","lon_dir":"W","spd_over_grnd":"9.25","true_course":"189.779190","datestamp":"010115","mag_variation":"","mag_var_dir":""}
{"timestamp":"100349","status":"A","lat":"5000.398","lat_dir":"N","lon":"00952.311","lon_dir":"W","spd_over_grnd":"9.25","true_course":"189.798050","datestamp":"010115","mag_variation":"","mag_var_dir":""}
{"timestamp":"100351","status":"A","lat":"5000.395","lat_dir":"N","lon":"00952.312","lon_dir":"W","spd_over_grnd":"9.25","true_course":"189.060364","datestamp":"010115","mag_variation":"","mag_var_dir":""}
{"timestamp":"100352","status":"A","lat":"5000.391","lat_dir":"N","lon":"00952.313","lon_dir":"W","spd_over_grnd":"9.25","true_course":"189.080017","datestamp":"010115","mag_variation":"","mag_var_dir":""}
{"timestamp":"100354","status":"A","lat":"5000.387","lat_dir":"N","lon":"00952.314","lon_dir":"W","spd_over_grnd":"9.25","true_course":"190.330063","datestamp":"010115","mag_variation":"","mag_var_dir":""}
{"timestamp":"100355","status":"A","lat":"5000.383","lat_dir":"N","lon":"00952.316","lon_dir":"W","spd_over_grnd":"9.25","true_course":"191.819214","datestamp":"010115","mag_variation":"","mag_var_dir":""}
{"timestamp":"100357","status":"A","lat":"5000.379","lat_dir":"N","lon":"00952.317","lon_dir":"W","spd_over_grnd":"9.25","true_course":"192.123856","datestamp":"010115","mag_variation":"","mag_var_dir":""}
{"timestamp":"100358","status":"A","lat":"5000.375","lat_dir":"N","lon":"00952.318","lon_dir":"W","spd_over_grnd":"9.25","true_course":"191.419662","datestamp":"010115","mag_variation":"","mag_var_dir":""}
{"timestamp":"100400","status":"A","lat":"5000.371","lat_dir":"N","lon":"00952.320","lon_dir":"W","spd_over_grnd":"9.25","true_course":"191.232086","datestamp":"010115","mag_variation":"","mag_var_dir":""}
{"timestamp":"100402","status":"A","lat":"5000.367","lat_dir":"N","lon":"00952.321","lon_dir":"W","spd_over_grnd":"9.25","true_course":"192.273132","datestamp":"010115","mag_variation":"","mag_var_dir":""}
{"timestamp":"100403","status":"A","lat":"5000.363","lat_dir":"N","lon":"00952.322","lon_dir":"W","spd_over_grnd":"9.25","true_course":"193.694504","datestamp":"010115","mag_variation":"","mag_var_dir":""}
{"timestamp":"100405","status":"A","lat":"5000.359","lat_dir":"N","lon":"00952.324","lon_dir":"W","spd_over_grnd":"9.25","true_course":"194.276367","datestamp":"010115","mag_variation":"","mag_var_dir":""}
{"timestamp":"100406","status":"A","lat":"5000.355","lat_dir":"N","lon":"00952.325","lon_dir":"W","spd_over_grnd":"9.25","true_course":"193.785980","datestamp":"010115","mag_variation":"","mag_var_dir":""}
{"timestamp":"100408","status":"A","lat":"5000.352","lat_dir":"N","lon":"00952.327","lon_dir":"W","spd_over_grnd":"9.25","true_course":"193.246231","datestamp":"010115","mag_variation":"","mag_var_dir":""}
{"timestamp":"100409","status":"A","lat":"5000.347","lat_dir":"N","lon":"00952.328","lon_dir":"W","spd_over_grnd":"9.25","true_course":"194.064102","datestamp":"010115","mag_variation":"","mag_var_dir":""}
{"timestamp":"100411","status":"A","lat":"5000.344","lat_dir":"N","lon":"00952.330","lon_dir":"W","spd_over_grnd":"9.25","true_course":"195.643066","datestamp":"010115","mag_variation":"","mag_var_dir":""}
{"timestamp":"100412","status":"A","lat":"5000.340","lat_dir":"N","lon":"00952.331","lon_dir":"W","spd_over_grnd":"9.25","true_course":"196.485001","datestamp":"010115","mag_variation":"","mag_var_dir":""}
{"timestamp":"100414","status":"A","lat":"5000.336","lat_dir":"N","lon":"00952.333","lon_dir":"W","spd_over_grnd":"9.25","true_course":"196.055161","datestamp":"010115","mag_variation":"","mag_var_dir":""}
{"timestamp":"100415","status":"A","lat":"5000.332","lat_dir":"N","lon":"00952.335","lon_dir":"W","spd_over_grnd":"9.25","true_course":"195.516357","datestamp":"010115","mag_variation":"","mag_var_dir":""}
{"timestamp":"100417","status":"A","lat":"5000.328","lat_dir":"N","lon":"00952.337","lon_dir":"W","spd_over_grnd":"9.25","true_course":"195.977371","datestamp":"010115","mag_variation":"","mag_var_dir":""}
{"timestamp":"100418","status":"A","lat":"5000.324","lat_dir":"N","lon":"00952.338","lon_dir":"W","spd_over_grnd":"9.25","true_course":"197.482880","datestamp":"010115","mag_variation":"","mag_var_dir":""}
{"timestamp":"100420","status":"A","lat":"5000.320","lat_dir":"N","lon":"00952.340","lon_dir":"W","spd_over_grnd":"9.25","true_course":"198.602982","datestamp":"010115","mag_variation":"","mag_var_dir":""}
{"timestamp":"100421","status":"A","lat":"5000.317","lat_dir":"N","lon":"00952.342","lon_dir":"W","spd_over_grnd":"9.25","true_course":"198.443466","datestamp":"010115","mag_variation":"","mag_var_dir":""}
{"timestamp":"100423","status":"A","lat":"5000.313","lat_dir":"N","lon":"00952.344","lon_dir":"W","spd_over_grnd":"9.25","true_course":"197.736176","datestamp":"010115","mag_variation":"","mag_var_dir":""}
{"timestamp":"100425","status":"A","lat":"5000.309","lat_dir":"N","lon":"00952.346","lon_dir":"W","spd_over_grnd":"9.25","true_course":"197.982376","datestamp":"010115","mag_variation":"","mag_var_dir":""}
{"timestamp":"100426","status":"A","lat":"5000.305","lat_dir":"N","lon":"00952.348","lon_dir":"W","spd_over_grnd":"9.25","true_course":"199.331833","datestamp":"010115","mag_variation":"","mag_var_dir":""}
{"timestamp":"100428","status":"A","lat":"5000.301","lat_dir":"N","lon":"00952.350","lon_dir":"W","spd_over_grnd":"9.25","true_course":"200.733139","datestamp":"010115","mag_variation":"","mag_var_dir":""}
{"timestamp":"100429","status":"A","lat":"5000.298","lat_dir":"N","lon":"00952.353","lon_dir":"W","spd_over_grnd":"9.25","true_course":"200.775970","datestamp":"010115","mag_variation":"","mag_var_dir":""}
{"timestamp":"100431","status":"A","lat":"5000.294","lat_dir":"N","lon":"00952.355","lon_dir":"W","spd_over_grnd":"9.25","true_course":"200.161026","datestamp":"010115","mag_variation":"","mag_var_dir":""}
{"timestamp":"100432","status":"A","lat":"5000.290","lat_dir":"N","lon":"00952.357","lon_dir":"W","spd_over_grnd":"9.25","true_course":"200.147766","datestamp":"010115","mag_variation":"","mag_var_dir":""}
{"timestamp":"100434","status":"A","lat":"5000.286","lat_dir":"N","lon":"00952.359","lon_dir":"W","spd_over_grnd":"9.25","true_course":"201.389099","datestamp":"010115","mag_variation":"","mag_var_dir":""}
{"timestamp":"100435","status":"A","lat":"5000.283","lat_dir":"N","lon":"00952.361","lon_dir":"W","spd_over_grnd":"9.25","true_course":"202.841705","datestamp":"010115","mag_variation":"","mag_var_dir":""}
{"timestamp":"100437","status":"A","lat":"5000.279","lat_dir":"N","lon":"00952.364","lon_dir":"W","spd_over_grnd":"9.25","true_course":"203.211792","datestamp":"010115","mag_variation":"","mag_var_dir":""}
{"timestamp":"100438","status":"A","lat":"5000.275","lat_dir":"N","lon":"00952.366","lon_dir":"W","spd_over_grnd":"9.25","true_course":"202.602158","datestamp":"010115","mag_variation":"","mag_var_dir":""}
{"timestamp":"100440","status":"A","lat":"5000.271","lat_dir":"N","lon":"00952.369","lon_dir":"W","spd_over_grnd":"9.25","true_course":"202.516159","datestamp":"010115","mag_variation":"","mag_var_dir":""}
{"timestamp":"100442","status":"A","lat":"5000.268","lat_dir":"N","lon":"00952.371","lon_dir":"W","spd_over_grnd":"9.25","true_course":"203.601547","datestamp":"010115","mag_variation":"","mag_var_dir":""}
{"timestamp":"100443","status":"A","lat":"5000.264","lat_dir":"N","lon":"00952.374","lon_dir":"W","spd_over_grnd":"9.25","true_course":"205.119949","datestamp":"010115","mag_variation":"","mag_var_dir":""}
{"timestamp":"100445","status":"A","lat":"5000.260","lat_dir":"N","lon":"00952.377","lon_dir":"W","spd_over_grnd":"9.25","true_course":"205.627258","datestamp":"010115","mag_variation":"","mag_var_dir":""}
{"timestamp":"100446","status":"A","lat":"5000.257","lat_dir":"N","lon":"00952.379","lon_dir":"W","spd_over_grnd":"9.25","true_course":"204.989410","datestamp":"010115","mag_variation":"","mag_var_dir":""}
{"timestamp":"100448","status":"A","lat":"5000.253","lat_dir":"N","lon":"00952.382","lon_dir":"W","spd_over_grnd":"9.25","true_course":"204.632889","datestamp":"010115","mag_variation":"","mag_var_dir":""}
{"timestamp":"100449","status":"A","lat":"5000.249","lat_dir":"N","lon":"00952.385","lon_dir":"W","spd_over_grnd":"9.25","true_course":"205.422562","datestamp":"010115","mag_variation":"","mag_var_dir":""}
{"timestamp":"100451","status":"A","lat":"5000.246","lat_dir":"N","lon":"00952.387","lon_dir":"W","spd_over_grnd":"9.25","true_course":"206.861847","datestamp":"010115","mag_variation":"","mag_var_dir":""}
{"timestamp":"100452","status":"A","lat":"5000.242","lat_dir":"N","lon":"00952.390","lon_dir":"W","spd_over_grnd":"9.25","true_course":"207.705505","datestamp":"010115","mag_variation":"","mag_var_dir":""}
{"timestamp":"100454","status":"A","lat":"5000.239","lat_dir":"N","lon":"00952.393","lon_dir":"W","spd_over_grnd":"9.25","true_course":"207.360779","datestamp":"010115","mag_variation":"","mag_var_dir":""}
{"timestamp":"100455","status":"A","lat":"5000.235","lat_dir":"N","lon":"00952.396","lon_dir":"W","spd_over_grnd":"9.25","true_course":"206.942810","datestamp":"010115","mag_variation":"","mag_var_dir":""}
{"timestamp":"100457","status":"A","lat":"5000.232","lat_dir":"N","lon":"00952.399","lon_dir":"W","spd_over_grnd":"9.25","true_course":"207.561722","datestamp":"010115","mag_variation":"","mag_var_dir":""}
{"timestamp":"100458","status":"A","lat":"5000.228","lat_dir":"N","lon":"00952.402","lon_dir":"W","spd_over_grnd":"9.25","true_course":"209.078262","datestamp":"010115","mag_variation":"","mag_var_dir":""}
