{"timestamp":"085659","status":"A","lat":"3321.652","lat_dir":"N","lon":"11839.226","lon_dir":"W","spd_over_grnd":"10.63","true_course":"100.886681","datestamp":"150708","mag_variation":"","mag_var_dir":""}
{"timestamp":"085701","status":"A","lat":"3321.651","lat_dir":"N","lon":"11839.221","lon_dir":"W","spd_over_grnd":"10.63","true_course":"100.793106","datestamp":"150708","mag_variation":"","mag_var_dir":""}
{"timestamp":"085703","status":"A","lat":"3321.650","lat_dir":"N","lon":"11839.215","lon_dir":"W","spd_over_grnd":"10.63","true_course":"99.929520","datestamp":"150708","mag_variation":"","mag_var_dir":""}
{"timestamp":"085704","status":"A","lat":"3321.649","lat_dir":"N","lon":"11839.210","lon_dir":"W","spd_over_grnd":"10.63","true_course":"99.652412","datestamp":"150708","mag_variation":"","mag_var_dir":""}
{"timestamp":"085706","status":"A","lat":"3321.649","lat_dir":"N","lon":"11839.204","lon_dir":"W","spd_over_grnd":"10.63","true_course":"100.565079","datestamp":"150708","mag_variation":"","mag_var_dir":""}
{"timestamp":"085707","status":"A","lat":"3321.648","lat_dir":"N","lon":"11839.199","lon_dir":"W","spd_over_grnd":"10.64","true_course":"101.809570","datestamp":"150708","mag_variation":"","mag_var_dir":""}
{"timestamp":"085709","status":"A","lat":"3321.647","lat_dir":"N","lon":"11839.193","lon_dir":"W","spd_over_grnd":"10.64","true_course":"101.994308","datestamp":"150708","mag_variation":"","mag_var_dir":""}
{"timestamp":"085710","status":"A","lat":"3321.646","lat_dir":"N","lon":"11839.188","lon_dir":"W","spd_over_grnd":"10.64","true_course":"101.117119","datestamp":"150708","mag_variation":"","mag_var_dir":""}
{"timestamp":"085712","status":"A","lat":"3321.645","lat_dir":"N","lon":"11839.183","lon_dir":"W","spd_over_grnd":"10.64","true_course":"100.701874","datestamp":"150708","mag_variation":"","mag_var_dir":""}
{"timestamp":"085713","status":"A","lat":"3321.644","lat_dir":"N","lon":"11839.177","lon_dir":"W","spd_over_grnd":"10.64","true_course":"101.450195","datestamp":"150708","mag_variation":"","mag_var_dir":""}
{"timestamp":"085715","status":"A","lat":"3321.643","lat_dir":"N","lon":"11839.172","lon_dir":"W","spd_over_grnd":"10.64","true_course":"102.832748","datestamp":"150708","mag_variation":"","mag_var_dir":""}
{"timestamp":"085717","status":"A","lat":"3321.642","lat_dir":"N","lon":"11839.166","lon_dir":"W","spd_over_grnd":"10.64","true_course":"103.210098","datestamp":"150708","mag_variation":"","mag_var_dir":""}
{"timestamp":"085718","status":"A","lat":"3321.641","lat_dir":"N","lon":"11839.161","lon_dir":"W","spd_over_grnd":"10.64","true_course":"102.345131","datestamp":"150708","mag_variation":"","mag_var_dir":""}
{"timestamp":"085720","status":"A","lat":"3321.640","lat_dir":"N","lon":"11839.155","lon_dir":"W","spd_over_grnd":"10.65","true_course":"101.728264","datestamp":"150708","mag_variation":"","mag_var_dir":""}
{"timestamp":"085721","status":"A","lat":"3321.639","lat_dir":"N","lon":"11839.150","lon_dir":"W","spd_over_grnd":"10.65","true_course":"102.388268","datestamp":"150708","mag_variation":"","mag_var_dir":""}
{"timestamp":"085723","status":"A","lat":"3321.638","lat_dir":"N","lon":"11839.144","lon_dir":"W","spd_over_grnd":"10.65","true_course":"103.823555","datestamp":"150708","mag_variation":"","mag_var_dir":""}
{"timestamp":"085724","status":"A","lat":"3321.637","lat_dir":"N","lon":"11839.139","lon_dir":"W","spd_over_grnd":"10.65","true_course":"104.411407","datestamp":"150708","mag_variation":"","mag_var_dir":""}
{"timestamp":"085726","status":"A","lat":"3321.636","lat_dir":"N","lon":"11839.134","lon_dir":"W","spd_over_grnd":"10.65","true_course":"103.689117","datestamp":"150708","mag_variation":"","mag_var_dir":""}
{"timestamp":"085727","status":"A","lat":"3321.635","lat_dir":"N","lon":"11839.128","lon_dir":"W","spd_over_grnd":"10.65","true_course":"102.934181","datestamp":"150708","mag_variation":"","mag_var_dir":""}
{"timestamp":"085729","status":"A","lat":"3321.634","lat_dir":"N","lon":"11839.123","lon_dir":"W","spd_over_grnd":"10.65","true_course":"103.302429","datestamp":"150708","mag_variation":"","mag_var_dir":""}
{"timestamp":"085731","status":"A","lat":"3321.633","lat_dir":"N","lon":"11839.117","lon_dir":"W","spd_over_grnd":"10.65","true_course":"104.775551","datestamp":"150708","mag_variation":"","mag_var_dir":""}
{"timestamp":"085732","status":"A","lat":"3321.631","lat_dir":"N","lon":"11839.112","lon_dir":"W","spd_over_grnd":"10.65","true_course":"105.593414","datestamp":"150708","mag_variation":"","mag_var_dir":""}
{"timestamp":"085734","status":"A","lat":"3321.630","lat_dir":"N","lon":"11839.106","lon_dir":"W","spd_over_grnd":"10.65","true_course":"105.072739","datestamp":"150708","mag_variation":"","mag_var_dir":""}
{"timestamp":"085735","status":"A","lat":"3321.629","lat_dir":"N","lon":"11839.101","lon_dir":"W","spd_over_grnd":"10.65","true_course":"104.414215","datestamp":"150708","mag_variation":"","mag_var_dir":""}
{"timestamp":"085737","status":"A","lat":"3321.628","lat_dir":"N","lon":"11839.096","lon_dir":"W","spd_over_grnd":"10.65","true_course":"104.669334","datestamp":"150708","mag_variation":"","mag_var_dir":""}
{"timestamp":"085738","status":"A","lat":"3321.627","lat_dir":"N","lon":"11839.090","lon_dir":"W","spd_over_grnd":"10.65","true_course":"105.864296","datestamp":"150708","mag_variation":"","mag_var_dir":""}
{"timestamp":"085740","status":"A","lat":"3321.625","lat_dir":"N","lon":"11839.085","lon_dir":"W","spd_over_grnd":"10.65","true_course":"106.758110","datestamp":"150708","mag_variation":"","mag_var_dir":""}
{"timestamp":"085741","status":"A","lat":"3321.624","lat_dir":"N","lon":"11839.080","lon_dir":"W","spd_over_grnd":"10.65","true_course":"106.454788","datestamp":"150708","mag_variation":"","mag_var_dir":""}
{"timestamp":"085743","status":"A","lat":"3321.622","lat_dir":"N","lon":"11839.074","lon_dir":"W","spd_over_grnd":"10.65","true_course":"105.643280","datestamp":"150708","mag_variation":"","mag_var_dir":""}
{"timestamp":"085745","status":"A","lat":"3321.621","lat_dir":"N","lon":"11839.069","lon_dir":"W","spd_over_grnd":"10.65","true_course":"105.601318","datestamp":"150708","mag_variation":"","mag_var_dir":""}
{"timestamp":"085746","status":"A","lat":"3321.620","lat_dir":"N","lon":"11839.064","lon_dir":"W","spd_over_grnd":"10.65","true_course":"106.854492","datestamp":"150708","mag_variation":"","mag_var_dir":""}
{"timestamp":"085748","status":"A","lat":"3321.619","lat_dir":"N","lon":"11839.058","lon_dir":"W","spd_over_grnd":"10.65","true_course":"107.997574","datestamp":"150708","mag_variation":"","mag_var_dir":""}
{"timestamp":"085749","status":"A","lat":"3321.617","lat_dir":"N","lon":"11839.053","lon_dir":"W","spd_over_grnd":"10.65","true_course":"107.787346","datestamp":"150708","mag_variation":"","mag_var_dir":""}
{"timestamp":"085751","status":"A","lat":"3321.616","lat_dir":"N","lon":"11839.048","lon_dir":"W","spd_over_grnd":"10.65","true_course":"106.883873","datestamp":"150708","mag_variation":"","mag_var_dir":""}
{"timestamp":"085752","status":"A","lat":"3321.614","lat_dir":"N","lon":"11839.043","lon_dir":"W","spd_over_grnd":"10.65","true_course":"106.651810","datestamp":"150708","mag_variation":"","mag_var_dir":""}
{"timestamp":"085754","status":"A","lat":"3321.613","lat_dir":"N","lon":"11839.037","lon_dir":"W","spd_over_grnd":"10.65","true_course":"107.726822","datestamp":"150708","mag_variation":"","mag_var_dir":""}
{"timestamp":"085755","status":"A","lat":"3321.611","lat_dir":"N","lon":"11839.032","lon_dir":"W","spd_over_grnd":"10.65","true_course":"109.047356","datestamp":"150708","mag_variation":"","mag_var_dir":""}
{"timestamp":"085757","status":"A","lat":"3321.610","lat_dir":"N","lon":"11839.027","lon_dir":"W","spd_over_grnd":"10.65","true_course":"109.181297","datestamp":"150708","mag_variation":"","mag_var_dir":""}
{"timestamp":"085759","status":"A","lat":"3321.609","lat_dir":"N","lon":"11839.021","lon_dir":"W","spd_over_grnd":"10.65","true_course":"108.310173","datestamp":"150708","mag_variation":"","mag_var_dir":""}
{"timestamp":"085800","status":"A","lat":"3321.607","lat_dir":"N","lon":"11839.016","lon_dir":"W","spd_over_grnd":"10.65","true_course":"108.036911","datestamp":"150708","mag_variation":"","mag_var_dir":""}
{"timestamp":"085802","status":"A","lat":"3321.606","lat_dir":"N","lon":"11839.011","lon_dir":"W","spd_over_grnd":"10.65","true_course":"109.040085","datestamp":"150708","mag_variation":"","mag_var_dir":""}
{"timestamp":"085803","status":"A","lat":"3321.604","lat_dir":"N","lon":"11839.005","lon_dir":"W","spd_over_grnd":"10.65","true_course":"110.394203","datestamp":"150708","mag_variation":"","mag_var_dir":""}
{"timestamp":"085805","status":"A","lat":"3321.602","lat_dir":"N","lon":"11839.000","lon_dir":"W","spd_over_grnd":"10.65","true_course":"110.655403","datestamp":"150708","mag_variation":"","mag_var_dir":""}
{"timestamp":"085806","status":"A","lat":"3321.601","lat_dir":"N","lon":"11838.995","lon_dir":"W","spd_over_grnd":"10.65","true_course":"109.791199","datestamp":"150708","mag_variation":"","mag_var_dir":""}
{"timestamp":"085808","status":"A","lat":"3321.599","lat_dir":"N","lon":"11838.990","lon_dir":"W","spd_over_grnd":"10.65","true_course":"109.332443","datestamp":"150708","mag_variation":"","mag_var_dir":""}
{"timestamp":"085809","status":"A","lat":"3321.598","lat_dir":"N","lon":"11838.985","lon_dir":"W","spd_over_grnd":"10.65","true_course":"110.050079","datestamp":"150708","mag_variation":"","mag_var_dir":""}
{"timestamp":"085811","status":"A","lat":"3321.596","lat_dir":"N","lon":"11838.979","lon_dir":"W","spd_over_grnd":"10.65","true_course":"111.371315","datestamp":"150708","mag_variation":"","mag_var_dir":""}
{"timestamp":"085812","status":"A","lat":"3321.594","lat_dir":"N","lon":"11838.974","lon_dir":"W","spd_over_grnd":"10.65","true_course":"111.885468","datestamp":"150708","mag_variation":"","mag_var_dir":""}
{"timestamp":"085814","status":"A","lat":"3321.592","lat_dir":"N","lon":"11838.969","lon_dir":"W","spd_over_grnd":"10.65","true_course":"111.245872","datestamp":"150708","mag_variation":"","mag_var_dir":""}
{"timestamp":"085816","status":"A","lat":"3321.591","lat_dir":"N","lon":"11838.963","lon_dir":"W","spd_over_grnd":"10.65","true_course":"110.436874","datestamp":"150708","mag_variation":"","mag_var_dir":""}
{"timestamp":"085817","status":"A","lat":"3321.589","lat_dir":"N","lon":"11838.958","lon_dir":"W","spd_over_grnd":"10.65","true_course":"111.088860","datestamp":"150708","mag_variation":"","mag_var_dir":""}
{"timestamp":"085819","status":"A","lat":"3321.587","lat_dir":"N","lon":"11838.953","lon_dir":"W","spd_over_grnd":"10.65","true_course":"112.351028","datestamp":"150708","mag_variation":"","mag_var_dir":""}
{"timestamp":"085820","status":"A","lat":"3321.586","lat_dir":"N","lon":"11838.948","lon_dir":"W","spd_over_grnd":"10.65","true_course":"112.948509","datestamp":"150708","mag_variation":"","mag_var_dir":""}
{"timestamp":"085822","status":"A","lat":"3321.584","lat_dir":"N","lon":"11838.942","lon_dir":"W","spd_over_grnd":"10.65","true_course":"112.138596","datestamp":"150708","mag_variation":"","mag_var_dir":""}
{"timestamp":"085823","status":"A","lat":"3321.582","lat_dir":"N","lon":"11838.937","lon_dir":"W","spd_over_grnd":"10.65","true_course":"111.487320","datestamp":"150708","mag_variation":"","mag_var_dir":""}
{"timestamp":"085825","status":"A","lat":"3321.580","lat_dir":"N","lon":"11838.932","lon_dir":"W","spd_over_grnd":"10.65","true_course":"111.895775","datestamp":"150708","mag_variation":"","mag_var_dir":""}
{"timestamp":"085827","status":"A","lat":"3321.579","lat_dir":"N","lon":"11838.927","lon_dir":"W","spd_over_grnd":"10.65","true_course":"113.185234","datestamp":"150708","mag_variation":"","mag_var_dir":""}
{"timestamp":"085828","status":"A","lat":"3321.577","lat_dir":"N","lon":"11838.922","lon_dir":"W","spd_over_grnd":"10.65","true_course":"114.017906","datestamp":"150708","mag_variation":"","mag_var_dir":""}
{"timestamp":"085830","status":"A","lat":"3321.575","lat_dir":"N","lon":"11838.917","lon_dir":"W","spd_over_grnd":"10.65","true_course":"113.549736","datestamp":"150708","mag_variation":"","mag_var_dir":""}
{"timestamp":"085831","status":"A","lat":"3321.573","lat_dir":"N","lon":"11838.912","lon_dir":"W","spd_over_grnd":"10.65","true_course":"112.757446","datestamp":"150708","mag_variation":"","mag_var_dir":""}
{"timestamp":"085833","status":"A","lat":"3321.571","lat_dir":"N","lon":"11838.906","lon_dir":"W","spd_over_grnd":"10.65","true_course":"112.999710","datestamp":"150708","mag_variation":"","mag_var_dir":""}
{"timestamp":"085834","status":"A","lat":"3321.569","lat_dir":"N","lon":"11838.901","lon_dir":"W","spd_over_grnd":"10.65","true_course":"114.275230","datestamp":"150708","mag_variation":"","mag_var_dir":""}
{"timestamp":"085836","status":"A","lat":"3321.567","lat_dir":"N","lon":"11838.896","lon_dir":"W","spd_over_grnd":"10.65","true_course":"115.117134","datestamp":"150708","mag_variation":"","mag_var_dir":""}
{"timestamp":"085838","status":"A","lat":"3321.565","lat_dir":"N","lon":"11838.891","lon_dir":"W","spd_over_grnd":"10.65","true_course":"114.693893","datestamp":"150708","mag_variation":"","mag_var_dir":""}
{"timestamp":"085839","status":"A","lat":"3321.563","lat_dir":"N","lon":"11838.886","lon_dir":"W","spd_over_grnd":"10.65","true_course":"113.843674","datestamp":"150708","mag_variation":"","mag_var_dir":""}
{"timestamp":"085841","status":"A","lat":"3321.561","lat_dir":"N","lon":"11838.881","lon_dir":"W","spd_over_grnd":"10.65","true_course":"113.969437","datestamp":"150708","mag_variation":"","mag_var_dir":""}
{"timestamp":"085842","status":"A","lat":"3321.560","lat_dir":"N","lon":"11838.876","lon_dir":"W","spd_over_grnd":"10.65","true_course":"115.311798","datestamp":"150708","mag_variation":"","mag_var_dir":""}
{"timestamp":"085844","status":"A","lat":"3321.557","lat_dir":"N","lon":"11838.871","lon_dir":"W","spd_over_grnd":"10.65","true_course":"116.428665","datestamp":"150708","mag_variation":"","mag_var_dir":""}
{"timestamp":"085845","status":"A","lat":"3321.555","lat_dir":"N","lon":"11838.866","lon_dir":"W","spd_over_grnd":"10.65","true_course":"116.225891","datestamp":"150708","mag_variation":"","mag_var_dir":""}
{"timestamp":"085847","status":"A","lat":"3321.553","lat_dir":"N","lon":"11838.861","lon_dir":"W","spd_over_grnd":"10.65","true_course":"115.336395","datestamp":"150708","mag_variation":"","mag_var_dir":""}
{"timestamp":"085848","status":"A","lat":"3321.551","lat_dir":"N","lon":"11838.855","lon_dir":"W","spd_over_grnd":"10.65","true_course":"115.217567","datestamp":"150708","mag_variation":"","mag_var_dir":""}
{"timestamp":"085850","status":"A","lat":"3321.549","lat_dir":"N","lon":"11838.850","lon_dir":"W","spd_over_grnd":"10.65","true_course":"116.248123","datestamp":"150708","mag_variation":"","mag_var_dir":""}
{"timestamp":"085851","status":"A","lat":"3321.547","lat_dir":"N","lon":"11838.845","lon_dir":"W","spd_over_grnd":"10.65","true_course":"117.419060","datestamp":"150708","mag_variation":"","mag_var_dir":""}
{"timestamp":"085853","status":"A","lat":"3321.545","lat_dir":"N","lon":"11838.841","lon_dir":"W","spd_over_grnd":"10.65","true_course":"117.412682","datestamp":"150708","mag_variation":"","mag_var_dir":""}
{"timestamp":"085855","status":"A","lat":"3321.543","lat_dir":"N","lon":"11838.836","lon_dir":"W","spd_over_grnd":"10.65","true_course":"116.640320","datestamp":"150708","mag_variation":"","mag_var_dir":""}
{"timestamp":"085856","status":"A","lat":"3321.541","lat_dir":"N","lon":"11838.831","lon_dir":"W","spd_over_grnd":"10.65","true_course":"116.402084","datestamp":"150708","mag_variation":"","mag_var_dir":""}
{"timestamp":"085858","status":"A","lat":"3321.539","lat_dir":"N","lon":"11838.826","lon_dir":"W","spd_over_grnd":"10.65","true_course":"117.219193","datestamp":"150708","mag_variation":"","mag_var_dir":""}
{"timestamp":"085859","status":"A","lat":"3321.536","lat_dir":"N","lon":"11838.821","lon_dir":"W","spd_over_grnd":"10.65","true_course":"118.526695","datestamp":"150708","mag_variation":"","mag_var_dir":""}
{"timestamp":"085901","status":"A","lat":"3321.534","lat_dir":"N","lon":"11838.816","lon_dir":"W","spd_over_grnd":"10.65","true_course":"118.736359","datestamp":"150708","mag_variation":"","mag_var_dir":""}
{"timestamp":"085902","status":"A","lat":"3321.532","lat_dir":"N","lon":"11838.811","lon_dir":"W","spd_over_grnd":"10.65","true_course":"117.803177","datestamp":"150708","mag_variation":"","mag_var_dir":""}
{"timestamp":"085904","status":"A","lat":"3321.530","lat_dir":"N","lon":"11838.806","lon_dir":"W","spd_over_grnd":"10.65","true_course":"117.429199","datestamp":"150708","mag_variation":"","mag_var_dir":""}
{"timestamp":"085906","status":"A","lat":"3321.527","lat_dir":"N","lon":"11838.801","lon_dir":"W","spd_over_grnd":"10.65","true_course":"118.233604","datestamp":"150708","mag_variation":"","mag_var_dir":""}
{"timestamp":"085907","status":"A","lat":"3321.525","lat_dir":"N","lon":"11838.796","lon_dir":"W","spd_over_grnd":"10.65","true_course":"119.448196","datestamp":"150708","mag_variation":"","mag_var_dir":""}
{"timestamp":"085909","status":"A","lat":"3321.523","lat_dir":"N","lon":"11838.791","lon_dir":"W","spd_over_grnd":"10.65","true_course":"119.784309","datestamp":"150708","mag_variation":"","mag_var_dir":""}
{"timestamp":"085910","status":"A","lat":"3321.521","lat_dir":"N","lon":"11838.786","lon_dir":"W","spd_over_grnd":"10.65","true_course":"119.087166","datestamp":"150708","mag_variation":"","mag_var_dir":""}
{"timestamp":"085912","status":"A","lat":"3321.518","lat_dir":"N","lon":"11838.781","lon_dir":"W","spd_over_grnd":"10.65","true_course":"118.420120","datestamp":"150708","mag_variation":"","mag_var_dir":""}
{"timestamp":"085913","status":"A","lat":"3321.516","lat_dir":"N","lon":"11838.776","lon_dir":"W","spd_over_grnd":"10.65","true_course":"119.112206","datestamp":"150708","mag_variation":"","mag_var_dir":""}
{"timestamp":"085915","status":"A","lat":"3321.514","lat_dir":"N","lon":"11838.772","lon_dir":"W","spd_over_grnd":"10.65","true_course":"120.467056","datestamp":"150708","mag_variation":"","mag_var_dir":""}
{"timestamp":"085916","status":"A","lat":"3321.511","lat_dir":"N","lon":"11838.767","lon_dir":"W","spd_over_grnd":"10.65","true_course":"120.966499","datestamp":"150708","mag_variation":"","mag_var_dir":""}
{"timestamp":"085918","status":"A","lat":"3321.509","lat_dir":"N","lon":"11838.762","lon_dir":"W","spd_over_grnd":"10.65","true_course":"120.286484","datestamp":"150708","mag_variation":"","mag_var_dir":""}
{"timestamp":"085920","status":"A","lat":"3321.507","lat_dir":"N","lon":"11838.757","lon_dir":"W","spd_over_grnd":"10.65","true_course":"119.566605","datestamp":"150708","mag_variation":"","mag_var_dir":""}
{"timestamp":"085921","status":"A","lat":"3321.504","lat_dir":"N","lon":"11838.752","lon_dir":"W","spd_over_grnd":"10.65","true_course":"120.120369","datestamp":"150708","mag_variation":"","mag_var_dir":""}
{"timestamp":"085923","status":"A","lat":"3321.502","lat_dir":"N","lon":"11838.747","lon_dir":"W","spd_over_grnd":"10.65","true_course":"121.388641","datestamp":"150708","mag_variation":"","mag_var_dir":""}
{"timestamp":"085924","status":"A","lat":"3321.500","lat_dir":"N","lon":"11838.743","lon_dir":"W","spd_over_grnd":"10.65","true_course":"122.097832","datestamp":"150708","mag_variation":"","mag_var_dir":""}
{"timestamp":"085926","status":"A","lat":"3321.497","lat_dir":"N","lon":"11838.738","lon_dir":"W","spd_over_grnd":"10.65","true_course":"121.513405","datestamp":"150708","mag_variation":"","mag_var_dir":""}
{"timestamp":"085927","status":"A","lat":"3321.495","lat_dir":"N","lon":"11838.733","lon_dir":"W","spd_over_grnd":"10.65","true_course":"120.734871","datestamp":"150708","mag_variation":"","mag_var_dir":""}
{"timestamp":"085929","status":"A","lat":"3321.492","lat_dir":"N","lon":"11838.729","lon_dir":"W","spd_over_grnd":"10.65","true_course":"121.012833","datestamp":"150708","mag_variation":"","mag_var_dir":""}
{"timestamp":"085930","status":"A","lat":"3321.490","lat_dir":"N","lon":"11838.724","lon_dir":"W","spd_over_grnd":"10.65","true_course":"122.368675","datestamp":"150708","mag_variation":"","mag_var_dir":""}
{"timestamp":"085932","status":"A","lat":"3321.487","lat_dir":"N","lon":"11838.719","lon_dir":"W","spd_over_grnd":"10.65","true_course":"123.370422","datestamp":"150708","mag_variation":"","mag_var_dir":""}
{"timestamp":"085933","status":"A","lat":"3321.485","lat_dir":"N","lon":"11838.714","lon_dir":"W","spd_over_grnd":"10.65","true_course":"123.081299","datestamp":"150708","mag_variation":"","mag_var_dir":""}
{"timestamp":"085935","status":"A","lat":"3321.482","lat_dir":"N","lon":"11838.710","lon_dir":"W","spd_over_grnd":"10.65","true_course":"122.174034","datestamp":"150708","mag_variation":"","mag_var_dir":""}
{"timestamp":"085936","status":"A","lat":"3321.480","lat_dir":"N","lon":"11838.705","lon_dir":"W","spd_over_grnd":"10.65","true_course":"122.148422","datestamp":"150708","mag_variation":"","mag_var_dir":""}
{"timestamp":"085938","status":"A","lat":"3321.477","lat_dir":"N","lon":"11838.700","lon_dir":"W","spd_over_grnd":"10.65","true_course":"123.288498","datestamp":"150708","mag_variation":"","mag_var_dir":""}
{"timestamp":"085940","status":"A","lat":"3321.475","lat_dir":"N","lon":"11838.696","lon_dir":"W","spd_over_grnd":"10.65","true_course":"124.550735","datestamp":"150708","mag_variation":"","mag_var_dir":""}
{"timestamp":"085941","status":"A","lat":"3321.472","lat_dir":"N","lon":"11838.691","lon_dir":"W","spd_over_grnd":"10.65","true_course":"124.549583","datestamp":"150708","mag_variation":"","mag_var_dir":""}
{"timestamp":"085943","status":"A","lat":"3321.469","lat_dir":"N","lon":"11838.687","lon_dir":"W","spd_over_grnd":"10.65","true_course":"123.667236","datestamp":"150708","mag_variation":"","mag_var_dir":""}
{"timestamp":"085944","status":"A","lat":"3321.467","lat_dir":"N","lon":"11838.682","lon_dir":"W","spd_over_grnd":"10.65","true_course":"123.381935","datestamp":"150708","mag_variation":"","mag_var_dir":""}
{"timestamp":"085946","status":"A","lat":"3321.464","lat_dir":"N","lon":"11838.677","lon_dir":"W","spd_over_grnd":"10.65","true_course":"124.350662","datestamp":"150708","mag_variation":"","mag_var_dir":""}
{"timestamp":"085947","status":"A","lat":"3321.462","lat_dir":"N","lon":"11838.673","lon_dir":"W","spd_over_grnd":"10.65","true_course":"125.463135","datestamp":"150708","mag_variation":"","mag_var_dir":""}
{"timestamp":"085949","status":"A","lat":"3321.459","lat_dir":"N","lon":"11838.668","lon_dir":"W","spd_over_grnd":"10.65","true_course":"125.698547","datestamp":"150708","mag_variation":"","mag_var_dir":""}
{"timestamp":"085950","status":"A","lat":"3321.456","lat_dir":"N","lon":"11838.664","lon_dir":"W","spd_over_grnd":"10.65","true_course":"124.888496","datestamp":"150708","mag_variation":"","mag_var_dir":""}
{"timestamp":"085952","status":"A","lat":"3321.454","lat_dir":"N","lon":"11838.659","lon_dir":"W","spd_over_grnd":"10.65","true_course":"124.510300","datestamp":"150708","mag_variation":"","mag_var_dir":""}
{"timestamp":"085953","status":"A","lat":"3321.451","lat_dir":"N","lon":"11838.654","lon_dir":"W","spd_over_grnd":"10.65","true_course":"125.288322","datestamp":"150708","mag_variation":"","mag_var_dir":""}
{"timestamp":"085955","status":"A","lat":"3321.448","lat_dir":"N","lon":"11838.650","lon_dir":"W","spd_over_grnd":"10.65","true_course":"126.722389","datestamp":"150708","mag_variation":"","mag_var_dir":""}
{"timestamp":"085957","status":"A","lat":"3321.445","lat_dir":"N","lon":"11838.646","lon_dir":"W","spd_over_grnd":"10.65","true_course":"127.103012","datestamp":"150708","mag_variation":"","mag_var_dir":""}
{"timestamp":"085958","status":"A","lat":"3321.443","lat_dir":"N","lon":"11838.641","lon_dir":"W","spd_over_grnd":"10.65","true_course":"126.387695","datestamp":"150708","mag_variation":"","mag_var_dir":""}
{"timestamp":"090000","status":"A","lat":"3321.440","lat_dir":"N","lon":"11838.637","lon_dir":"W","spd_over_grnd":"10.65","true_course":"125.813454","datestamp":"150708","mag_variation":"","mag_var_dir":""}
{"timestamp":"090001","status":"A","lat":"3321.437","lat_dir":"N","lon":"11838.632","lon_dir":"W","spd_over_grnd":"10.65","true_course":"126.359985","datestamp":"150708","mag_variation":"","mag_var_dir":""}
{"timestamp":"090003","status":"A","lat":"3321.434","lat_dir":"N","lon":"11838.628","lon_dir":"W","spd_over_grnd":"10.65","true_course":"127.623131","datestamp":"150708","mag_variation":"","mag_var_dir":""}
{"timestamp":"090004","status":"A","lat":"3321.431","lat_dir":"N","lon":"11838.623","lon_dir":"W","spd_over_grnd":"10.65","true_course":"128.258057","datestamp":"150708","mag_variation":"","mag_var_dir":""}
{"timestamp":"090006","status":"A","lat":"3321.429","lat_dir":"N","lon":"11838.619","lon_dir":"W","spd_over_grnd":"10.65","true_course":"127.780113","datestamp":"150708","mag_variation":"","mag_var_dir":""}
{"timestamp":"090007","status":"A","lat":"3321.426","lat_dir":"N","lon":"11838.615","lon_dir":"W","spd_over_grnd":"10.65","true_course":"127.004578","datestamp":"150708","mag_variation":"","mag_var_dir":""}
{"timestamp":"090009","status":"A","lat":"3321.423","lat_dir":"N","lon":"11838.610","lon_dir":"W","spd_over_grnd":"10.65","true_course":"127.239761","datestamp":"150708","mag_variation":"","mag_var_dir":""}
{"timestamp":"090010","status":"A","lat":"3321.420","lat_dir":"N","lon":"11838.606","lon_dir":"W","spd_over_grnd":"10.65","true_course":"128.473312","datestamp":"150708","mag_variation":"","mag_var_dir":""}
{"timestamp":"090012","status":"A","lat":"3321.417","lat_dir":"N","lon":"11838.602","lon_dir":"W","spd_over_grnd":"10.65","true_course":"129.548294","datestamp":"150708","mag_variation":"","mag_var_dir":""}
{"timestamp":"090013","status":"A","lat":"3321.414","lat_dir":"N","lon":"11838.597","lon_dir":"W","spd_over_grnd":"10.65","true_course":"129.323883","datestamp":"150708","mag_variation":"","mag_var_dir":""}
{"timestamp":"090015","status":"A","lat":"3321.411","lat_dir":"N","lon":"11838.593","lon_dir":"W","spd_over_grnd":"10.65","true_course":"128.367599","datestamp":"150708","mag_variation":"","mag_var_dir":""}
{"timestamp":"090016","status":"A","lat":"3321.409","lat_dir":"N","lon":"11838.589","lon_dir":"W","spd_over_grnd":"10.65","true_course":"128.254730","datestamp":"150708","mag_variation":"","mag_var_dir":""}
{"timestamp":"090018","status":"A","lat":"3321.406","lat_dir":"N","lon":"11838.584","lon_dir":"W","spd_over_grnd":"10.65","true_course":"129.324875","datestamp":"150708","mag_variation":"","mag_var_dir":""}
{"timestamp":"090019","status":"A","lat":"3321.403","lat_dir":"N","lon":"11838.580","lon_dir":"W","spd_over_grnd":"10.65","true_course":"130.435486","datestamp":"150708","mag_variation":"","mag_var_dir":""}
{"timestamp":"090021","status":"A","lat":"3321.400","lat_dir":"N","lon":"11838.576","lon_dir":"W","spd_over_grnd":"10.65","true_course":"130.470169","datestamp":"150708","mag_variation":"","mag_var_dir":""}
{"timestamp":"090023","status":"A","lat":"3321.397","lat_dir":"N","lon":"11838.572","lon_dir":"W","spd_over_grnd":"10.65","true_course":"129.705032","datestamp":"150708","mag_variation":"","mag_var_dir":""}
{"timestamp":"090024","status":"A","lat":"3321.394","lat_dir":"N","lon":"11838.568","lon_dir":"W","spd_over_grnd":"10.65","true_course":"129.371857","datestamp":"150708","mag_variation":"","mag_var_dir":""}
{"timestamp":"090026","status":"A","lat":"3321.391","lat_dir":"N","lon":"11838.563","lon_dir":"W","spd_over_grnd":"10.65","true_course":"130.319733","datestamp":"150708","mag_variation":"","mag_var_dir":""}
{"timestamp":"090027","status":"A","lat":"3321.388","lat_dir":"N","lon":"11838.559","lon_dir":"W","spd_over_grnd":"10.65","true_course":"131.651611","datestamp":"150708","mag_variation":"","mag_var_dir":""}
{"timestamp":"090029","status":"A","lat":"3321.385","lat_dir":"N","lon":"11838.555","lon_dir":"W","spd_over_grnd":"10.65","true_course":"131.979584","datestamp":"150708","mag_variation":"","mag_var_dir":""}
{"timestamp":"090030","status":"A","lat":"3321.382","lat_dir":"N","lon":"11838.551","lon_dir":"W","spd_over_grnd":"10.65","true_course":"131.235626","datestamp":"150708","mag_variation":"","mag_var_dir":""}
{"timestamp":"090032","status":"A","lat":"3321.379","lat_dir":"N","lon":"11838.547","lon_dir":"W","spd_over_grnd":"10.65","true_course":"130.462799","datestamp":"150708","mag_variation":"","mag_var_dir":""}
{"timestamp":"090033","status":"A","lat":"3321.376","lat_dir":"N","lon":"11838.543","lon_dir":"W","spd_over_grnd":"10.65","true_course":"130.980927","datestamp":"150708","mag_variation":"","mag_var_dir":""}
{"timestamp":"090035","status":"A","lat":"3321.373","lat_dir":"N","lon":"11838.539","lon_dir":"W","spd_over_grnd":"10.65","true_course":"132.196854","datestamp":"150708","mag_variation":"","mag_var_dir":""}
{"timestamp":"090036","status":"A","lat":"3321.370","lat_dir":"N","lon":"11838.535","lon_dir":"W","spd_over_grnd":"10.65","true_course":"132.855743","datestamp":"150708","mag_variation":"","mag_var_dir":""}
{"timestamp":"090038","status":"A","lat":"3321.366","lat_dir":"N","lon":"11838.530","lon_dir":"W","spd_over_grnd":"10.65","true_course":"132.190552","datestamp":"150708","mag_variation":"","mag_var_dir":""}
{"timestamp":"090039","status":"A","lat":"3321.363","lat_dir":"N","lon":"11838.526","lon_dir":"W","spd_over_grnd":"10.65","true_course":"131.550262","datestamp":"150708","mag_variation":"","mag_var_dir":""}
{"timestamp":"090041","status":"A","lat":"3321.360","lat_dir":"N","lon":"11838.522","lon_dir":"W","spd_over_grnd":"10.65","true_course":"131.865906","datestamp":"150708","mag_variation":"","mag_var_dir":""}
{"timestamp":"090042","status":"A","lat":"3321.357","lat_dir":"N","lon":"11838.519","lon_dir":"W","spd_over_grnd":"10.65","true_course":"133.017715","datestamp":"150708","mag_variation":"","mag_var_dir":""}
{"timestamp":"090044","status":"A","lat":"3321.354","lat_dir":"N","lon":"11838.514","lon_dir":"W","spd_over_grnd":"10.65","true_course":"133.903839","datestamp":"150708","mag_variation":"","mag_var_dir":""}
{"timestamp":"090046","status":"A","lat":"3321.351","lat_dir":"N","lon":"11838.510","lon_dir":"W","spd_over_grnd":"10.65","true_course":"133.246017","datestamp":"150708","mag_variation":"","mag_var_dir":""}
{"timestamp":"090047","status":"A","lat":"3321.348","lat_dir":"N","lon":"11838.506","lon_dir":"W","spd_over_grnd":"10.65","true_course":"132.342072","datestamp":"150708","mag_variation":"","mag_var_dir":""}
{"timestamp":"090049","status":"A","lat":"3321.344","lat_dir":"N","lon":"11838.502","lon_dir":"W","spd_over_grnd":"10.65","true_course":"132.607910","datestamp":"150708","mag_variation":"","mag_var_dir":""}
{"timestamp":"090050","status":"A","lat":"3321.341","lat_dir":"N","lon":"11838.498","lon_dir":"W","spd_over_grnd":"10.65","true_course":"133.963135","datestamp":"150708","mag_variation":"","mag_var_dir":""}
{"timestamp":"090052","status":"A","lat":"3321.338","lat_dir":"N","lon":"11838.494","lon_dir":"W","spd_over_grnd":"10.65","true_course":"134.691605","datestamp":"150708","mag_variation":"","mag_var_dir":""}
{"timestamp":"090054","status":"A","lat":"3321.335","lat_dir":"N","lon":"11838.490","lon_dir":"W","spd_over_grnd":"10.65","true_course":"134.303467","datestamp":"150708","mag_variation":"","mag_var_dir":""}
{"timestamp":"090055","status":"A","lat":"3321.332","lat_dir":"N","lon":"11838.486","lon_dir":"W","spd_over_grnd":"10.65","true_course":"133.415054","datestamp":"150708","mag_variation":"","mag_var_dir":""}
{"timestamp":"090057","status":"A","lat":"3321.328","lat_dir":"N","lon":"11838.482","lon_dir":"W","spd_over_grnd":"10.65","true_course":"133.724457","datestamp":"150708","mag_variation":"","mag_var_dir":""}
{"timestamp":"090058","status":"A","lat":"3321.325","lat_dir":"N","lon":"11838.478","lon_dir":"W","spd_over_grnd":"10.65","true_course":"134.969589","datestamp":"150708","mag_variation":"","mag_var_dir":""}
{"timestamp":"090100","status":"A","lat":"3321.322","lat_dir":"N","lon":"11838.474","lon_dir":"W","spd_over_grnd":"10.65","true_course":"135.772614","datestamp":"150708","mag_variation":"","mag_var_dir":""}
{"timestamp":"090102","status":"A","lat":"3321.319","lat_dir":"N","lon":"11838.470","lon_dir":"W","spd_over_grnd":"10.65","true_course":"135.376541","datestamp":"150708","mag_variation":"","mag_var_dir":""}
{"timestamp":"090103","status":"A","lat":"3321.315","lat_dir":"N","lon":"11838.466","lon_dir":"W","spd_over_grnd":"10.65","true_course":"134.449417","datestamp":"150708","mag_variation":"","mag_var_dir":""}
{"timestamp":"090105","status":"A","lat":"3321.312","lat_dir":"N","lon":"11838.463","lon_dir":"W","spd_over_grnd":"10.65","true_course":"134.509735","datestamp":"150708","mag_variation":"","mag_var_dir":""}
{"timestamp":"090106","status":"A","lat":"3321.309","lat_dir":"N","lon":"11838.459","lon_dir":"W","spd_over_grnd":"10.65","true_course":"135.721664","datestamp":"150708","mag_variation":"","mag_var_dir":""}
{"timestamp":"090108","status":"A","lat":"3321.305","lat_dir":"N","lon":"11838.455","lon_dir":"W","spd_over_grnd":"10.65","true_course":"136.703110","datestamp":"150708","mag_variation":"","mag_var_dir":""}
{"timestamp":"090109","status":"A","lat":"3321.302","lat_dir":"N","lon":"11838.451","lon_dir":"W","spd_over_grnd":"10.65","true_course":"136.455704","datestamp":"150708","mag_variation":"","mag_var_dir":""}
{"timestamp":"090111","status":"A","lat":"3321.299","lat_dir":"N","lon":"11838.448","lon_dir":"W","spd_over_grnd":"10.65","true_course":"135.453415","datestamp":"150708","mag_variation":"","mag_var_dir":""}
{"timestamp":"090112","status":"A","lat":"3321.296","lat_dir":"N","lon":"11838.443","lon_dir":"W","spd_over_grnd":"10.65","true_course":"135.458511","datestamp":"150708","mag_variation":"","mag_var_dir":""}
{"timestamp":"090114","status":"A","lat":"3321.292","lat_dir":"N","lon":"11838.440","lon_dir":"W","spd_over_grnd":"10.65","true_course":"136.636505","datestamp":"150708","mag_variation":"","mag_var_dir":""}
{"timestamp":"090116","status":"A","lat":"3321.289","lat_dir":"N","lon":"11838.436","lon_dir":"W","spd_over_grnd":"10.65","true_course":"137.616821","datestamp":"150708","mag_variation":"","mag_var_dir":""}
