{"timestamp":"082844","status":"A","lat":"3319.527","lat_dir":"N","lon":"11835.834","lon_dir":"W","spd_over_grnd":"20.01","true_course":"272.389130","datestamp":"150708","mag_variation":"","mag_var_dir":""}
{"timestamp":"082846","status":"A","lat":"3319.527","lat_dir":"N","lon":"11835.845","lon_dir":"W","spd_over_grnd":"20.00","true_course":"271.584137","datestamp":"150708","mag_variation":"","mag_var_dir":""}
{"timestamp":"082847","status":"A","lat":"3319.527","lat_dir":"N","lon":"11835.856","lon_dir":"W","spd_over_grnd":"20.00","true_course":"270.554810","datestamp":"150708","mag_variation":"","mag_var_dir":""}
{"timestamp":"082849","status":"A","lat":"3319.528","lat_dir":"N","lon":"11835.867","lon_dir":"W","spd_over_grnd":"19.99","true_course":"270.646301","datestamp":"150708","mag_variation":"","mag_var_dir":""}
{"timestamp":"082851","status":"A","lat":"3319.528","lat_dir":"N","lon":"11835.878","lon_dir":"W","spd_over_grnd":"19.99","true_course":"271.852966","datestamp":"150708","mag_variation":"","mag_var_dir":""}
{"timestamp":"082852","status":"A","lat":"3319.528","lat_dir":"N","lon":"11835.888","lon_dir":"W","spd_over_grnd":"19.98","true_course":"272.363708","datestamp":"150708","mag_variation":"","mag_var_dir":""}
{"timestamp":"082854","status":"A","lat":"3319.528","lat_dir":"N","lon":"11835.899","lon_dir":"W","spd_over_grnd":"19.98","true_course":"271.620270","datestamp":"150708","mag_variation":"","mag_var_dir":""}
{"timestamp":"082855","status":"A","lat":"3319.528","lat_dir":"N","lon":"11835.909","lon_dir":"W","spd_over_grnd":"19.98","true_course":"270.679718","datestamp":"150708","mag_variation":"","mag_var_dir":""}
{"timestamp":"082857","status":"A","lat":"3319.529","lat_dir":"N","lon":"11835.920","lon_dir":"W","spd_over_grnd":"19.98","true_course":"270.869385","datestamp":"150708","mag_variation":"","mag_var_dir":""}
{"timestamp":"082859","status":"A","lat":"3319.529","lat_dir":"N","lon":"11835.930","lon_dir":"W","spd_over_grnd":"19.97","true_course":"271.929077","datestamp":"150708","mag_variation":"","mag_var_dir":""}
{"timestamp":"082900","status":"A","lat":"3319.529","lat_dir":"N","lon":"11835.941","lon_dir":"W","spd_over_grnd":"19.97","true_course":"272.539124","datestamp":"150708","mag_variation":"","mag_var_dir":""}
{"timestamp":"082902","status":"A","lat":"3319.530","lat_dir":"N","lon":"11835.951","lon_dir":"W","spd_over_grnd":"19.97","true_course":"272.030823","datestamp":"150708","mag_variation":"","mag_var_dir":""}
{"timestamp":"082903","status":"A","lat":"3319.530","lat_dir":"N","lon":"11835.962","lon_dir":"W","spd_over_grnd":"19.97","true_course":"270.754456","datestamp":"150708","mag_variation":"","mag_var_dir":""}
{"timestamp":"082905","status":"A","lat":"3319.530","lat_dir":"N","lon":"11835.972","lon_dir":"W","spd_over_grnd":"19.97","true_course":"270.699493","datestamp":"150708","mag_variation":"","mag_var_dir":""}
{"timestamp":"082906","status":"A","lat":"3319.530","lat_dir":"N","lon":"11835.983","lon_dir":"W","spd_over_grnd":"19.97","true_course":"271.655029","datestamp":"150708","mag_variation":"","mag_var_dir":""}
{"timestamp":"082908","status":"A","lat":"3319.530","lat_dir":"N","lon":"11835.993","lon_dir":"W","spd_over_grnd":"19.97","true_course":"272.515869","datestamp":"150708","mag_variation":"","mag_var_dir":""}
{"timestamp":"082909","status":"A","lat":"3319.531","lat_dir":"N","lon":"11836.003","lon_dir":"W","spd_over_grnd":"19.97","true_course":"272.016479","datestamp":"150708","mag_variation":"","mag_var_dir":""}
{"timestamp":"082911","status":"A","lat":"3319.531","lat_dir":"N","lon":"11836.014","lon_dir":"W","spd_over_grnd":"19.97","true_course":"270.790100","datestamp":"150708","mag_variation":"","mag_var_dir":""}
{"timestamp":"082913","status":"A","lat":"3319.531","lat_dir":"N","lon":"11836.024","lon_dir":"W","spd_over_grnd":"19.96","true_course":"270.550903","datestamp":"150708","mag_variation":"","mag_var_dir":""}
{"timestamp":"082914","status":"A","lat":"3319.531","lat_dir":"N","lon":"11836.035","lon_dir":"W","spd_over_grnd":"19.96","true_course":"271.400055","datestamp":"150708","mag_variation":"","mag_var_dir":""}
{"timestamp":"082916","status":"A","lat":"3319.531","lat_dir":"N","lon":"11836.046","lon_dir":"W","spd_over_grnd":"19.96","true_course":"272.248047","datestamp":"150708","mag_variation":"","mag_var_dir":""}
{"timestamp":"082917","status":"A","lat":"3319.532","lat_dir":"N","lon":"11836.056","lon_dir":"W","spd_over_grnd":"19.96","true_course":"271.880402","datestamp":"150708","mag_variation":"","mag_var_dir":""}
{"timestamp":"082919","status":"A","lat":"3319.532","lat_dir":"N","lon":"11836.067","lon_dir":"W","spd_over_grnd":"19.96","true_course":"270.803101","datestamp":"150708","mag_variation":"","mag_var_dir":""}
{"timestamp":"082920","status":"A","lat":"3319.532","lat_dir":"N","lon":"11836.077","lon_dir":"W","spd_over_grnd":"19.96","true_course":"270.328278","datestamp":"150708","mag_variation":"","mag_var_dir":""}
{"timestamp":"082922","status":"A","lat":"3319.532","lat_dir":"N","lon":"11836.087","lon_dir":"W","spd_over_grnd":"19.96","true_course":"270.950348","datestamp":"150708","mag_variation":"","mag_var_dir":""}
{"timestamp":"082923","status":"A","lat":"3319.532","lat_dir":"N","lon":"11836.097","lon_dir":"W","spd_over_grnd":"19.96","true_course":"271.855591","datestamp":"150708","mag_variation":"","mag_var_dir":""}
{"timestamp":"082925","status":"A","lat":"3319.533","lat_dir":"N","lon":"11836.108","lon_dir":"W","spd_over_grnd":"19.96","true_course":"271.784302","datestamp":"150708","mag_variation":"","mag_var_dir":""}
{"timestamp":"082926","status":"A","lat":"3319.533","lat_dir":"N","lon":"11836.118","lon_dir":"W","spd_over_grnd":"19.96","true_course":"270.749115","datestamp":"150708","mag_variation":"","mag_var_dir":""}
{"timestamp":"082928","status":"A","lat":"3319.533","lat_dir":"N","lon":"11836.129","lon_dir":"W","spd_over_grnd":"19.96","true_course":"270.133881","datestamp":"150708","mag_variation":"","mag_var_dir":""}
{"timestamp":"082930","status":"A","lat":"3319.533","lat_dir":"N","lon":"11836.140","lon_dir":"W","spd_over_grnd":"19.96","true_course":"270.852570","datestamp":"150708","mag_variation":"","mag_var_dir":""}
{"timestamp":"082931","status":"A","lat":"3319.533","lat_dir":"N","lon":"11836.150","lon_dir":"W","spd_over_grnd":"19.96","true_course":"271.891296","datestamp":"150708","mag_variation":"","mag_var_dir":""}
{"timestamp":"082933","status":"A","lat":"3319.533","lat_dir":"N","lon":"11836.161","lon_dir":"W","spd_over_grnd":"19.96","true_course":"271.866272","datestamp":"150708","mag_variation":"","mag_var_dir":""}
{"timestamp":"082934","status":"A","lat":"3319.534","lat_dir":"N","lon":"11836.171","lon_dir":"W","spd_over_grnd":"19.96","true_course":"270.824280","datestamp":"150708","mag_variation":"","mag_var_dir":""}
{"timestamp":"082936","status":"A","lat":"3319.534","lat_dir":"N","lon":"11836.182","lon_dir":"W","spd_over_grnd":"19.96","true_course":"270.192749","datestamp":"150708","mag_variation":"","mag_var_dir":""}
{"timestamp":"082938","status":"A","lat":"3319.534","lat_dir":"N","lon":"11836.192","lon_dir":"W","spd_over_grnd":"19.96","true_course":"270.876526","datestamp":"150708","mag_variation":"","mag_var_dir":""}
{"timestamp":"082939","status":"A","lat":"3319.534","lat_dir":"N","lon":"11836.203","lon_dir":"W","spd_over_grnd":"19.96","true_course":"271.812897","datestamp":"150708","mag_variation":"","mag_var_dir":""}
{"timestamp":"082941","status":"A","lat":"3319.534","lat_dir":"N","lon":"11836.213","lon_dir":"W","spd_over_grnd":"19.96","true_course":"271.871826","datestamp":"150708","mag_variation":"","mag_var_dir":""}
{"timestamp":"082942","status":"A","lat":"3319.535","lat_dir":"N","lon":"11836.223","lon_dir":"W","spd_over_grnd":"19.96","true_course":"270.822815","datestamp":"150708","mag_variation":"","mag_var_dir":""}
{"timestamp":"082944","status":"A","lat":"3319.535","lat_dir":"N","lon":"11836.234","lon_dir":"W","spd_over_grnd":"19.96","true_course":"270.205963","datestamp":"150708","mag_variation":"","mag_var_dir":""}
{"timestamp":"082945","status":"A","lat":"3319.535","lat_dir":"N","lon":"11836.245","lon_dir":"W","spd_over_grnd":"19.96","true_course":"270.841309","datestamp":"150708","mag_variation":"","mag_var_dir":""}
{"timestamp":"082947","status":"A","lat":"3319.535","lat_dir":"N","lon":"11836.255","lon_dir":"W","spd_over_grnd":"19.96","true_course":"271.986572","datestamp":"150708","mag_variation":"","mag_var_dir":""}
{"timestamp":"082949","status":"A","lat":"3319.535","lat_dir":"N","lon":"11836.266","lon_dir":"W","spd_over_grnd":"19.96","true_course":"272.089539","datestamp":"150708","mag_variation":"","mag_var_dir":""}
{"timestamp":"082950","status":"A","lat":"3319.536","lat_dir":"N","lon":"11836.276","lon_dir":"W","spd_over_grnd":"19.96","true_course":"271.099731","datestamp":"150708","mag_variation":"","mag_var_dir":""}
{"timestamp":"082952","status":"A","lat":"3319.536","lat_dir":"N","lon":"11836.286","lon_dir":"W","spd_over_grnd":"19.96","true_course":"270.253723","datestamp":"150708","mag_variation":"","mag_var_dir":""}
{"timestamp":"082953","status":"A","lat":"3319.536","lat_dir":"N","lon":"11836.297","lon_dir":"W","spd_over_grnd":"19.96","true_course":"270.719360","datestamp":"150708","mag_variation":"","mag_var_dir":""}
{"timestamp":"082955","status":"A","lat":"3319.536","lat_dir":"N","lon":"11836.308","lon_dir":"W","spd_over_grnd":"19.96","true_course":"271.885071","datestamp":"150708","mag_variation":"","mag_var_dir":""}
{"timestamp":"082956","status":"A","lat":"3319.536","lat_dir":"N","lon":"11836.318","lon_dir":"W","spd_over_grnd":"19.96","true_course":"272.247925","datestamp":"150708","mag_variation":"","mag_var_dir":""}
{"timestamp":"082958","status":"A","lat":"3319.536","lat_dir":"N","lon":"11836.328","lon_dir":"W","spd_over_grnd":"19.96","true_course":"271.479248","datestamp":"150708","mag_variation":"","mag_var_dir":""}
{"timestamp":"082959","status":"A","lat":"3319.537","lat_dir":"N","lon":"11836.339","lon_dir":"W","spd_over_grnd":"19.96","true_course":"270.542664","datestamp":"150708","mag_variation":"","mag_var_dir":""}
{"timestamp":"083001","status":"A","lat":"3319.537","lat_dir":"N","lon":"11836.349","lon_dir":"W","spd_over_grnd":"19.96","true_course":"270.575470","datestamp":"150708","mag_variation":"","mag_var_dir":""}
{"timestamp":"083002","status":"A","lat":"3319.537","lat_dir":"N","lon":"11836.359","lon_dir":"W","spd_over_grnd":"19.96","true_course":"271.529968","datestamp":"150708","mag_variation":"","mag_var_dir":""}
{"timestamp":"083004","status":"A","lat":"3319.537","lat_dir":"N","lon":"11836.370","lon_dir":"W","spd_over_grnd":"19.96","true_course":"272.294464","datestamp":"150708","mag_variation":"","mag_var_dir":""}
{"timestamp":"083005","status":"A","lat":"3319.537","lat_dir":"N","lon":"11836.380","lon_dir":"W","spd_over_grnd":"19.96","true_course":"271.710052","datestamp":"150708","mag_variation":"","mag_var_dir":""}
{"timestamp":"083007","status":"A","lat":"3319.538","lat_dir":"N","lon":"11836.390","lon_dir":"W","spd_over_grnd":"19.96","true_course":"270.447784","datestamp":"150708","mag_variation":"","mag_var_dir":""}
{"timestamp":"083009","status":"A","lat":"3319.538","lat_dir":"N","lon":"11836.401","lon_dir":"W","spd_over_grnd":"19.96","true_course":"270.358826","datestamp":"150708","mag_variation":"","mag_var_dir":""}
{"timestamp":"083010","status":"A","lat":"3319.538","lat_dir":"N","lon":"11836.412","lon_dir":"W","spd_over_grnd":"19.96","true_course":"271.224243","datestamp":"150708","mag_variation":"","mag_var_dir":""}
{"timestamp":"083012","status":"A","lat":"3319.538","lat_dir":"N","lon":"11836.422","lon_dir":"W","spd_over_grnd":"19.96","true_course":"271.937073","datestamp":"150708","mag_variation":"","mag_var_dir":""}
{"timestamp":"083013","status":"A","lat":"3319.538","lat_dir":"N","lon":"11836.432","lon_dir":"W","spd_over_grnd":"19.96","true_course":"271.555725","datestamp":"150708","mag_variation":"","mag_var_dir":""}
{"timestamp":"083015","status":"A","lat":"3319.538","lat_dir":"N","lon":"11836.443","lon_dir":"W","spd_over_grnd":"19.96","true_course":"270.547455","datestamp":"150708","mag_variation":"","mag_var_dir":""}
{"timestamp":"083016","status":"A","lat":"3319.538","lat_dir":"N","lon":"11836.453","lon_dir":"W","spd_over_grnd":"19.96","true_course":"270.131592","datestamp":"150708","mag_variation":"","mag_var_dir":""}
{"timestamp":"083018","status":"A","lat":"3319.538","lat_dir":"N","lon":"11836.464","lon_dir":"W","spd_over_grnd":"19.96","true_course":"270.884338","datestamp":"150708","mag_variation":"","mag_var_dir":""}
{"timestamp":"083019","status":"A","lat":"3319.539","lat_dir":"N","lon":"11836.474","lon_dir":"W","spd_over_grnd":"19.96","true_course":"271.921021","datestamp":"150708","mag_variation":"","mag_var_dir":""}
{"timestamp":"083021","status":"A","lat":"3319.539","lat_dir":"N","lon":"11836.484","lon_dir":"W","spd_over_grnd":"19.96","true_course":"271.891113","datestamp":"150708","mag_variation":"","mag_var_dir":""}
{"timestamp":"083022","status":"A","lat":"3319.539","lat_dir":"N","lon":"11836.495","lon_dir":"W","spd_over_grnd":"19.96","true_course":"270.667664","datestamp":"150708","mag_variation":"","mag_var_dir":""}
{"timestamp":"083024","status":"A","lat":"3319.539","lat_dir":"N","lon":"11836.505","lon_dir":"W","spd_over_grnd":"19.96","true_course":"269.943176","datestamp":"150708","mag_variation":"","mag_var_dir":""}
{"timestamp":"083026","status":"A","lat":"3319.539","lat_dir":"N","lon":"11836.516","lon_dir":"W","spd_over_grnd":"19.96","true_course":"270.598816","datestamp":"150708","mag_variation":"","mag_var_dir":""}
{"timestamp":"083027","status":"A","lat":"3319.539","lat_dir":"N","lon":"11836.526","lon_dir":"W","spd_over_grnd":"19.96","true_course":"271.654358","datestamp":"150708","mag_variation":"","mag_var_dir":""}
{"timestamp":"083029","status":"A","lat":"3319.540","lat_dir":"N","lon":"11836.537","lon_dir":"W","spd_over_grnd":"19.96","true_course":"271.684387","datestamp":"150708","mag_variation":"","mag_var_dir":""}
{"timestamp":"083030","status":"A","lat":"3319.540","lat_dir":"N","lon":"11836.547","lon_dir":"W","spd_over_grnd":"19.96","true_course":"270.735107","datestamp":"150708","mag_variation":"","mag_var_dir":""}
{"timestamp":"083032","status":"A","lat":"3319.540","lat_dir":"N","lon":"11836.558","lon_dir":"W","spd_over_grnd":"19.96","true_course":"269.989380","datestamp":"150708","mag_variation":"","mag_var_dir":""}
{"timestamp":"083033","status":"A","lat":"3319.540","lat_dir":"N","lon":"11836.568","lon_dir":"W","spd_over_grnd":"19.96","true_course":"270.562347","datestamp":"150708","mag_variation":"","mag_var_dir":""}
{"timestamp":"083035","status":"A","lat":"3319.540","lat_dir":"N","lon":"11836.579","lon_dir":"W","spd_over_grnd":"19.96","true_course":"271.682343","datestamp":"150708","mag_variation":"","mag_var_dir":""}
{"timestamp":"083037","status":"A","lat":"3319.541","lat_dir":"N","lon":"11836.590","lon_dir":"W","spd_over_grnd":"19.96","true_course":"271.806549","datestamp":"150708","mag_variation":"","mag_var_dir":""}
{"timestamp":"083038","status":"A","lat":"3319.541","lat_dir":"N","lon":"11836.600","lon_dir":"W","spd_over_grnd":"19.96","true_course":"270.967377","datestamp":"150708","mag_variation":"","mag_var_dir":""}
{"timestamp":"083040","status":"A","lat":"3319.541","lat_dir":"N","lon":"11836.611","lon_dir":"W","spd_over_grnd":"19.96","true_course":"270.286896","datestamp":"150708","mag_variation":"","mag_var_dir":""}
{"timestamp":"083041","status":"A","lat":"3319.541","lat_dir":"N","lon":"11836.622","lon_dir":"W","spd_over_grnd":"19.96","true_course":"270.731995","datestamp":"150708","mag_variation":"","mag_var_dir":""}
{"timestamp":"083043","status":"A","lat":"3319.541","lat_dir":"N","lon":"11836.632","lon_dir":"W","spd_over_grnd":"19.96","true_course":"271.717743","datestamp":"150708","mag_variation":"","mag_var_dir":""}
{"timestamp":"083044","status":"A","lat":"3319.541","lat_dir":"N","lon":"11836.642","lon_dir":"W","spd_over_grnd":"19.96","true_course":"272.058258","datestamp":"150708","mag_variation":"","mag_var_dir":""}
{"timestamp":"083046","status":"A","lat":"3319.542","lat_dir":"N","lon":"11836.652","lon_dir":"W","spd_over_grnd":"19.96","true_course":"271.256134","datestamp":"150708","mag_variation":"","mag_var_dir":""}
{"timestamp":"083047","status":"A","lat":"3319.542","lat_dir":"N","lon":"11836.663","lon_dir":"W","spd_over_grnd":"19.96","true_course":"270.372772","datestamp":"150708","mag_variation":"","mag_var_dir":""}
{"timestamp":"083049","status":"A","lat":"3319.542","lat_dir":"N","lon":"11836.673","lon_dir":"W","spd_over_grnd":"19.96","true_course":"270.609619","datestamp":"150708","mag_variation":"","mag_var_dir":""}
{"timestamp":"083051","status":"A","lat":"3319.542","lat_dir":"N","lon":"11836.684","lon_dir":"W","spd_over_grnd":"19.96","true_course":"271.629242","datestamp":"150708","mag_variation":"","mag_var_dir":""}
{"timestamp":"083052","status":"A","lat":"3319.542","lat_dir":"N","lon":"11836.695","lon_dir":"W","spd_over_grnd":"19.96","true_course":"272.170593","datestamp":"150708","mag_variation":"","mag_var_dir":""}
{"timestamp":"083054","status":"A","lat":"3319.543","lat_dir":"N","lon":"11836.705","lon_dir":"W","spd_over_grnd":"19.96","true_course":"271.413452","datestamp":"150708","mag_variation":"","mag_var_dir":""}
{"timestamp":"083055","status":"A","lat":"3319.543","lat_dir":"N","lon":"11836.716","lon_dir":"W","spd_over_grnd":"19.96","true_course":"270.169830","datestamp":"150708","mag_variation":"","mag_var_dir":""}
{"timestamp":"083057","status":"A","lat":"3319.543","lat_dir":"N","lon":"11836.726","lon_dir":"W","spd_over_grnd":"19.96","true_course":"270.201691","datestamp":"150708","mag_variation":"","mag_var_dir":""}
{"timestamp":"083058","status":"A","lat":"3319.543","lat_dir":"N","lon":"11836.737","lon_dir":"W","spd_over_grnd":"19.96","true_course":"271.258392","datestamp":"150708","mag_variation":"","mag_var_dir":""}
{"timestamp":"083100","status":"A","lat":"3319.543","lat_dir":"N","lon":"11836.748","lon_dir":"W","spd_over_grnd":"19.96","true_course":"271.985413","datestamp":"150708","mag_variation":"","mag_var_dir":""}
{"timestamp":"083101","status":"A","lat":"3319.543","lat_dir":"N","lon":"11836.758","lon_dir":"W","spd_over_grnd":"19.96","true_course":"271.436127","datestamp":"150708","mag_variation":"","mag_var_dir":""}
{"timestamp":"083103","status":"A","lat":"3319.544","lat_dir":"N","lon":"11836.769","lon_dir":"W","spd_over_grnd":"19.96","true_course":"270.387115","datestamp":"150708","mag_variation":"","mag_var_dir":""}
{"timestamp":"083105","status":"A","lat":"3319.544","lat_dir":"N","lon":"11836.779","lon_dir":"W","spd_over_grnd":"19.96","true_course":"270.200317","datestamp":"150708","mag_variation":"","mag_var_dir":""}
{"timestamp":"083106","status":"A","lat":"3319.544","lat_dir":"N","lon":"11836.790","lon_dir":"W","spd_over_grnd":"19.96","true_course":"271.166534","datestamp":"150708","mag_variation":"","mag_var_dir":""}
{"timestamp":"083108","status":"A","lat":"3319.544","lat_dir":"N","lon":"11836.800","lon_dir":"W","spd_over_grnd":"19.96","true_course":"272.161316","datestamp":"150708","mag_variation":"","mag_var_dir":""}
{"timestamp":"083109","status":"A","lat":"3319.544","lat_dir":"N","lon":"11836.810","lon_dir":"W","spd_over_grnd":"19.96","true_course":"271.735474","datestamp":"150708","mag_variation":"","mag_var_dir":""}
{"timestamp":"083111","status":"A","lat":"3319.544","lat_dir":"N","lon":"11836.821","lon_dir":"W","spd_over_grnd":"19.96","true_course":"270.662201","datestamp":"150708","mag_variation":"","mag_var_dir":""}
{"timestamp":"083112","status":"A","lat":"3319.544","lat_dir":"N","lon":"11836.831","lon_dir":"W","spd_over_grnd":"19.96","true_course":"270.255341","datestamp":"150708","mag_variation":"","mag_var_dir":""}
{"timestamp":"083114","status":"A","lat":"3319.544","lat_dir":"N","lon":"11836.841","lon_dir":"W","spd_over_grnd":"19.96","true_course":"270.967407","datestamp":"150708","mag_variation":"","mag_var_dir":""}
{"timestamp":"083115","status":"A","lat":"3319.545","lat_dir":"N","lon":"11836.852","lon_dir":"W","spd_over_grnd":"19.96","true_course":"272.093353","datestamp":"150708","mag_variation":"","mag_var_dir":""}
{"timestamp":"083117","status":"A","lat":"3319.545","lat_dir":"N","lon":"11836.862","lon_dir":"W","spd_over_grnd":"19.96","true_course":"272.009491","datestamp":"150708","mag_variation":"","mag_var_dir":""}
{"timestamp":"083118","status":"A","lat":"3319.545","lat_dir":"N","lon":"11836.873","lon_dir":"W","spd_over_grnd":"19.96","true_course":"270.976318","datestamp":"150708","mag_variation":"","mag_var_dir":""}
{"timestamp":"083120","status":"A","lat":"3319.545","lat_dir":"N","lon":"11836.883","lon_dir":"W","spd_over_grnd":"19.96","true_course":"270.414978","datestamp":"150708","mag_variation":"","mag_var_dir":""}
{"timestamp":"083122","status":"A","lat":"3319.546","lat_dir":"N","lon":"11836.893","lon_dir":"W","spd_over_grnd":"19.96","true_course":"271.030945","datestamp":"150708","mag_variation":"","mag_var_dir":""}
{"timestamp":"083123","status":"A","lat":"3319.546","lat_dir":"N","lon":"11836.904","lon_dir":"W","spd_over_grnd":"19.96","true_course":"271.936432","datestamp":"150708","mag_variation":"","mag_var_dir":""}
{"timestamp":"083125","status":"A","lat":"3319.546","lat_dir":"N","lon":"11836.915","lon_dir":"W","spd_over_grnd":"19.96","true_course":"272.032349","datestamp":"150708","mag_variation":"","mag_var_dir":""}
{"timestamp":"083126","status":"A","lat":"3319.546","lat_dir":"N","lon":"11836.925","lon_dir":"W","spd_over_grnd":"19.96","true_course":"271.015320","datestamp":"150708","mag_variation":"","mag_var_dir":""}
{"timestamp":"083128","status":"A","lat":"3319.547","lat_dir":"N","lon":"11836.936","lon_dir":"W","spd_over_grnd":"19.96","true_course":"270.206085","datestamp":"150708","mag_variation":"","mag_var_dir":""}
{"timestamp":"083129","status":"A","lat":"3319.547","lat_dir":"N","lon":"11836.946","lon_dir":"W","spd_over_grnd":"19.96","true_course":"270.670349","datestamp":"150708","mag_variation":"","mag_var_dir":""}
{"timestamp":"083131","status":"A","lat":"3319.547","lat_dir":"N","lon":"11836.957","lon_dir":"W","spd_over_grnd":"19.96","true_course":"271.910278","datestamp":"150708","mag_variation":"","mag_var_dir":""}
{"timestamp":"083132","status":"A","lat":"3319.547","lat_dir":"N","lon":"11836.967","lon_dir":"W","spd_over_grnd":"19.96","true_course":"272.237061","datestamp":"150708","mag_variation":"","mag_var_dir":""}
{"timestamp":"083134","status":"A","lat":"3319.547","lat_dir":"N","lon":"11836.978","lon_dir":"W","spd_over_grnd":"19.96","true_course":"271.344177","datestamp":"150708","mag_variation":"","mag_var_dir":""}
{"timestamp":"083136","status":"A","lat":"3319.547","lat_dir":"N","lon":"11836.988","lon_dir":"W","spd_over_grnd":"19.96","true_course":"270.367737","datestamp":"150708","mag_variation":"","mag_var_dir":""}
{"timestamp":"083137","status":"A","lat":"3319.547","lat_dir":"N","lon":"11836.999","lon_dir":"W","spd_over_grnd":"19.96","true_course":"270.673187","datestamp":"150708","mag_variation":"","mag_var_dir":""}
{"timestamp":"083139","status":"A","lat":"3319.548","lat_dir":"N","lon":"11837.010","lon_dir":"W","spd_over_grnd":"19.96","true_course":"271.772552","datestamp":"150708","mag_variation":"","mag_var_dir":""}
{"timestamp":"083140","status":"A","lat":"3319.548","lat_dir":"N","lon":"11837.020","lon_dir":"W","spd_over_grnd":"19.96","true_course":"272.281403","datestamp":"150708","mag_variation":"","mag_var_dir":""}
{"timestamp":"083142","status":"A","lat":"3319.548","lat_dir":"N","lon":"11837.031","lon_dir":"W","spd_over_grnd":"19.96","true_course":"271.516876","datestamp":"150708","mag_variation":"","mag_var_dir":""}
{"timestamp":"083143","status":"A","lat":"3319.548","lat_dir":"N","lon":"11837.041","lon_dir":"W","spd_over_grnd":"19.96","true_course":"270.363647","datestamp":"150708","mag_variation":"","mag_var_dir":""}
{"timestamp":"083145","status":"A","lat":"3319.549","lat_dir":"N","lon":"11837.052","lon_dir":"W","spd_over_grnd":"19.96","true_course":"270.414642","datestamp":"150708","mag_variation":"","mag_var_dir":""}
{"timestamp":"083146","status":"A","lat":"3319.549","lat_dir":"N","lon":"11837.062","lon_dir":"W","spd_over_grnd":"19.96","true_course":"271.526978","datestamp":"150708","mag_variation":"","mag_var_dir":""}
{"timestamp":"083148","status":"A","lat":"3319.549","lat_dir":"N","lon":"11837.073","lon_dir":"W","spd_over_grnd":"19.96","true_course":"272.223633","datestamp":"150708","mag_variation":"","mag_var_dir":""}
{"timestamp":"083150","status":"A","lat":"3319.549","lat_dir":"N","lon":"11837.083","lon_dir":"W","spd_over_grnd":"19.96","true_course":"271.615662","datestamp":"150708","mag_variation":"","mag_var_dir":""}
{"timestamp":"083151","status":"A","lat":"3319.549","lat_dir":"N","lon":"11837.094","lon_dir":"W","spd_over_grnd":"19.96","true_course":"270.536591","datestamp":"150708","mag_variation":"","mag_var_dir":""}
{"timestamp":"083153","status":"A","lat":"3319.549","lat_dir":"N","lon":"11837.104","lon_dir":"W","spd_over_grnd":"19.96","true_course":"270.435638","datestamp":"150708","mag_variation":"","mag_var_dir":""}
{"timestamp":"083154","status":"A","lat":"3319.549","lat_dir":"N","lon":"11837.115","lon_dir":"W","spd_over_grnd":"19.96","true_course":"271.345551","datestamp":"150708","mag_variation":"","mag_var_dir":""}
{"timestamp":"083156","status":"A","lat":"3319.550","lat_dir":"N","lon":"11837.125","lon_dir":"W","spd_over_grnd":"19.96","true_course":"272.119202","datestamp":"150708","mag_variation":"","mag_var_dir":""}
{"timestamp":"083157","status":"A","lat":"3319.550","lat_dir":"N","lon":"11837.136","lon_dir":"W","spd_over_grnd":"19.96","true_course":"271.674347","datestamp":"150708","mag_variation":"","mag_var_dir":""}
{"timestamp":"083159","status":"A","lat":"3319.550","lat_dir":"N","lon":"11837.147","lon_dir":"W","spd_over_grnd":"19.96","true_course":"270.640411","datestamp":"150708","mag_variation":"","mag_var_dir":""}
{"timestamp":"083200","status":"A","lat":"3319.550","lat_dir":"N","lon":"11837.157","lon_dir":"W","spd_over_grnd":"19.96","true_course":"270.338379","datestamp":"150708","mag_variation":"","mag_var_dir":""}
{"timestamp":"083202","status":"A","lat":"3319.551","lat_dir":"N","lon":"11837.167","lon_dir":"W","spd_over_grnd":"19.96","true_course":"271.333496","datestamp":"150708","mag_variation":"","mag_var_dir":""}
{"timestamp":"083204","status":"A","lat":"3319.551","lat_dir":"N","lon":"11837.178","lon_dir":"W","spd_over_grnd":"19.96","true_course":"272.239502","datestamp":"150708","mag_variation":"","mag_var_dir":""}
{"timestamp":"083205","status":"A","lat":"3319.551","lat_dir":"N","lon":"11837.189","lon_dir":"W","spd_over_grnd":"19.96","true_course":"271.916473","datestamp":"150708","mag_variation":"","mag_var_dir":""}
{"timestamp":"083207","status":"A","lat":"3319.551","lat_dir":"N","lon":"11837.199","lon_dir":"W","spd_over_grnd":"19.96","true_course":"270.844513","datestamp":"150708","mag_variation":"","mag_var_dir":""}
{"timestamp":"083208","status":"A","lat":"3319.552","lat_dir":"N","lon":"11837.210","lon_dir":"W","spd_over_grnd":"19.96","true_course":"270.320831","datestamp":"150708","mag_variation":"","mag_var_dir":""}
{"timestamp":"083210","status":"A","lat":"3319.552","lat_dir":"N","lon":"11837.221","lon_dir":"W","spd_over_grnd":"19.96","true_course":"271.082153","datestamp":"150708","mag_variation":"","mag_var_dir":""}
{"timestamp":"083211","status":"A","lat":"3319.552","lat_dir":"N","lon":"11837.231","lon_dir":"W","spd_over_grnd":"19.96","true_course":"272.029724","datestamp":"150708","mag_variation":"","mag_var_dir":""}
{"timestamp":"083213","status":"A","lat":"3319.552","lat_dir":"N","lon":"11837.242","lon_dir":"W","spd_over_grnd":"19.96","true_course":"271.974792","datestamp":"150708","mag_variation":"","mag_var_dir":""}
{"timestamp":"083214","status":"A","lat":"3319.552","lat_dir":"N","lon":"11837.252","lon_dir":"W","spd_over_grnd":"19.96","true_course":"270.780273","datestamp":"150708","mag_variation":"","mag_var_dir":""}
{"timestamp":"083216","status":"A","lat":"3319.552","lat_dir":"N","lon":"11837.263","lon_dir":"W","spd_over_grnd":"19.96","true_course":"270.060577","datestamp":"150708","mag_variation":"","mag_var_dir":""}
{"timestamp":"083217","status":"A","lat":"3319.552","lat_dir":"N","lon":"11837.273","lon_dir":"W","spd_over_grnd":"19.96","true_course":"270.560547","datestamp":"150708","mag_variation":"","mag_var_dir":""}
{"timestamp":"083219","status":"A","lat":"3319.553","lat_dir":"N","lon":"11837.284","lon_dir":"W","spd_over_grnd":"19.96","true_course":"271.798370","datestamp":"150708","mag_variation":"","mag_var_dir":""}
{"timestamp":"083220","status":"A","lat":"3319.553","lat_dir":"N","lon":"11837.294","lon_dir":"W","spd_over_grnd":"19.96","true_course":"272.103271","datestamp":"150708","mag_variation":"","mag_var_dir":""}
{"timestamp":"083222","status":"A","lat":"3319.553","lat_dir":"N","lon":"11837.305","lon_dir":"W","spd_over_grnd":"19.96","true_course":"270.975525","datestamp":"150708","mag_variation":"","mag_var_dir":""}
{"timestamp":"083224","status":"A","lat":"3319.553","lat_dir":"N","lon":"11837.316","lon_dir":"W","spd_over_grnd":"19.96","true_course":"269.939697","datestamp":"150708","mag_variation":"","mag_var_dir":""}
{"timestamp":"083225","status":"A","lat":"3319.553","lat_dir":"N","lon":"11837.326","lon_dir":"W","spd_over_grnd":"19.96","true_course":"270.332336","datestamp":"150708","mag_variation":"","mag_var_dir":""}
{"timestamp":"083227","status":"A","lat":"3319.553","lat_dir":"N","lon":"11837.337","lon_dir":"W","spd_over_grnd":"19.96","true_course":"271.281464","datestamp":"150708","mag_variation":"","mag_var_dir":""}
{"timestamp":"083228","status":"A","lat":"3319.554","lat_dir":"N","lon":"11837.347","lon_dir":"W","spd_over_grnd":"19.96","true_course":"271.703918","datestamp":"150708","mag_variation":"","mag_var_dir":""}
{"timestamp":"083230","status":"A","lat":"3319.554","lat_dir":"N","lon":"11837.357","lon_dir":"W","spd_over_grnd":"19.96","true_course":"270.912079","datestamp":"150708","mag_variation":"","mag_var_dir":""}
{"timestamp":"083231","status":"A","lat":"3319.554","lat_dir":"N","lon":"11837.368","lon_dir":"W","spd_over_grnd":"19.96","true_course":"269.937378","datestamp":"150708","mag_variation":"","mag_var_dir":""}
{"timestamp":"083233","status":"A","lat":"3319.554","lat_dir":"N","lon":"11837.378","lon_dir":"W","spd_over_grnd":"19.96","true_course":"269.978546","datestamp":"150708","mag_variation":"","mag_var_dir":""}
{"timestamp":"083234","status":"A","lat":"3319.554","lat_dir":"N","lon":"11837.388","lon_dir":"W","spd_over_grnd":"19.96","true_course":"271.104828","datestamp":"150708","mag_variation":"","mag_var_dir":""}
{"timestamp":"083236","status":"A","lat":"3319.554","lat_dir":"N","lon":"11837.399","lon_dir":"W","spd_over_grnd":"19.96","true_course":"271.716461","datestamp":"150708","mag_variation":"","mag_var_dir":""}
{"timestamp":"083238","status":"A","lat":"3319.554","lat_dir":"N","lon":"11837.409","lon_dir":"W","spd_over_grnd":"19.96","true_course":"271.015839","datestamp":"150708","mag_variation":"","mag_var_dir":""}
{"timestamp":"083239","status":"A","lat":"3319.555","lat_dir":"N","lon":"11837.420","lon_dir":"W","spd_over_grnd":"19.96","true_course":"269.794617","datestamp":"150708","mag_variation":"","mag_var_dir":""}
{"timestamp":"083241","status":"A","lat":"3319.554","lat_dir":"N","lon":"11837.430","lon_dir":"W","spd_over_grnd":"19.96","true_course":"269.687744","datestamp":"150708","mag_variation":"","mag_var_dir":""}
{"timestamp":"083242","status":"A","lat":"3319.554","lat_dir":"N","lon":"11837.441","lon_dir":"W","spd_over_grnd":"19.96","true_course":"270.723694","datestamp":"150708","mag_variation":"","mag_var_dir":""}
{"timestamp":"083244","status":"A","lat":"3319.555","lat_dir":"N","lon":"11837.451","lon_dir":"W","spd_over_grnd":"19.96","true_course":"271.558716","datestamp":"150708","mag_variation":"","mag_var_dir":""}
{"timestamp":"083245","status":"A","lat":"3319.555","lat_dir":"N","lon":"11837.462","lon_dir":"W","spd_over_grnd":"19.96","true_course":"271.119507","datestamp":"150708","mag_variation":"","mag_var_dir":""}
{"timestamp":"083247","status":"A","lat":"3319.555","lat_dir":"N","lon":"11837.473","lon_dir":"W","spd_over_grnd":"19.96","true_course":"269.903839","datestamp":"150708","mag_variation":"","mag_var_dir":""}
{"timestamp":"083248","status":"A","lat":"3319.555","lat_dir":"N","lon":"11837.483","lon_dir":"W","spd_over_grnd":"19.96","true_course":"269.611420","datestamp":"150708","mag_variation":"","mag_var_dir":""}
{"timestamp":"083250","status":"A","lat":"3319.555","lat_dir":"N","lon":"11837.494","lon_dir":"W","spd_over_grnd":"19.96","true_course":"270.459412","datestamp":"150708","mag_variation":"","mag_var_dir":""}
{"timestamp":"083251","status":"A","lat":"3319.555","lat_dir":"N","lon":"11837.504","lon_dir":"W","spd_over_grnd":"19.96","true_course":"271.377502","datestamp":"150708","mag_variation":"","mag_var_dir":""}
{"timestamp":"083253","status":"A","lat":"3319.555","lat_dir":"N","lon":"11837.514","lon_dir":"W","spd_over_grnd":"19.96","true_course":"271.229309","datestamp":"150708","mag_variation":"","mag_var_dir":""}
{"timestamp":"083254","status":"A","lat":"3319.555","lat_dir":"N","lon":"11837.524","lon_dir":"W","spd_over_grnd":"19.96","true_course":"270.289948","datestamp":"150708","mag_variation":"","mag_var_dir":""}
{"timestamp":"083256","status":"A","lat":"3319.555","lat_dir":"N","lon":"11837.535","lon_dir":"W","spd_over_grnd":"19.96","true_course":"269.635864","datestamp":"150708","mag_variation":"","mag_var_dir":""}
{"timestamp":"083257","status":"A","lat":"3319.555","lat_dir":"N","lon":"11837.545","lon_dir":"W","spd_over_grnd":"19.96","true_course":"270.264404","datestamp":"150708","mag_variation":"","mag_var_dir":""}
{"timestamp":"083259","status":"A","lat":"3319.555","lat_dir":"N","lon":"11837.556","lon_dir":"W","spd_over_grnd":"19.96","true_course":"271.398926","datestamp":"150708","mag_variation":"","mag_var_dir":""}
{"timestamp":"083301","status":"A","lat":"3319.556","lat_dir":"N","lon":"11837.566","lon_dir":"W","spd_over_grnd":"19.96","true_course":"271.529053","datestamp":"150708","mag_variation":"","mag_var_dir":""}
{"timestamp":"083302","status":"A","lat":"3319.556","lat_dir":"N","lon":"11837.576","lon_dir":"W","spd_over_grnd":"19.96","true_course":"270.602264","datestamp":"150708","mag_variation":"","mag_var_dir":""}
