{"timestamp":"092322","status":"A","lat":"5006.445","lat_dir":"N","lon":"01002.662","lon_dir":"W","spd_over_grnd":"29.91","true_course":"225.451813","datestamp":"010115","mag_variation":"","mag_var_dir":""}
{"timestamp":"092323","status":"A","lat":"5006.436","lat_dir":"N","lon":"01002.676","lon_dir":"W","spd_over_grnd":"29.91","true_course":"226.844925","datestamp":"010115","mag_variation":"","mag_var_dir":""}
{"timestamp":"092325","status":"A","lat":"5006.427","lat_dir":"N","lon":"01002.692","lon_dir":"W","spd_over_grnd":"29.91","true_course":"227.097061","datestamp":"010115","mag_variation":"","mag_var_dir":""}
{"timestamp":"092326","status":"A","lat":"5006.418","lat_dir":"N","lon":"01002.706","lon_dir":"W","spd_over_grnd":"29.91","true_course":"226.129761","datestamp":"010115","mag_variation":"","mag_var_dir":""}
{"timestamp":"092328","status":"A","lat":"5006.409","lat_dir":"N","lon":"01002.721","lon_dir":"W","spd_over_grnd":"29.91","true_course":"225.653259","datestamp":"010115","mag_variation":"","mag_var_dir":""}
{"timestamp":"092329","status":"A","lat":"5006.400","lat_dir":"N","lon":"01002.736","lon_dir":"W","spd_over_grnd":"29.91","true_course":"226.279297","datestamp":"010115","mag_variation":"","mag_var_dir":""}
{"timestamp":"092331","status":"A","lat":"5006.391","lat_dir":"N","lon":"01002.751","lon_dir":"W","spd_over_grnd":"29.91","true_course":"227.402649","datestamp":"010115","mag_variation":"","mag_var_dir":""}
{"timestamp":"092333","status":"A","lat":"5006.382","lat_dir":"N","lon":"01002.766","lon_dir":"W","spd_over_grnd":"29.91","true_course":"227.594086","datestamp":"010115","mag_variation":"","mag_var_dir":""}
{"timestamp":"092334","status":"A","lat":"5006.373","lat_dir":"N","lon":"01002.781","lon_dir":"W","spd_over_grnd":"29.91","true_course":"226.581696","datestamp":"010115","mag_variation":"","mag_var_dir":""}
{"timestamp":"092336","status":"A","lat":"5006.364","lat_dir":"N","lon":"01002.795","lon_dir":"W","spd_over_grnd":"29.91","true_course":"225.697433","datestamp":"010115","mag_variation":"","mag_var_dir":""}
{"timestamp":"092337","status":"A","lat":"5006.355","lat_dir":"N","lon":"01002.810","lon_dir":"W","spd_over_grnd":"29.91","true_course":"225.952332","datestamp":"010115","mag_variation":"","mag_var_dir":""}
{"timestamp":"092339","status":"A","lat":"5006.346","lat_dir":"N","lon":"01002.825","lon_dir":"W","spd_over_grnd":"29.91","true_course":"226.915390","datestamp":"010115","mag_variation":"","mag_var_dir":""}
{"timestamp":"092340","status":"A","lat":"5006.337","lat_dir":"N","lon":"01002.840","lon_dir":"W","spd_over_grnd":"29.91","true_course":"227.213470","datestamp":"010115","mag_variation":"","mag_var_dir":""}
{"timestamp":"092342","status":"A","lat":"5006.328","lat_dir":"N","lon":"01002.854","lon_dir":"W","spd_over_grnd":"29.91","true_course":"226.189362","datestamp":"010115","mag_variation":"","mag_var_dir":""}
{"timestamp":"092344","status":"A","lat":"5006.319","lat_dir":"N","lon":"01002.869","lon_dir":"W","spd_over_grnd":"29.91","true_course":"224.996506","datestamp":"010115","mag_variation":"","mag_var_dir":""}
{"timestamp":"092345","status":"A","lat":"5006.309","lat_dir":"N","lon":"01002.884","lon_dir":"W","spd_over_grnd":"29.91","true_course":"225.119843","datestamp":"010115","mag_variation":"","mag_var_dir":""}
{"timestamp":"092347","status":"A","lat":"5006.300","lat_dir":"N","lon":"01002.899","lon_dir":"W","spd_over_grnd":"29.91","true_course":"226.111023","datestamp":"010115","mag_variation":"","mag_var_dir":""}
{"timestamp":"092348","status":"A","lat":"5006.291","lat_dir":"N","lon":"01002.914","lon_dir":"W","spd_over_grnd":"29.91","true_course":"226.294647","datestamp":"010115","mag_variation":"","mag_var_dir":""}
{"timestamp":"092350","status":"A","lat":"5006.282","lat_dir":"N","lon":"01002.928","lon_dir":"W","spd_over_grnd":"29.91","true_course":"225.228989","datestamp":"010115","mag_variation":"","mag_var_dir":""}
{"timestamp":"092352","status":"A","lat":"5006.272","lat_dir":"N","lon":"01002.943","lon_dir":"W","spd_over_grnd":"29.91","true_course":"224.172852","datestamp":"010115","mag_variation":"","mag_var_dir":""}
{"timestamp":"092353","status":"A","lat":"5006.263","lat_dir":"N","lon":"01002.957","lon_dir":"W","spd_over_grnd":"29.91","true_course":"224.322815","datestamp":"010115","mag_variation":"","mag_var_dir":""}
{"timestamp":"092355","status":"A","lat":"5006.254","lat_dir":"N","lon":"01002.972","lon_dir":"W","spd_over_grnd":"29.91","true_course":"225.039749","datestamp":"010115","mag_variation":"","mag_var_dir":""}
{"timestamp":"092356","status":"A","lat":"5006.244","lat_dir":"N","lon":"01002.986","lon_dir":"W","spd_over_grnd":"29.91","true_course":"225.241135","datestamp":"010115","mag_variation":"","mag_var_dir":""}
{"timestamp":"092358","status":"A","lat":"5006.235","lat_dir":"N","lon":"01003.000","lon_dir":"W","spd_over_grnd":"29.91","true_course":"224.100464","datestamp":"010115","mag_variation":"","mag_var_dir":""}
{"timestamp":"092359","status":"A","lat":"5006.226","lat_dir":"N","lon":"01003.014","lon_dir":"W","spd_over_grnd":"29.91","true_course":"223.007202","datestamp":"010115","mag_variation":"","mag_var_dir":""}
{"timestamp":"092401","status":"A","lat":"5006.216","lat_dir":"N","lon":"01003.029","lon_dir":"W","spd_over_grnd":"29.91","true_course":"223.027466","datestamp":"010115","mag_variation":"","mag_var_dir":""}
{"timestamp":"092403","status":"A","lat":"5006.206","lat_dir":"N","lon":"01003.043","lon_dir":"W","spd_over_grnd":"29.91","true_course":"223.841873","datestamp":"010115","mag_variation":"","mag_var_dir":""}
{"timestamp":"092404","status":"A","lat":"5006.196","lat_dir":"N","lon":"01003.057","lon_dir":"W","spd_over_grnd":"29.91","true_course":"224.094086","datestamp":"010115","mag_variation":"","mag_var_dir":""}
{"timestamp":"092406","status":"A","lat":"5006.187","lat_dir":"N","lon":"01003.071","lon_dir":"W","spd_over_grnd":"29.91","true_course":"223.023468","datestamp":"010115","mag_variation":"","mag_var_dir":""}
{"timestamp":"092407","status":"A","lat":"5006.177","lat_dir":"N","lon":"01003.086","lon_dir":"W","spd_over_grnd":"29.91","true_course":"221.859573","datestamp":"010115","mag_variation":"","mag_var_dir":""}
{"timestamp":"092409","status":"A","lat":"5006.167","lat_dir":"N","lon":"01003.099","lon_dir":"W","spd_over_grnd":"29.91","true_course":"221.846817","datestamp":"010115","mag_variation":"","mag_var_dir":""}
{"timestamp":"092411","status":"A","lat":"5006.157","lat_dir":"N","lon":"01003.114","lon_dir":"W","spd_over_grnd":"29.91","true_course":"222.786743","datestamp":"010115","mag_variation":"","mag_var_dir":""}
{"timestamp":"092412","status":"A","lat":"5006.147","lat_dir":"N","lon":"01003.128","lon_dir":"W","spd_over_grnd":"29.91","true_course":"223.092850","datestamp":"010115","mag_variation":"","mag_var_dir":""}
{"timestamp":"092414","status":"A","lat":"5006.137","lat_dir":"N","lon":"01003.143","lon_dir":"W","spd_over_grnd":"29.91","true_course":"221.810028","datestamp":"010115","mag_variation":"","mag_var_dir":""}
{"timestamp":"092416","status":"A","lat":"5006.127","lat_dir":"N","lon":"01003.157","lon_dir":"W","spd_over_grnd":"29.91","true_course":"220.654724","datestamp":"010115","mag_variation":"","mag_var_dir":""}
{"timestamp":"092417","status":"A","lat":"5006.116","lat_dir":"N","lon":"01003.171","lon_dir":"W","spd_over_grnd":"29.91","true_course":"220.769806","datestamp":"010115","mag_variation":"","mag_var_dir":""}
{"timestamp":"092419","status":"A","lat":"5006.106","lat_dir":"N","lon":"01003.184","lon_dir":"W","spd_over_grnd":"29.91","true_course":"221.633484","datestamp":"010115","mag_variation":"","mag_var_dir":""}
{"timestamp":"092420","status":"A","lat":"5006.096","lat_dir":"N","lon":"01003.199","lon_dir":"W","spd_over_grnd":"29.91","true_course":"221.711060","datestamp":"010115","mag_variation":"","mag_var_dir":""}
{"timestamp":"092422","status":"A","lat":"5006.086","lat_dir":"N","lon":"01003.212","lon_dir":"W","spd_over_grnd":"29.91","true_course":"220.589279","datestamp":"010115","mag_variation":"","mag_var_dir":""}
{"timestamp":"092424","status":"A","lat":"5006.075","lat_dir":"N","lon":"01003.226","lon_dir":"W","spd_over_grnd":"29.91","true_course":"219.486435","datestamp":"010115","mag_variation":"","mag_var_dir":""}
{"timestamp":"092425","status":"A","lat":"5006.065","lat_dir":"N","lon":"01003.239","lon_dir":"W","spd_over_grnd":"29.91","true_course":"219.597336","datestamp":"010115","mag_variation":"","mag_var_dir":""}
{"timestamp":"092427","status":"A","lat":"5006.055","lat_dir":"N","lon":"01003.252","lon_dir":"W","spd_over_grnd":"29.91","true_course":"220.473083","datestamp":"010115","mag_variation":"","mag_var_dir":""}
{"timestamp":"092429","status":"A","lat":"5006.044","lat_dir":"N","lon":"01003.267","lon_dir":"W","spd_over_grnd":"29.91","true_course":"220.405426","datestamp":"010115","mag_variation":"","mag_var_dir":""}
{"timestamp":"092430","status":"A","lat":"5006.034","lat_dir":"N","lon":"01003.280","lon_dir":"W","spd_over_grnd":"29.91","true_course":"219.195099","datestamp":"010115","mag_variation":"","mag_var_dir":""}
{"timestamp":"092432","status":"A","lat":"5006.023","lat_dir":"N","lon":"01003.293","lon_dir":"W","spd_over_grnd":"29.91","true_course":"218.148788","datestamp":"010115","mag_variation":"","mag_var_dir":""}
{"timestamp":"092433","status":"A","lat":"5006.013","lat_dir":"N","lon":"01003.306","lon_dir":"W","spd_over_grnd":"29.91","true_course":"218.329788","datestamp":"010115","mag_variation":"","mag_var_dir":""}
{"timestamp":"092435","status":"A","lat":"5006.002","lat_dir":"N","lon":"01003.319","lon_dir":"W","spd_over_grnd":"29.91","true_course":"219.291931","datestamp":"010115","mag_variation":"","mag_var_dir":""}
{"timestamp":"092437","status":"A","lat":"5005.992","lat_dir":"N","lon":"01003.333","lon_dir":"W","spd_over_grnd":"29.91","true_course":"219.227203","datestamp":"010115","mag_variation":"","mag_var_dir":""}
{"timestamp":"092438","status":"A","lat":"5005.982","lat_dir":"N","lon":"01003.345","lon_dir":"W","spd_over_grnd":"29.91","true_course":"218.073120","datestamp":"010115","mag_variation":"","mag_var_dir":""}
{"timestamp":"092440","status":"A","lat":"5005.971","lat_dir":"N","lon":"01003.357","lon_dir":"W","spd_over_grnd":"29.91","true_course":"217.096542","datestamp":"010115","mag_variation":"","mag_var_dir":""}
{"timestamp":"092441","status":"A","lat":"5005.961","lat_dir":"N","lon":"01003.370","lon_dir":"W","spd_over_grnd":"29.91","true_course":"217.385910","datestamp":"010115","mag_variation":"","mag_var_dir":""}
{"timestamp":"092443","status":"A","lat":"5005.951","lat_dir":"N","lon":"01003.382","lon_dir":"W","spd_over_grnd":"29.91","true_course":"218.370331","datestamp":"010115","mag_variation":"","mag_var_dir":""}
{"timestamp":"092444","status":"A","lat":"5005.941","lat_dir":"N","lon":"01003.395","lon_dir":"W","spd_over_grnd":"29.91","true_course":"218.437119","datestamp":"010115","mag_variation":"","mag_var_dir":""}
{"timestamp":"092446","status":"A","lat":"5005.930","lat_dir":"N","lon":"01003.407","lon_dir":"W","spd_over_grnd":"29.91","true_course":"217.182877","datestamp":"010115","mag_variation":"","mag_var_dir":""}
{"timestamp":"092448","status":"A","lat":"5005.920","lat_dir":"N","lon":"01003.419","lon_dir":"W","spd_over_grnd":"29.91","true_course":"216.014404","datestamp":"010115","mag_variation":"","mag_var_dir":""}
{"timestamp":"092449","status":"A","lat":"5005.909","lat_dir":"N","lon":"01003.431","lon_dir":"W","spd_over_grnd":"29.91","true_course":"216.175858","datestamp":"010115","mag_variation":"","mag_var_dir":""}
{"timestamp":"092451","status":"A","lat":"5005.899","lat_dir":"N","lon":"01003.443","lon_dir":"W","spd_over_grnd":"29.91","true_course":"216.926178","datestamp":"010115","mag_variation":"","mag_var_dir":""}
{"timestamp":"092452","status":"A","lat":"5005.888","lat_dir":"N","lon":"01003.456","lon_dir":"W","spd_over_grnd":"29.91","true_course":"217.069977","datestamp":"010115","mag_variation":"","mag_var_dir":""}
{"timestamp":"092454","status":"A","lat":"5005.878","lat_dir":"N","lon":"01003.468","lon_dir":"W","spd_over_grnd":"29.91","true_course":"215.854370","datestamp":"010115","mag_variation":"","mag_var_dir":""}
{"timestamp":"092455","status":"A","lat":"5005.867","lat_dir":"N","lon":"01003.479","lon_dir":"W","spd_over_grnd":"29.91","true_course":"214.865585","datestamp":"010115","mag_variation":"","mag_var_dir":""}
{"timestamp":"092457","status":"A","lat":"5005.857","lat_dir":"N","lon":"01003.491","lon_dir":"W","spd_over_grnd":"29.91","true_course":"214.848984","datestamp":"010115","mag_variation":"","mag_var_dir":""}
{"timestamp":"092459","status":"A","lat":"5005.846","lat_dir":"N","lon":"01003.502","lon_dir":"W","spd_over_grnd":"29.91","true_course":"215.871933","datestamp":"010115","mag_variation":"","mag_var_dir":""}
{"timestamp":"092500","status":"A","lat":"5005.836","lat_dir":"N","lon":"01003.514","lon_dir":"W","spd_over_grnd":"29.91","true_course":"216.227097","datestamp":"010115","mag_variation":"","mag_var_dir":""}
{"timestamp":"092502","status":"A","lat":"5005.825","lat_dir":"N","lon":"01003.526","lon_dir":"W","spd_over_grnd":"29.91","true_course":"215.414551","datestamp":"010115","mag_variation":"","mag_var_dir":""}
{"timestamp":"092503","status":"A","lat":"5005.815","lat_dir":"N","lon":"01003.537","lon_dir":"W","spd_over_grnd":"29.91","true_course":"214.110397","datestamp":"010115","mag_variation":"","mag_var_dir":""}
{"timestamp":"092505","status":"A","lat":"5005.804","lat_dir":"N","lon":"01003.549","lon_dir":"W","spd_over_grnd":"29.91","true_course":"213.878937","datestamp":"010115","mag_variation":"","mag_var_dir":""}
{"timestamp":"092506","status":"A","lat":"5005.793","lat_dir":"N","lon":"01003.560","lon_dir":"W","spd_over_grnd":"29.91","true_course":"214.628113","datestamp":"010115","mag_variation":"","mag_var_dir":""}
{"timestamp":"092508","status":"A","lat":"5005.782","lat_dir":"N","lon":"01003.572","lon_dir":"W","spd_over_grnd":"29.91","true_course":"215.180588","datestamp":"010115","mag_variation":"","mag_var_dir":""}
{"timestamp":"092509","status":"A","lat":"5005.771","lat_dir":"N","lon":"01003.583","lon_dir":"W","spd_over_grnd":"29.91","true_course":"214.451904","datestamp":"010115","mag_variation":"","mag_var_dir":""}
{"timestamp":"092511","status":"A","lat":"5005.760","lat_dir":"N","lon":"01003.595","lon_dir":"W","spd_over_grnd":"29.91","true_course":"213.019257","datestamp":"010115","mag_variation":"","mag_var_dir":""}
{"timestamp":"092513","status":"A","lat":"5005.749","lat_dir":"N","lon":"01003.607","lon_dir":"W","spd_over_grnd":"29.91","true_course":"212.776978","datestamp":"010115","mag_variation":"","mag_var_dir":""}
{"timestamp":"092514","status":"A","lat":"5005.737","lat_dir":"N","lon":"01003.619","lon_dir":"W","spd_over_grnd":"29.91","true_course":"213.606384","datestamp":"010115","mag_variation":"","mag_var_dir":""}
{"timestamp":"092516","status":"A","lat":"5005.725","lat_dir":"N","lon":"01003.631","lon_dir":"W","spd_over_grnd":"29.91","true_course":"213.989914","datestamp":"010115","mag_variation":"","mag_var_dir":""}
{"timestamp":"092518","status":"A","lat":"5005.714","lat_dir":"N","lon":"01003.643","lon_dir":"W","spd_over_grnd":"29.91","true_course":"212.876480","datestamp":"010115","mag_variation":"","mag_var_dir":""}
{"timestamp":"092519","status":"A","lat":"5005.702","lat_dir":"N","lon":"01003.654","lon_dir":"W","spd_over_grnd":"29.91","true_course":"211.674423","datestamp":"010115","mag_variation":"","mag_var_dir":""}
{"timestamp":"092521","status":"A","lat":"5005.690","lat_dir":"N","lon":"01003.665","lon_dir":"W","spd_over_grnd":"29.91","true_course":"211.695435","datestamp":"010115","mag_variation":"","mag_var_dir":""}
{"timestamp":"092523","status":"A","lat":"5005.679","lat_dir":"N","lon":"01003.676","lon_dir":"W","spd_over_grnd":"29.91","true_course":"212.610580","datestamp":"010115","mag_variation":"","mag_var_dir":""}
{"timestamp":"092524","status":"A","lat":"5005.668","lat_dir":"N","lon":"01003.688","lon_dir":"W","spd_over_grnd":"29.91","true_course":"212.860214","datestamp":"010115","mag_variation":"","mag_var_dir":""}
{"timestamp":"092526","status":"A","lat":"5005.657","lat_dir":"N","lon":"01003.699","lon_dir":"W","spd_over_grnd":"29.91","true_course":"211.819107","datestamp":"010115","mag_variation":"","mag_var_dir":""}
{"timestamp":"092527","status":"A","lat":"5005.645","lat_dir":"N","lon":"01003.710","lon_dir":"W","spd_over_grnd":"29.91","true_course":"210.523834","datestamp":"010115","mag_variation":"","mag_var_dir":""}
{"timestamp":"092529","status":"A","lat":"5005.633","lat_dir":"N","lon":"01003.721","lon_dir":"W","spd_over_grnd":"29.91","true_course":"210.499054","datestamp":"010115","mag_variation":"","mag_var_dir":""}
{"timestamp":"092531","status":"A","lat":"5005.622","lat_dir":"N","lon":"01003.731","lon_dir":"W","spd_over_grnd":"29.91","true_course":"211.547699","datestamp":"010115","mag_variation":"","mag_var_dir":""}
{"timestamp":"092532","status":"A","lat":"5005.610","lat_dir":"N","lon":"01003.742","lon_dir":"W","spd_over_grnd":"29.91","true_course":"211.759796","datestamp":"010115","mag_variation":"","mag_var_dir":""}
{"timestamp":"092534","status":"A","lat":"5005.599","lat_dir":"N","lon":"01003.753","lon_dir":"W","spd_over_grnd":"29.91","true_course":"210.715546","datestamp":"010115","mag_variation":"","mag_var_dir":""}
{"timestamp":"092535","status":"A","lat":"5005.587","lat_dir":"N","lon":"01003.763","lon_dir":"W","spd_over_grnd":"29.91","true_course":"209.508545","datestamp":"010115","mag_variation":"","mag_var_dir":""}
{"timestamp":"092537","status":"A","lat":"5005.576","lat_dir":"N","lon":"01003.774","lon_dir":"W","spd_over_grnd":"29.91","true_course":"209.425705","datestamp":"010115","mag_variation":"","mag_var_dir":""}
{"timestamp":"092539","status":"A","lat":"5005.564","lat_dir":"N","lon":"01003.784","lon_dir":"W","spd_over_grnd":"29.91","true_course":"210.417755","datestamp":"010115","mag_variation":"","mag_var_dir":""}
{"timestamp":"092540","status":"A","lat":"5005.552","lat_dir":"N","lon":"01003.795","lon_dir":"W","spd_over_grnd":"29.91","true_course":"210.658112","datestamp":"010115","mag_variation":"","mag_var_dir":""}
{"timestamp":"092542","status":"A","lat":"5005.541","lat_dir":"N","lon":"01003.805","lon_dir":"W","spd_over_grnd":"29.91","true_course":"209.566269","datestamp":"010115","mag_variation":"","mag_var_dir":""}
{"timestamp":"092543","status":"A","lat":"5005.529","lat_dir":"N","lon":"01003.816","lon_dir":"W","spd_over_grnd":"29.91","true_course":"208.402267","datestamp":"010115","mag_variation":"","mag_var_dir":""}
{"timestamp":"092545","status":"A","lat":"5005.516","lat_dir":"N","lon":"01003.826","lon_dir":"W","spd_over_grnd":"29.91","true_course":"208.467102","datestamp":"010115","mag_variation":"","mag_var_dir":""}
{"timestamp":"092547","status":"A","lat":"5005.505","lat_dir":"N","lon":"01003.836","lon_dir":"W","spd_over_grnd":"29.91","true_course":"209.292908","datestamp":"010115","mag_variation":"","mag_var_dir":""}
{"timestamp":"092548","status":"A","lat":"5005.493","lat_dir":"N","lon":"01003.846","lon_dir":"W","spd_over_grnd":"29.91","true_course":"209.442719","datestamp":"010115","mag_variation":"","mag_var_dir":""}
{"timestamp":"092550","status":"A","lat":"5005.481","lat_dir":"N","lon":"01003.857","lon_dir":"W","spd_over_grnd":"29.91","true_course":"208.150269","datestamp":"010115","mag_variation":"","mag_var_dir":""}
{"timestamp":"092552","status":"A","lat":"5005.469","lat_dir":"N","lon":"01003.866","lon_dir":"W","spd_over_grnd":"29.91","true_course":"207.203568","datestamp":"010115","mag_variation":"","mag_var_dir":""}
{"timestamp":"092553","status":"A","lat":"5005.457","lat_dir":"N","lon":"01003.876","lon_dir":"W","spd_over_grnd":"29.91","true_course":"207.422699","datestamp":"010115","mag_variation":"","mag_var_dir":""}
{"timestamp":"092555","status":"A","lat":"5005.445","lat_dir":"N","lon":"01003.886","lon_dir":"W","spd_over_grnd":"29.91","true_course":"208.370682","datestamp":"010115","mag_variation":"","mag_var_dir":""}
{"timestamp":"092557","status":"A","lat":"5005.433","lat_dir":"N","lon":"01003.896","lon_dir":"W","spd_over_grnd":"29.91","true_course":"208.279221","datestamp":"010115","mag_variation":"","mag_var_dir":""}
{"timestamp":"092558","status":"A","lat":"5005.422","lat_dir":"N","lon":"01003.905","lon_dir":"W","spd_over_grnd":"29.91","true_course":"207.327881","datestamp":"010115","mag_variation":"","mag_var_dir":""}
{"timestamp":"092600","status":"A","lat":"5005.410","lat_dir":"N","lon":"01003.914","lon_dir":"W","spd_over_grnd":"29.91","true_course":"206.166870","datestamp":"010115","mag_variation":"","mag_var_dir":""}
{"timestamp":"092601","status":"A","lat":"5005.398","lat_dir":"N","lon":"01003.924","lon_dir":"W","spd_over_grnd":"29.91","true_course":"206.386673","datestamp":"010115","mag_variation":"","mag_var_dir":""}
{"timestamp":"092603","status":"A","lat":"5005.386","lat_dir":"N","lon":"01003.933","lon_dir":"W","spd_over_grnd":"29.91","true_course":"207.337585","datestamp":"010115","mag_variation":"","mag_var_dir":""}
{"timestamp":"092604","status":"A","lat":"5005.375","lat_dir":"N","lon":"01003.942","lon_dir":"W","spd_over_grnd":"29.91","true_course":"207.397491","datestamp":"010115","mag_variation":"","mag_var_dir":""}
{"timestamp":"092606","status":"A","lat":"5005.362","lat_dir":"N","lon":"01003.952","lon_dir":"W","spd_over_grnd":"29.91","true_course":"206.112381","datestamp":"010115","mag_variation":"","mag_var_dir":""}
{"timestamp":"092608","status":"A","lat":"5005.351","lat_dir":"N","lon":"01003.961","lon_dir":"W","spd_over_grnd":"29.91","true_course":"205.013596","datestamp":"010115","mag_variation":"","mag_var_dir":""}
{"timestamp":"092609","status":"A","lat":"5005.339","lat_dir":"N","lon":"01003.969","lon_dir":"W","spd_over_grnd":"29.91","true_course":"205.262955","datestamp":"010115","mag_variation":"","mag_var_dir":""}
{"timestamp":"092611","status":"A","lat":"5005.327","lat_dir":"N","lon":"01003.979","lon_dir":"W","spd_over_grnd":"29.91","true_course":"206.254944","datestamp":"010115","mag_variation":"","mag_var_dir":""}
{"timestamp":"092613","status":"A","lat":"5005.314","lat_dir":"N","lon":"01003.988","lon_dir":"W","spd_over_grnd":"29.91","true_course":"206.238266","datestamp":"010115","mag_variation":"","mag_var_dir":""}
{"timestamp":"092614","status":"A","lat":"5005.303","lat_dir":"N","lon":"01003.997","lon_dir":"W","spd_over_grnd":"29.91","true_course":"204.942764","datestamp":"010115","mag_variation":"","mag_var_dir":""}
{"timestamp":"092616","status":"A","lat":"5005.291","lat_dir":"N","lon":"01004.005","lon_dir":"W","spd_over_grnd":"29.91","true_course":"203.926117","datestamp":"010115","mag_variation":"","mag_var_dir":""}
{"timestamp":"092617","status":"A","lat":"5005.278","lat_dir":"N","lon":"01004.014","lon_dir":"W","spd_over_grnd":"29.91","true_course":"204.147949","datestamp":"010115","mag_variation":"","mag_var_dir":""}
{"timestamp":"092619","status":"A","lat":"5005.266","lat_dir":"N","lon":"01004.022","lon_dir":"W","spd_over_grnd":"29.91","true_course":"204.827347","datestamp":"010115","mag_variation":"","mag_var_dir":""}
{"timestamp":"092620","status":"A","lat":"5005.254","lat_dir":"N","lon":"01004.031","lon_dir":"W","spd_over_grnd":"29.91","true_course":"204.909683","datestamp":"010115","mag_variation":"","mag_var_dir":""}
{"timestamp":"092622","status":"A","lat":"5005.242","lat_dir":"N","lon":"01004.040","lon_dir":"W","spd_over_grnd":"29.91","true_course":"203.602127","datestamp":"010115","mag_variation":"","mag_var_dir":""}
{"timestamp":"092624","status":"A","lat":"5005.229","lat_dir":"N","lon":"01004.048","lon_dir":"W","spd_over_grnd":"29.91","true_course":"202.607178","datestamp":"010115","mag_variation":"","mag_var_dir":""}
{"timestamp":"092626","status":"A","lat":"5005.216","lat_dir":"N","lon":"01004.057","lon_dir":"W","spd_over_grnd":"29.91","true_course":"203.039398","datestamp":"010115","mag_variation":"","mag_var_dir":""}
{"timestamp":"092627","status":"A","lat":"5005.203","lat_dir":"N","lon":"01004.065","lon_dir":"W","spd_over_grnd":"29.91","true_course":"203.808502","datestamp":"010115","mag_variation":"","mag_var_dir":""}
{"timestamp":"092629","status":"A","lat":"5005.191","lat_dir":"N","lon":"01004.074","lon_dir":"W","spd_over_grnd":"29.91","true_course":"203.609589","datestamp":"010115","mag_variation":"","mag_var_dir":""}
{"timestamp":"092630","status":"A","lat":"5005.178","lat_dir":"N","lon":"01004.082","lon_dir":"W","spd_over_grnd":"29.91","true_course":"202.346573","datestamp":"010115","mag_variation":"","mag_var_dir":""}
{"timestamp":"092632","status":"A","lat":"5005.166","lat_dir":"N","lon":"01004.089","lon_dir":"W","spd_over_grnd":"29.91","true_course":"201.540070","datestamp":"010115","mag_variation":"","mag_var_dir":""}
{"timestamp":"092634","status":"A","lat":"5005.153","lat_dir":"N","lon":"01004.098","lon_dir":"W","spd_over_grnd":"29.91","true_course":"202.254120","datestamp":"010115","mag_variation":"","mag_var_dir":""}
{"timestamp":"092635","status":"A","lat":"5005.140","lat_dir":"N","lon":"01004.106","lon_dir":"W","spd_over_grnd":"29.91","true_course":"203.020386","datestamp":"010115","mag_variation":"","mag_var_dir":""}
{"timestamp":"092637","status":"A","lat":"5005.128","lat_dir":"N","lon":"01004.114","lon_dir":"W","spd_over_grnd":"29.91","true_course":"202.577881","datestamp":"010115","mag_variation":"","mag_var_dir":""}
{"timestamp":"092639","status":"A","lat":"5005.116","lat_dir":"N","lon":"01004.122","lon_dir":"W","spd_over_grnd":"29.91","true_course":"201.253784","datestamp":"010115","mag_variation":"","mag_var_dir":""}
{"timestamp":"092640","status":"A","lat":"5005.103","lat_dir":"N","lon":"01004.129","lon_dir":"W","spd_over_grnd":"29.91","true_course":"200.580017","datestamp":"010115","mag_variation":"","mag_var_dir":""}
{"timestamp":"092642","status":"A","lat":"5005.090","lat_dir":"N","lon":"01004.137","lon_dir":"W","spd_over_grnd":"29.91","true_course":"201.290176","datestamp":"010115","mag_variation":"","mag_var_dir":""}
{"timestamp":"092643","status":"A","lat":"5005.078","lat_dir":"N","lon":"01004.144","lon_dir":"W","spd_over_grnd":"29.91","true_course":"202.072784","datestamp":"010115","mag_variation":"","mag_var_dir":""}
{"timestamp":"092645","status":"A","lat":"5005.065","lat_dir":"N","lon":"01004.153","lon_dir":"W","spd_over_grnd":"29.91","true_course":"201.519409","datestamp":"010115","mag_variation":"","mag_var_dir":""}
{"timestamp":"092647","status":"A","lat":"5005.053","lat_dir":"N","lon":"01004.160","lon_dir":"W","spd_over_grnd":"29.91","true_course":"200.302399","datestamp":"010115","mag_variation":"","mag_var_dir":""}
{"timestamp":"092648","status":"A","lat":"5005.040","lat_dir":"N","lon":"01004.167","lon_dir":"W","spd_over_grnd":"29.91","true_course":"199.665543","datestamp":"010115","mag_variation":"","mag_var_dir":""}
{"timestamp":"092650","status":"A","lat":"5005.027","lat_dir":"N","lon":"01004.174","lon_dir":"W","spd_over_grnd":"29.91","true_course":"200.420837","datestamp":"010115","mag_variation":"","mag_var_dir":""}
{"timestamp":"092652","status":"A","lat":"5005.014","lat_dir":"N","lon":"01004.182","lon_dir":"W","spd_over_grnd":"29.91","true_course":"201.129456","datestamp":"010115","mag_variation":"","mag_var_dir":""}
{"timestamp":"092653","status":"A","lat":"5005.001","lat_dir":"N","lon":"01004.190","lon_dir":"W","spd_over_grnd":"29.91","true_course":"200.399628","datestamp":"010115","mag_variation":"","mag_var_dir":""}
{"timestamp":"092655","status":"A","lat":"5004.988","lat_dir":"N","lon":"01004.197","lon_dir":"W","spd_over_grnd":"29.91","true_course":"199.096466","datestamp":"010115","mag_variation":"","mag_var_dir":""}
{"timestamp":"092657","status":"A","lat":"5004.975","lat_dir":"N","lon":"01004.204","lon_dir":"W","spd_over_grnd":"29.91","true_course":"198.756805","datestamp":"010115","mag_variation":"","mag_var_dir":""}
{"timestamp":"092658","status":"A","lat":"5004.963","lat_dir":"N","lon":"01004.211","lon_dir":"W","spd_over_grnd":"29.91","true_course":"199.505005","datestamp":"010115","mag_variation":"","mag_var_dir":""}
{"timestamp":"092700","status":"A","lat":"5004.950","lat_dir":"N","lon":"01004.218","lon_dir":"W","spd_over_grnd":"29.91","true_course":"200.081375","datestamp":"010115","mag_variation":"","mag_var_dir":""}
{"timestamp":"092701","status":"A","lat":"5004.938","lat_dir":"N","lon":"01004.225","lon_dir":"W","spd_over_grnd":"29.91","true_course":"199.274582","datestamp":"010115","mag_variation":"","mag_var_dir":""}
{"timestamp":"092703","status":"A","lat":"5004.925","lat_dir":"N","lon":"01004.231","lon_dir":"W","spd_over_grnd":"29.91","true_course":"197.979965","datestamp":"010115","mag_variation":"","mag_var_dir":""}
{"timestamp":"092705","status":"A","lat":"5004.912","lat_dir":"N","lon":"01004.238","lon_dir":"W","spd_over_grnd":"29.91","true_course":"197.593460","datestamp":"010115","mag_variation":"","mag_var_dir":""}
{"timestamp":"092706","status":"A","lat":"5004.900","lat_dir":"N","lon":"01004.244","lon_dir":"W","spd_over_grnd":"29.91","true_course":"198.322540","datestamp":"010115","mag_variation":"","mag_var_dir":""}
{"timestamp":"092708","status":"A","lat":"5004.887","lat_dir":"N","lon":"01004.251","lon_dir":"W","spd_over_grnd":"29.91","true_course":"198.820877","datestamp":"010115","mag_variation":"","mag_var_dir":""}
{"timestamp":"092709","status":"A","lat":"5004.874","lat_dir":"N","lon":"01004.257","lon_dir":"W","spd_over_grnd":"29.91","true_course":"198.046661","datestamp":"010115","mag_variation":"","mag_var_dir":""}
{"timestamp":"092711","status":"A","lat":"5004.862","lat_dir":"N","lon":"01004.263","lon_dir":"W","spd_over_grnd":"29.91","true_course":"196.706985","datestamp":"010115","mag_variation":"","mag_var_dir":""}
{"timestamp":"092713","status":"A","lat":"5004.849","lat_dir":"N","lon":"01004.269","lon_dir":"W","spd_over_grnd":"29.91","true_course":"196.336121","datestamp":"010115","mag_variation":"","mag_var_dir":""}
{"timestamp":"092714","status":"A","lat":"5004.836","lat_dir":"N","lon":"01004.275","lon_dir":"W","spd_over_grnd":"29.91","true_course":"197.207901","datestamp":"010115","mag_variation":"","mag_var_dir":""}
{"timestamp":"092716","status":"A","lat":"5004.824","lat_dir":"N","lon":"01004.281","lon_dir":"W","spd_over_grnd":"29.91","true_course":"197.813431","datestamp":"010115","mag_variation":"","mag_var_dir":""}
{"timestamp":"092717","status":"A","lat":"5004.811","lat_dir":"N","lon":"01004.288","lon_dir":"W","spd_over_grnd":"29.91","true_course":"197.035583","datestamp":"010115","mag_variation":"","mag_var_dir":""}
{"timestamp":"092719","status":"A","lat":"5004.798","lat_dir":"N","lon":"01004.294","lon_dir":"W","spd_over_grnd":"29.91","true_course":"195.878799","datestamp":"010115","mag_variation":"","mag_var_dir":""}
{"timestamp":"092721","status":"A","lat":"5004.785","lat_dir":"N","lon":"01004.299","lon_dir":"W","spd_over_grnd":"29.91","true_course":"195.514542","datestamp":"010115","mag_variation":"","mag_var_dir":""}
{"timestamp":"092722","status":"A","lat":"5004.772","lat_dir":"N","lon":"01004.305","lon_dir":"W","spd_over_grnd":"29.91","true_course":"196.514526","datestamp":"010115","mag_variation":"","mag_var_dir":""}
{"timestamp":"092724","status":"A","lat":"5004.759","lat_dir":"N","lon":"01004.311","lon_dir":"W","spd_over_grnd":"29.91","true_course":"196.980286","datestamp":"010115","mag_variation":"","mag_var_dir":""}
{"timestamp":"092725","status":"A","lat":"5004.747","lat_dir":"N","lon":"01004.317","lon_dir":"W","spd_over_grnd":"29.91","true_course":"196.283890","datestamp":"010115","mag_variation":"","mag_var_dir":""}
{"timestamp":"092727","status":"A","lat":"5004.734","lat_dir":"N","lon":"01004.323","lon_dir":"W","spd_over_grnd":"29.91","true_course":"194.960495","datestamp":"010115","mag_variation":"","mag_var_dir":""}
{"timestamp":"092729","status":"A","lat":"5004.720","lat_dir":"N","lon":"01004.328","lon_dir":"W","spd_over_grnd":"29.91","true_course":"194.712006","datestamp":"010115","mag_variation":"","mag_var_dir":""}
{"timestamp":"092730","status":"A","lat":"5004.707","lat_dir":"N","lon":"01004.334","lon_dir":"W","spd_over_grnd":"29.91","true_course":"195.473175","datestamp":"010115","mag_variation":"","mag_var_dir":""}
{"timestamp":"092732","status":"A","lat":"5004.694","lat_dir":"N","lon":"01004.339","lon_dir":"W","spd_over_grnd":"29.91","true_course":"196.078781","datestamp":"010115","mag_variation":"","mag_var_dir":""}
{"timestamp":"092733","status":"A","lat":"5004.682","lat_dir":"N","lon":"01004.345","lon_dir":"W","spd_over_grnd":"29.91","true_course":"195.277390","datestamp":"010115","mag_variation":"","mag_var_dir":""}
{"timestamp":"092735","status":"A","lat":"5004.669","lat_dir":"N","lon":"01004.350","lon_dir":"W","spd_over_grnd":"29.91","true_course":"193.751923","datestamp":"010115","mag_variation":"","mag_var_dir":""}
{"timestamp":"092737","status":"A","lat":"5004.656","lat_dir":"N","lon":"01004.355","lon_dir":"W","spd_over_grnd":"29.91","true_course":"193.498535","datestamp":"010115","mag_variation":"","mag_var_dir":""}
{"timestamp":"092738","status":"A","lat":"5004.643","lat_dir":"N","lon":"01004.360","lon_dir":"W","spd_over_grnd":"29.91","true_course":"194.382660","datestamp":"010115","mag_variation":"","mag_var_dir":""}
{"timestamp":"092740","status":"A","lat":"5004.630","lat_dir":"N","lon":"01004.365","lon_dir":"W","spd_over_grnd":"29.91","true_course":"194.849792","datestamp":"010115","mag_variation":"","mag_var_dir":""}
{"timestamp":"092742","status":"A","lat":"5004.617","lat_dir":"N","lon":"01004.370","lon_dir":"W","spd_over_grnd":"29.91","true_course":"194.098709","datestamp":"010115","mag_variation":"","mag_var_dir":""}
{"timestamp":"092743","status":"A","lat":"5004.604","lat_dir":"N","lon":"01004.375","lon_dir":"W","spd_over_grnd":"29.91","true_course":"192.631607","datestamp":"010115","mag_variation":"","mag_var_dir":""}
{"timestamp":"092745","status":"A","lat":"5004.591","lat_dir":"N","lon":"01004.380","lon_dir":"W","spd_over_grnd":"29.91","true_course":"192.380829","datestamp":"010115","mag_variation":"","mag_var_dir":""}
{"timestamp":"092746","status":"A","lat":"5004.578","lat_dir":"N","lon":"01004.384","lon_dir":"W","spd_over_grnd":"29.91","true_course":"193.247818","datestamp":"010115","mag_variation":"","mag_var_dir":""}
