{"timestamp":"081405","status":"A","lat":"3321.815","lat_dir":"N","lon":"11830.774","lon_dir":"W","spd_over_grnd":"29.83","true_course":"189.575882","datestamp":"150708","mag_variation":"","mag_var_dir":""}
{"timestamp":"081407","status":"A","lat":"3321.802","lat_dir":"N","lon":"11830.776","lon_dir":"W","spd_over_grnd":"29.87","true_course":"188.394196","datestamp":"150708","mag_variation":"","mag_var_dir":""}
{"timestamp":"081408","status":"A","lat":"3321.789","lat_dir":"N","lon":"11830.778","lon_dir":"W","spd_over_grnd":"29.89","true_course":"187.833023","datestamp":"150708","mag_variation":"","mag_var_dir":""}
{"timestamp":"081410","status":"A","lat":"3321.777","lat_dir":"N","lon":"11830.780","lon_dir":"W","spd_over_grnd":"29.91","true_course":"188.550262","datestamp":"150708","mag_variation":"","mag_var_dir":""}
{"timestamp":"081411","status":"A","lat":"3321.764","lat_dir":"N","lon":"11830.783","lon_dir":"W","spd_over_grnd":"29.93","true_course":"189.455521","datestamp":"150708","mag_variation":"","mag_var_dir":""}
{"timestamp":"081413","status":"A","lat":"3321.751","lat_dir":"N","lon":"11830.786","lon_dir":"W","spd_over_grnd":"29.94","true_course":"189.620392","datestamp":"150708","mag_variation":"","mag_var_dir":""}
{"timestamp":"081414","status":"A","lat":"3321.739","lat_dir":"N","lon":"11830.788","lon_dir":"W","spd_over_grnd":"29.95","true_course":"188.862656","datestamp":"150708","mag_variation":"","mag_var_dir":""}
{"timestamp":"081416","status":"A","lat":"3321.726","lat_dir":"N","lon":"11830.790","lon_dir":"W","spd_over_grnd":"29.96","true_course":"187.937347","datestamp":"150708","mag_variation":"","mag_var_dir":""}
{"timestamp":"081417","status":"A","lat":"3321.713","lat_dir":"N","lon":"11830.792","lon_dir":"W","spd_over_grnd":"29.97","true_course":"188.220413","datestamp":"150708","mag_variation":"","mag_var_dir":""}
{"timestamp":"081419","status":"A","lat":"3321.700","lat_dir":"N","lon":"11830.795","lon_dir":"W","spd_over_grnd":"29.98","true_course":"189.344284","datestamp":"150708","mag_variation":"","mag_var_dir":""}
{"timestamp":"081420","status":"A","lat":"3321.687","lat_dir":"N","lon":"11830.797","lon_dir":"W","spd_over_grnd":"29.98","true_course":"189.783035","datestamp":"150708","mag_variation":"","mag_var_dir":""}
{"timestamp":"081422","status":"A","lat":"3321.674","lat_dir":"N","lon":"11830.800","lon_dir":"W","spd_over_grnd":"29.98","true_course":"188.968765","datestamp":"150708","mag_variation":"","mag_var_dir":""}
{"timestamp":"081423","status":"A","lat":"3321.661","lat_dir":"N","lon":"11830.802","lon_dir":"W","spd_over_grnd":"29.99","true_course":"187.961441","datestamp":"150708","mag_variation":"","mag_var_dir":""}
{"timestamp":"081425","status":"A","lat":"3321.648","lat_dir":"N","lon":"11830.804","lon_dir":"W","spd_over_grnd":"29.99","true_course":"187.983109","datestamp":"150708","mag_variation":"","mag_var_dir":""}
{"timestamp":"081426","status":"A","lat":"3321.635","lat_dir":"N","lon":"11830.807","lon_dir":"W","spd_over_grnd":"29.99","true_course":"189.110199","datestamp":"150708","mag_variation":"","mag_var_dir":""}
{"timestamp":"081428","status":"A","lat":"3321.622","lat_dir":"N","lon":"11830.809","lon_dir":"W","spd_over_grnd":"29.99","true_course":"189.915237","datestamp":"150708","mag_variation":"","mag_var_dir":""}
{"timestamp":"081429","status":"A","lat":"3321.609","lat_dir":"N","lon":"11830.812","lon_dir":"W","spd_over_grnd":"29.99","true_course":"189.418030","datestamp":"150708","mag_variation":"","mag_var_dir":""}
{"timestamp":"081431","status":"A","lat":"3321.596","lat_dir":"N","lon":"11830.814","lon_dir":"W","spd_over_grnd":"30.00","true_course":"188.434280","datestamp":"150708","mag_variation":"","mag_var_dir":""}
{"timestamp":"081432","status":"A","lat":"3321.584","lat_dir":"N","lon":"11830.817","lon_dir":"W","spd_over_grnd":"30.00","true_course":"188.132599","datestamp":"150708","mag_variation":"","mag_var_dir":""}
{"timestamp":"081434","status":"A","lat":"3321.571","lat_dir":"N","lon":"11830.819","lon_dir":"W","spd_over_grnd":"30.00","true_course":"188.940170","datestamp":"150708","mag_variation":"","mag_var_dir":""}
{"timestamp":"081435","status":"A","lat":"3321.558","lat_dir":"N","lon":"11830.822","lon_dir":"W","spd_over_grnd":"30.00","true_course":"189.994476","datestamp":"150708","mag_variation":"","mag_var_dir":""}
{"timestamp":"081437","status":"A","lat":"3321.545","lat_dir":"N","lon":"11830.824","lon_dir":"W","spd_over_grnd":"30.00","true_course":"189.833237","datestamp":"150708","mag_variation":"","mag_var_dir":""}
{"timestamp":"081439","status":"A","lat":"3321.532","lat_dir":"N","lon":"11830.827","lon_dir":"W","spd_over_grnd":"30.00","true_course":"188.839478","datestamp":"150708","mag_variation":"","mag_var_dir":""}
{"timestamp":"081440","status":"A","lat":"3321.519","lat_dir":"N","lon":"11830.829","lon_dir":"W","spd_over_grnd":"30.00","true_course":"188.257034","datestamp":"150708","mag_variation":"","mag_var_dir":""}
{"timestamp":"081442","status":"A","lat":"3321.506","lat_dir":"N","lon":"11830.831","lon_dir":"W","spd_over_grnd":"30.00","true_course":"188.937546","datestamp":"150708","mag_variation":"","mag_var_dir":""}
{"timestamp":"081443","status":"A","lat":"3321.493","lat_dir":"N","lon":"11830.834","lon_dir":"W","spd_over_grnd":"30.00","true_course":"189.952042","datestamp":"150708","mag_variation":"","mag_var_dir":""}
{"timestamp":"081445","status":"A","lat":"3321.481","lat_dir":"N","lon":"11830.836","lon_dir":"W","spd_over_grnd":"30.00","true_course":"190.144623","datestamp":"150708","mag_variation":"","mag_var_dir":""}
{"timestamp":"081446","status":"A","lat":"3321.468","lat_dir":"N","lon":"11830.839","lon_dir":"W","spd_over_grnd":"30.00","true_course":"189.093399","datestamp":"150708","mag_variation":"","mag_var_dir":""}
{"timestamp":"081448","status":"A","lat":"3321.455","lat_dir":"N","lon":"11830.841","lon_dir":"W","spd_over_grnd":"30.00","true_course":"188.276779","datestamp":"150708","mag_variation":"","mag_var_dir":""}
{"timestamp":"081449","status":"A","lat":"3321.442","lat_dir":"N","lon":"11830.844","lon_dir":"W","spd_over_grnd":"30.00","true_course":"188.574356","datestamp":"150708","mag_variation":"","mag_var_dir":""}
{"timestamp":"081451","status":"A","lat":"3321.430","lat_dir":"N","lon":"11830.846","lon_dir":"W","spd_over_grnd":"30.00","true_course":"189.820435","datestamp":"150708","mag_variation":"","mag_var_dir":""}
{"timestamp":"081452","status":"A","lat":"3321.416","lat_dir":"N","lon":"11830.849","lon_dir":"W","spd_over_grnd":"30.00","true_course":"190.285217","datestamp":"150708","mag_variation":"","mag_var_dir":""}
{"timestamp":"081454","status":"A","lat":"3321.403","lat_dir":"N","lon":"11830.852","lon_dir":"W","spd_over_grnd":"30.00","true_course":"189.644699","datestamp":"150708","mag_variation":"","mag_var_dir":""}
{"timestamp":"081455","status":"A","lat":"3321.391","lat_dir":"N","lon":"11830.854","lon_dir":"W","spd_over_grnd":"30.00","true_course":"188.662277","datestamp":"150708","mag_variation":"","mag_var_dir":""}
{"timestamp":"081457","status":"A","lat":"3321.378","lat_dir":"N","lon":"11830.856","lon_dir":"W","spd_over_grnd":"30.00","true_course":"188.604507","datestamp":"150708","mag_variation":"","mag_var_dir":""}
{"timestamp":"081458","status":"A","lat":"3321.365","lat_dir":"N","lon":"11830.859","lon_dir":"W","spd_over_grnd":"30.00","true_course":"189.653580","datestamp":"150708","mag_variation":"","mag_var_dir":""}
{"timestamp":"081500","status":"A","lat":"3321.352","lat_dir":"N","lon":"11830.862","lon_dir":"W","spd_over_grnd":"30.00","true_course":"190.376694","datestamp":"150708","mag_variation":"","mag_var_dir":""}
{"timestamp":"081501","status":"A","lat":"3321.340","lat_dir":"N","lon":"11830.864","lon_dir":"W","spd_over_grnd":"30.00","true_course":"189.868774","datestamp":"150708","mag_variation":"","mag_var_dir":""}
{"timestamp":"081503","status":"A","lat":"3321.327","lat_dir":"N","lon":"11830.867","lon_dir":"W","spd_over_grnd":"30.00","true_course":"188.803101","datestamp":"150708","mag_variation":"","mag_var_dir":""}
{"timestamp":"081504","status":"A","lat":"3321.314","lat_dir":"N","lon":"11830.869","lon_dir":"W","spd_over_grnd":"30.00","true_course":"188.451401","datestamp":"150708","mag_variation":"","mag_var_dir":""}
{"timestamp":"081506","status":"A","lat":"3321.301","lat_dir":"N","lon":"11830.872","lon_dir":"W","spd_over_grnd":"30.00","true_course":"189.214859","datestamp":"150708","mag_variation":"","mag_var_dir":""}
{"timestamp":"081507","status":"A","lat":"3321.288","lat_dir":"N","lon":"11830.874","lon_dir":"W","spd_over_grnd":"30.00","true_course":"190.058319","datestamp":"150708","mag_variation":"","mag_var_dir":""}
{"timestamp":"081509","status":"A","lat":"3321.275","lat_dir":"N","lon":"11830.877","lon_dir":"W","spd_over_grnd":"30.00","true_course":"189.870834","datestamp":"150708","mag_variation":"","mag_var_dir":""}
{"timestamp":"081511","status":"A","lat":"3321.262","lat_dir":"N","lon":"11830.879","lon_dir":"W","spd_over_grnd":"30.00","true_course":"188.732422","datestamp":"150708","mag_variation":"","mag_var_dir":""}
{"timestamp":"081512","status":"A","lat":"3321.249","lat_dir":"N","lon":"11830.882","lon_dir":"W","spd_over_grnd":"30.00","true_course":"188.148590","datestamp":"150708","mag_variation":"","mag_var_dir":""}
{"timestamp":"081514","status":"A","lat":"3321.236","lat_dir":"N","lon":"11830.884","lon_dir":"W","spd_over_grnd":"30.00","true_course":"188.863907","datestamp":"150708","mag_variation":"","mag_var_dir":""}
{"timestamp":"081515","status":"A","lat":"3321.223","lat_dir":"N","lon":"11830.887","lon_dir":"W","spd_over_grnd":"30.00","true_course":"189.861832","datestamp":"150708","mag_variation":"","mag_var_dir":""}
{"timestamp":"081517","status":"A","lat":"3321.210","lat_dir":"N","lon":"11830.889","lon_dir":"W","spd_over_grnd":"30.00","true_course":"189.905975","datestamp":"150708","mag_variation":"","mag_var_dir":""}
{"timestamp":"081518","status":"A","lat":"3321.197","lat_dir":"N","lon":"11830.892","lon_dir":"W","spd_over_grnd":"30.00","true_course":"188.882385","datestamp":"150708","mag_variation":"","mag_var_dir":""}
{"timestamp":"081520","status":"A","lat":"3321.184","lat_dir":"N","lon":"11830.894","lon_dir":"W","spd_over_grnd":"30.00","true_course":"188.064331","datestamp":"150708","mag_variation":"","mag_var_dir":""}
{"timestamp":"081521","status":"A","lat":"3321.172","lat_dir":"N","lon":"11830.896","lon_dir":"W","spd_over_grnd":"30.00","true_course":"188.515732","datestamp":"150708","mag_variation":"","mag_var_dir":""}
{"timestamp":"081523","status":"A","lat":"3321.159","lat_dir":"N","lon":"11830.899","lon_dir":"W","spd_over_grnd":"30.00","true_course":"189.519028","datestamp":"150708","mag_variation":"","mag_var_dir":""}
{"timestamp":"081524","status":"A","lat":"3321.146","lat_dir":"N","lon":"11830.901","lon_dir":"W","spd_over_grnd":"30.00","true_course":"189.819733","datestamp":"150708","mag_variation":"","mag_var_dir":""}
{"timestamp":"081526","status":"A","lat":"3321.133","lat_dir":"N","lon":"11830.904","lon_dir":"W","spd_over_grnd":"30.00","true_course":"188.931717","datestamp":"150708","mag_variation":"","mag_var_dir":""}
{"timestamp":"081527","status":"A","lat":"3321.120","lat_dir":"N","lon":"11830.906","lon_dir":"W","spd_over_grnd":"30.00","true_course":"188.092911","datestamp":"150708","mag_variation":"","mag_var_dir":""}
{"timestamp":"081529","status":"A","lat":"3321.107","lat_dir":"N","lon":"11830.909","lon_dir":"W","spd_over_grnd":"30.00","true_course":"188.284348","datestamp":"150708","mag_variation":"","mag_var_dir":""}
{"timestamp":"081531","status":"A","lat":"3321.094","lat_dir":"N","lon":"11830.911","lon_dir":"W","spd_over_grnd":"30.00","true_course":"189.288559","datestamp":"150708","mag_variation":"","mag_var_dir":""}
{"timestamp":"081532","status":"A","lat":"3321.081","lat_dir":"N","lon":"11830.914","lon_dir":"W","spd_over_grnd":"30.00","true_course":"189.760925","datestamp":"150708","mag_variation":"","mag_var_dir":""}
{"timestamp":"081534","status":"A","lat":"3321.068","lat_dir":"N","lon":"11830.916","lon_dir":"W","spd_over_grnd":"30.00","true_course":"189.013870","datestamp":"150708","mag_variation":"","mag_var_dir":""}
{"timestamp":"081535","status":"A","lat":"3321.055","lat_dir":"N","lon":"11830.918","lon_dir":"W","spd_over_grnd":"30.00","true_course":"188.030548","datestamp":"150708","mag_variation":"","mag_var_dir":""}
{"timestamp":"081537","status":"A","lat":"3321.042","lat_dir":"N","lon":"11830.921","lon_dir":"W","spd_over_grnd":"30.00","true_course":"187.972275","datestamp":"150708","mag_variation":"","mag_var_dir":""}
{"timestamp":"081538","status":"A","lat":"3321.029","lat_dir":"N","lon":"11830.923","lon_dir":"W","spd_over_grnd":"30.00","true_course":"189.034149","datestamp":"150708","mag_variation":"","mag_var_dir":""}
{"timestamp":"081540","status":"A","lat":"3321.016","lat_dir":"N","lon":"11830.926","lon_dir":"W","spd_over_grnd":"30.00","true_course":"189.731537","datestamp":"150708","mag_variation":"","mag_var_dir":""}
{"timestamp":"081541","status":"A","lat":"3321.004","lat_dir":"N","lon":"11830.928","lon_dir":"W","spd_over_grnd":"30.00","true_course":"189.272949","datestamp":"150708","mag_variation":"","mag_var_dir":""}
{"timestamp":"081543","status":"A","lat":"3320.991","lat_dir":"N","lon":"11830.930","lon_dir":"W","spd_over_grnd":"30.00","true_course":"188.018417","datestamp":"150708","mag_variation":"","mag_var_dir":""}
{"timestamp":"081544","status":"A","lat":"3320.977","lat_dir":"N","lon":"11830.932","lon_dir":"W","spd_over_grnd":"30.00","true_course":"187.706009","datestamp":"150708","mag_variation":"","mag_var_dir":""}
{"timestamp":"081546","status":"A","lat":"3320.964","lat_dir":"N","lon":"11830.935","lon_dir":"W","spd_over_grnd":"30.00","true_course":"188.710922","datestamp":"150708","mag_variation":"","mag_var_dir":""}
{"timestamp":"081547","status":"A","lat":"3320.951","lat_dir":"N","lon":"11830.937","lon_dir":"W","spd_over_grnd":"30.00","true_course":"189.736557","datestamp":"150708","mag_variation":"","mag_var_dir":""}
{"timestamp":"081549","status":"A","lat":"3320.939","lat_dir":"N","lon":"11830.940","lon_dir":"W","spd_over_grnd":"30.00","true_course":"189.513687","datestamp":"150708","mag_variation":"","mag_var_dir":""}
{"timestamp":"081550","status":"A","lat":"3320.926","lat_dir":"N","lon":"11830.942","lon_dir":"W","spd_over_grnd":"30.00","true_course":"188.462494","datestamp":"150708","mag_variation":"","mag_var_dir":""}
{"timestamp":"081552","status":"A","lat":"3320.913","lat_dir":"N","lon":"11830.944","lon_dir":"W","spd_over_grnd":"30.00","true_course":"187.756317","datestamp":"150708","mag_variation":"","mag_var_dir":""}
{"timestamp":"081553","status":"A","lat":"3320.900","lat_dir":"N","lon":"11830.947","lon_dir":"W","spd_over_grnd":"30.00","true_course":"188.432358","datestamp":"150708","mag_variation":"","mag_var_dir":""}
{"timestamp":"081555","status":"A","lat":"3320.887","lat_dir":"N","lon":"11830.949","lon_dir":"W","spd_over_grnd":"30.00","true_course":"189.647079","datestamp":"150708","mag_variation":"","mag_var_dir":""}
{"timestamp":"081557","status":"A","lat":"3320.874","lat_dir":"N","lon":"11830.952","lon_dir":"W","spd_over_grnd":"30.00","true_course":"189.794525","datestamp":"150708","mag_variation":"","mag_var_dir":""}
{"timestamp":"081558","status":"A","lat":"3320.862","lat_dir":"N","lon":"11830.954","lon_dir":"W","spd_over_grnd":"30.00","true_course":"188.794891","datestamp":"150708","mag_variation":"","mag_var_dir":""}
{"timestamp":"081600","status":"A","lat":"3320.849","lat_dir":"N","lon":"11830.956","lon_dir":"W","spd_over_grnd":"30.00","true_course":"187.933884","datestamp":"150708","mag_variation":"","mag_var_dir":""}
{"timestamp":"081601","status":"A","lat":"3320.836","lat_dir":"N","lon":"11830.959","lon_dir":"W","spd_over_grnd":"30.00","true_course":"188.181900","datestamp":"150708","mag_variation":"","mag_var_dir":""}
{"timestamp":"081603","status":"A","lat":"3320.823","lat_dir":"N","lon":"11830.961","lon_dir":"W","spd_over_grnd":"30.00","true_course":"189.046478","datestamp":"150708","mag_variation":"","mag_var_dir":""}
{"timestamp":"081604","status":"A","lat":"3320.810","lat_dir":"N","lon":"11830.964","lon_dir":"W","spd_over_grnd":"30.00","true_course":"189.655350","datestamp":"150708","mag_variation":"","mag_var_dir":""}
{"timestamp":"081606","status":"A","lat":"3320.798","lat_dir":"N","lon":"11830.966","lon_dir":"W","spd_over_grnd":"30.00","true_course":"189.030914","datestamp":"150708","mag_variation":"","mag_var_dir":""}
{"timestamp":"081607","status":"A","lat":"3320.785","lat_dir":"N","lon":"11830.968","lon_dir":"W","spd_over_grnd":"30.00","true_course":"188.010849","datestamp":"150708","mag_variation":"","mag_var_dir":""}
{"timestamp":"081609","status":"A","lat":"3320.772","lat_dir":"N","lon":"11830.970","lon_dir":"W","spd_over_grnd":"30.00","true_course":"187.804367","datestamp":"150708","mag_variation":"","mag_var_dir":""}
{"timestamp":"081610","status":"A","lat":"3320.760","lat_dir":"N","lon":"11830.972","lon_dir":"W","spd_over_grnd":"30.00","true_course":"188.871796","datestamp":"150708","mag_variation":"","mag_var_dir":""}
{"timestamp":"081612","status":"A","lat":"3320.747","lat_dir":"N","lon":"11830.975","lon_dir":"W","spd_over_grnd":"30.00","true_course":"189.813339","datestamp":"150708","mag_variation":"","mag_var_dir":""}
{"timestamp":"081613","status":"A","lat":"3320.734","lat_dir":"N","lon":"11830.978","lon_dir":"W","spd_over_grnd":"30.00","true_course":"189.519409","datestamp":"150708","mag_variation":"","mag_var_dir":""}
{"timestamp":"081615","status":"A","lat":"3320.721","lat_dir":"N","lon":"11830.980","lon_dir":"W","spd_over_grnd":"30.00","true_course":"188.491043","datestamp":"150708","mag_variation":"","mag_var_dir":""}
{"timestamp":"081616","status":"A","lat":"3320.709","lat_dir":"N","lon":"11830.982","lon_dir":"W","spd_over_grnd":"30.00","true_course":"187.881012","datestamp":"150708","mag_variation":"","mag_var_dir":""}
{"timestamp":"081618","status":"A","lat":"3320.696","lat_dir":"N","lon":"11830.984","lon_dir":"W","spd_over_grnd":"30.00","true_course":"188.542358","datestamp":"150708","mag_variation":"","mag_var_dir":""}
{"timestamp":"081619","status":"A","lat":"3320.683","lat_dir":"N","lon":"11830.987","lon_dir":"W","spd_over_grnd":"30.00","true_course":"189.405304","datestamp":"150708","mag_variation":"","mag_var_dir":""}
{"timestamp":"081621","status":"A","lat":"3320.670","lat_dir":"N","lon":"11830.989","lon_dir":"W","spd_over_grnd":"30.00","true_course":"189.495544","datestamp":"150708","mag_variation":"","mag_var_dir":""}
{"timestamp":"081622","status":"A","lat":"3320.658","lat_dir":"N","lon":"11830.992","lon_dir":"W","spd_over_grnd":"30.00","true_course":"188.483398","datestamp":"150708","mag_variation":"","mag_var_dir":""}
{"timestamp":"081624","status":"A","lat":"3320.645","lat_dir":"N","lon":"11830.994","lon_dir":"W","spd_over_grnd":"30.00","true_course":"187.522873","datestamp":"150708","mag_variation":"","mag_var_dir":""}
{"timestamp":"081625","status":"A","lat":"3320.632","lat_dir":"N","lon":"11830.996","lon_dir":"W","spd_over_grnd":"30.00","true_course":"187.892960","datestamp":"150708","mag_variation":"","mag_var_dir":""}
{"timestamp":"081627","status":"A","lat":"3320.619","lat_dir":"N","lon":"11830.998","lon_dir":"W","spd_over_grnd":"30.00","true_course":"189.016388","datestamp":"150708","mag_variation":"","mag_var_dir":""}
{"timestamp":"081628","status":"A","lat":"3320.606","lat_dir":"N","lon":"11831.001","lon_dir":"W","spd_over_grnd":"30.00","true_course":"189.530640","datestamp":"150708","mag_variation":"","mag_var_dir":""}
{"timestamp":"081630","status":"A","lat":"3320.594","lat_dir":"N","lon":"11831.003","lon_dir":"W","spd_over_grnd":"30.00","true_course":"188.875931","datestamp":"150708","mag_variation":"","mag_var_dir":""}
{"timestamp":"081631","status":"A","lat":"3320.581","lat_dir":"N","lon":"11831.005","lon_dir":"W","spd_over_grnd":"30.00","true_course":"187.688629","datestamp":"150708","mag_variation":"","mag_var_dir":""}
{"timestamp":"081633","status":"A","lat":"3320.568","lat_dir":"N","lon":"11831.008","lon_dir":"W","spd_over_grnd":"30.00","true_course":"187.647842","datestamp":"150708","mag_variation":"","mag_var_dir":""}
{"timestamp":"081634","status":"A","lat":"3320.555","lat_dir":"N","lon":"11831.009","lon_dir":"W","spd_over_grnd":"30.00","true_course":"188.579819","datestamp":"150708","mag_variation":"","mag_var_dir":""}
{"timestamp":"081636","status":"A","lat":"3320.543","lat_dir":"N","lon":"11831.012","lon_dir":"W","spd_over_grnd":"30.00","true_course":"189.446259","datestamp":"150708","mag_variation":"","mag_var_dir":""}
{"timestamp":"081637","status":"A","lat":"3320.530","lat_dir":"N","lon":"11831.014","lon_dir":"W","spd_over_grnd":"30.00","true_course":"189.150574","datestamp":"150708","mag_variation":"","mag_var_dir":""}
{"timestamp":"081639","status":"A","lat":"3320.517","lat_dir":"N","lon":"11831.017","lon_dir":"W","spd_over_grnd":"30.00","true_course":"187.769379","datestamp":"150708","mag_variation":"","mag_var_dir":""}
{"timestamp":"081640","status":"A","lat":"3320.504","lat_dir":"N","lon":"11831.019","lon_dir":"W","spd_over_grnd":"30.00","true_course":"187.245285","datestamp":"150708","mag_variation":"","mag_var_dir":""}
{"timestamp":"081642","status":"A","lat":"3320.492","lat_dir":"N","lon":"11831.021","lon_dir":"W","spd_over_grnd":"30.00","true_course":"187.938446","datestamp":"150708","mag_variation":"","mag_var_dir":""}
{"timestamp":"081643","status":"A","lat":"3320.479","lat_dir":"N","lon":"11831.023","lon_dir":"W","spd_over_grnd":"30.00","true_course":"188.862564","datestamp":"150708","mag_variation":"","mag_var_dir":""}
{"timestamp":"081645","status":"A","lat":"3320.466","lat_dir":"N","lon":"11831.025","lon_dir":"W","spd_over_grnd":"30.00","true_course":"188.901947","datestamp":"150708","mag_variation":"","mag_var_dir":""}
{"timestamp":"081646","status":"A","lat":"3320.453","lat_dir":"N","lon":"11831.028","lon_dir":"W","spd_over_grnd":"30.00","true_course":"188.102127","datestamp":"150708","mag_variation":"","mag_var_dir":""}
{"timestamp":"081648","status":"A","lat":"3320.441","lat_dir":"N","lon":"11831.030","lon_dir":"W","spd_over_grnd":"30.00","true_course":"187.291641","datestamp":"150708","mag_variation":"","mag_var_dir":""}
{"timestamp":"081649","status":"A","lat":"3320.428","lat_dir":"N","lon":"11831.032","lon_dir":"W","spd_over_grnd":"30.00","true_course":"187.647675","datestamp":"150708","mag_variation":"","mag_var_dir":""}
{"timestamp":"081651","status":"A","lat":"3320.415","lat_dir":"N","lon":"11831.034","lon_dir":"W","spd_over_grnd":"30.00","true_course":"188.805405","datestamp":"150708","mag_variation":"","mag_var_dir":""}
{"timestamp":"081652","status":"A","lat":"3320.403","lat_dir":"N","lon":"11831.036","lon_dir":"W","spd_over_grnd":"30.00","true_course":"189.304703","datestamp":"150708","mag_variation":"","mag_var_dir":""}
{"timestamp":"081654","status":"A","lat":"3320.390","lat_dir":"N","lon":"11831.039","lon_dir":"W","spd_over_grnd":"30.00","true_course":"188.519287","datestamp":"150708","mag_variation":"","mag_var_dir":""}
{"timestamp":"081655","status":"A","lat":"3320.377","lat_dir":"N","lon":"11831.041","lon_dir":"W","spd_over_grnd":"30.00","true_course":"187.573944","datestamp":"150708","mag_variation":"","mag_var_dir":""}
{"timestamp":"081657","status":"A","lat":"3320.364","lat_dir":"N","lon":"11831.043","lon_dir":"W","spd_over_grnd":"30.00","true_course":"187.545090","datestamp":"150708","mag_variation":"","mag_var_dir":""}
{"timestamp":"081658","status":"A","lat":"3320.351","lat_dir":"N","lon":"11831.045","lon_dir":"W","spd_over_grnd":"30.00","true_course":"188.612885","datestamp":"150708","mag_variation":"","mag_var_dir":""}
{"timestamp":"081700","status":"A","lat":"3320.338","lat_dir":"N","lon":"11831.048","lon_dir":"W","spd_over_grnd":"30.00","true_course":"189.293991","datestamp":"150708","mag_variation":"","mag_var_dir":""}
{"timestamp":"081701","status":"A","lat":"3320.326","lat_dir":"N","lon":"11831.050","lon_dir":"W","spd_over_grnd":"30.00","true_course":"188.878189","datestamp":"150708","mag_variation":"","mag_var_dir":""}
{"timestamp":"081703","status":"A","lat":"3320.312","lat_dir":"N","lon":"11831.052","lon_dir":"W","spd_over_grnd":"30.00","true_course":"187.627289","datestamp":"150708","mag_variation":"","mag_var_dir":""}
{"timestamp":"081704","status":"A","lat":"3320.299","lat_dir":"N","lon":"11831.054","lon_dir":"W","spd_over_grnd":"30.00","true_course":"187.367050","datestamp":"150708","mag_variation":"","mag_var_dir":""}
{"timestamp":"081706","status":"A","lat":"3320.286","lat_dir":"N","lon":"11831.057","lon_dir":"W","spd_over_grnd":"30.00","true_course":"188.224228","datestamp":"150708","mag_variation":"","mag_var_dir":""}
{"timestamp":"081707","status":"A","lat":"3320.273","lat_dir":"N","lon":"11831.059","lon_dir":"W","spd_over_grnd":"30.00","true_course":"189.189117","datestamp":"150708","mag_variation":"","mag_var_dir":""}
{"timestamp":"081709","status":"A","lat":"3320.261","lat_dir":"N","lon":"11831.061","lon_dir":"W","spd_over_grnd":"30.00","true_course":"189.037567","datestamp":"150708","mag_variation":"","mag_var_dir":""}
{"timestamp":"081710","status":"A","lat":"3320.248","lat_dir":"N","lon":"11831.063","lon_dir":"W","spd_over_grnd":"30.00","true_course":"187.921783","datestamp":"150708","mag_variation":"","mag_var_dir":""}
{"timestamp":"081712","status":"A","lat":"3320.235","lat_dir":"N","lon":"11831.066","lon_dir":"W","spd_over_grnd":"30.00","true_course":"187.161209","datestamp":"150708","mag_variation":"","mag_var_dir":""}
{"timestamp":"081713","status":"A","lat":"3320.222","lat_dir":"N","lon":"11831.068","lon_dir":"W","spd_over_grnd":"30.00","true_course":"187.787491","datestamp":"150708","mag_variation":"","mag_var_dir":""}
{"timestamp":"081715","status":"A","lat":"3320.209","lat_dir":"N","lon":"11831.070","lon_dir":"W","spd_over_grnd":"30.00","true_course":"188.870193","datestamp":"150708","mag_variation":"","mag_var_dir":""}
{"timestamp":"081716","status":"A","lat":"3320.196","lat_dir":"N","lon":"11831.072","lon_dir":"W","spd_over_grnd":"30.00","true_course":"189.083221","datestamp":"150708","mag_variation":"","mag_var_dir":""}
{"timestamp":"081718","status":"A","lat":"3320.183","lat_dir":"N","lon":"11831.075","lon_dir":"W","spd_over_grnd":"30.00","true_course":"188.246841","datestamp":"150708","mag_variation":"","mag_var_dir":""}
{"timestamp":"081720","status":"A","lat":"3320.170","lat_dir":"N","lon":"11831.077","lon_dir":"W","spd_over_grnd":"30.00","true_course":"187.366333","datestamp":"150708","mag_variation":"","mag_var_dir":""}
{"timestamp":"081721","status":"A","lat":"3320.157","lat_dir":"N","lon":"11831.079","lon_dir":"W","spd_over_grnd":"30.00","true_course":"187.636841","datestamp":"150708","mag_variation":"","mag_var_dir":""}
{"timestamp":"081723","status":"A","lat":"3320.145","lat_dir":"N","lon":"11831.081","lon_dir":"W","spd_over_grnd":"30.00","true_course":"188.795990","datestamp":"150708","mag_variation":"","mag_var_dir":""}
{"timestamp":"081724","status":"A","lat":"3320.132","lat_dir":"N","lon":"11831.084","lon_dir":"W","spd_over_grnd":"30.00","true_course":"189.375320","datestamp":"150708","mag_variation":"","mag_var_dir":""}
{"timestamp":"081726","status":"A","lat":"3320.119","lat_dir":"N","lon":"11831.086","lon_dir":"W","spd_over_grnd":"30.00","true_course":"188.714722","datestamp":"150708","mag_variation":"","mag_var_dir":""}
{"timestamp":"081727","status":"A","lat":"3320.106","lat_dir":"N","lon":"11831.088","lon_dir":"W","spd_over_grnd":"30.00","true_course":"187.651703","datestamp":"150708","mag_variation":"","mag_var_dir":""}
{"timestamp":"081729","status":"A","lat":"3320.093","lat_dir":"N","lon":"11831.090","lon_dir":"W","spd_over_grnd":"30.00","true_course":"187.589325","datestamp":"150708","mag_variation":"","mag_var_dir":""}
{"timestamp":"081730","status":"A","lat":"3320.080","lat_dir":"N","lon":"11831.092","lon_dir":"W","spd_over_grnd":"30.00","true_course":"188.674835","datestamp":"150708","mag_variation":"","mag_var_dir":""}
{"timestamp":"081732","status":"A","lat":"3320.067","lat_dir":"N","lon":"11831.095","lon_dir":"W","spd_over_grnd":"30.00","true_course":"189.554367","datestamp":"150708","mag_variation":"","mag_var_dir":""}
{"timestamp":"081733","status":"A","lat":"3320.055","lat_dir":"N","lon":"11831.097","lon_dir":"W","spd_over_grnd":"30.00","true_course":"189.162979","datestamp":"150708","mag_variation":"","mag_var_dir":""}
{"timestamp":"081735","status":"A","lat":"3320.042","lat_dir":"N","lon":"11831.100","lon_dir":"W","spd_over_grnd":"30.00","true_course":"188.243073","datestamp":"150708","mag_variation":"","mag_var_dir":""}
{"timestamp":"081736","status":"A","lat":"3320.029","lat_dir":"N","lon":"11831.102","lon_dir":"W","spd_over_grnd":"30.00","true_course":"187.831436","datestamp":"150708","mag_variation":"","mag_var_dir":""}
{"timestamp":"081738","status":"A","lat":"3320.016","lat_dir":"N","lon":"11831.104","lon_dir":"W","spd_over_grnd":"30.00","true_course":"188.641174","datestamp":"150708","mag_variation":"","mag_var_dir":""}
{"timestamp":"081739","status":"A","lat":"3320.003","lat_dir":"N","lon":"11831.106","lon_dir":"W","spd_over_grnd":"30.00","true_course":"189.673782","datestamp":"150708","mag_variation":"","mag_var_dir":""}
{"timestamp":"081741","status":"A","lat":"3319.990","lat_dir":"N","lon":"11831.109","lon_dir":"W","spd_over_grnd":"30.00","true_course":"189.639069","datestamp":"150708","mag_variation":"","mag_var_dir":""}
{"timestamp":"081742","status":"A","lat":"3319.977","lat_dir":"N","lon":"11831.111","lon_dir":"W","spd_over_grnd":"30.00","true_course":"188.607437","datestamp":"150708","mag_variation":"","mag_var_dir":""}
{"timestamp":"081744","status":"A","lat":"3319.964","lat_dir":"N","lon":"11831.114","lon_dir":"W","spd_over_grnd":"30.00","true_course":"187.820404","datestamp":"150708","mag_variation":"","mag_var_dir":""}
{"timestamp":"081745","status":"A","lat":"3319.951","lat_dir":"N","lon":"11831.116","lon_dir":"W","spd_over_grnd":"30.00","true_course":"188.375778","datestamp":"150708","mag_variation":"","mag_var_dir":""}
{"timestamp":"081747","status":"A","lat":"3319.939","lat_dir":"N","lon":"11831.118","lon_dir":"W","spd_over_grnd":"30.00","true_course":"189.594589","datestamp":"150708","mag_variation":"","mag_var_dir":""}
{"timestamp":"081748","status":"A","lat":"3319.926","lat_dir":"N","lon":"11831.121","lon_dir":"W","spd_over_grnd":"30.00","true_course":"189.839279","datestamp":"150708","mag_variation":"","mag_var_dir":""}
{"timestamp":"081750","status":"A","lat":"3319.913","lat_dir":"N","lon":"11831.123","lon_dir":"W","spd_over_grnd":"30.00","true_course":"188.983139","datestamp":"150708","mag_variation":"","mag_var_dir":""}
{"timestamp":"081751","status":"A","lat":"3319.901","lat_dir":"N","lon":"11831.126","lon_dir":"W","spd_over_grnd":"30.00","true_course":"188.151581","datestamp":"150708","mag_variation":"","mag_var_dir":""}
{"timestamp":"081753","status":"A","lat":"3319.888","lat_dir":"N","lon":"11831.128","lon_dir":"W","spd_over_grnd":"30.00","true_course":"188.329727","datestamp":"150708","mag_variation":"","mag_var_dir":""}
{"timestamp":"081754","status":"A","lat":"3319.876","lat_dir":"N","lon":"11831.130","lon_dir":"W","spd_over_grnd":"30.00","true_course":"189.313080","datestamp":"150708","mag_variation":"","mag_var_dir":""}
{"timestamp":"081756","status":"A","lat":"3319.863","lat_dir":"N","lon":"11831.133","lon_dir":"W","spd_over_grnd":"30.00","true_course":"189.903595","datestamp":"150708","mag_variation":"","mag_var_dir":""}
{"timestamp":"081758","status":"A","lat":"3319.850","lat_dir":"N","lon":"11831.135","lon_dir":"W","spd_over_grnd":"30.00","true_course":"189.258102","datestamp":"150708","mag_variation":"","mag_var_dir":""}
{"timestamp":"081759","status":"A","lat":"3319.837","lat_dir":"N","lon":"11831.138","lon_dir":"W","spd_over_grnd":"30.00","true_course":"188.047714","datestamp":"150708","mag_variation":"","mag_var_dir":""}
{"timestamp":"081801","status":"A","lat":"3319.825","lat_dir":"N","lon":"11831.140","lon_dir":"W","spd_over_grnd":"30.00","true_course":"187.877304","datestamp":"150708","mag_variation":"","mag_var_dir":""}
{"timestamp":"081802","status":"A","lat":"3319.812","lat_dir":"N","lon":"11831.142","lon_dir":"W","spd_over_grnd":"30.00","true_course":"188.756561","datestamp":"150708","mag_variation":"","mag_var_dir":""}
{"timestamp":"081804","status":"A","lat":"3319.799","lat_dir":"N","lon":"11831.144","lon_dir":"W","spd_over_grnd":"30.00","true_course":"189.536072","datestamp":"150708","mag_variation":"","mag_var_dir":""}
{"timestamp":"081805","status":"A","lat":"3319.786","lat_dir":"N","lon":"11831.147","lon_dir":"W","spd_over_grnd":"30.00","true_course":"189.239975","datestamp":"150708","mag_variation":"","mag_var_dir":""}
{"timestamp":"081807","status":"A","lat":"3319.773","lat_dir":"N","lon":"11831.149","lon_dir":"W","spd_over_grnd":"30.00","true_course":"187.958984","datestamp":"150708","mag_variation":"","mag_var_dir":""}
{"timestamp":"081808","status":"A","lat":"3319.761","lat_dir":"N","lon":"11831.151","lon_dir":"W","spd_over_grnd":"30.00","true_course":"187.480621","datestamp":"150708","mag_variation":"","mag_var_dir":""}
{"timestamp":"081810","status":"A","lat":"3319.748","lat_dir":"N","lon":"11831.154","lon_dir":"W","spd_over_grnd":"30.00","true_course":"188.069489","datestamp":"150708","mag_variation":"","mag_var_dir":""}
{"timestamp":"081811","status":"A","lat":"3319.736","lat_dir":"N","lon":"11831.156","lon_dir":"W","spd_over_grnd":"30.00","true_course":"189.106567","datestamp":"150708","mag_variation":"","mag_var_dir":""}
{"timestamp":"081813","status":"A","lat":"3319.723","lat_dir":"N","lon":"11831.158","lon_dir":"W","spd_over_grnd":"30.00","true_course":"189.201202","datestamp":"150708","mag_variation":"","mag_var_dir":""}
{"timestamp":"081814","status":"A","lat":"3319.710","lat_dir":"N","lon":"11831.160","lon_dir":"W","spd_over_grnd":"30.00","true_course":"188.293167","datestamp":"150708","mag_variation":"","mag_var_dir":""}
{"timestamp":"081816","status":"A","lat":"3319.697","lat_dir":"N","lon":"11831.163","lon_dir":"W","spd_over_grnd":"30.00","true_course":"187.409271","datestamp":"150708","mag_variation":"","mag_var_dir":""}
