{"timestamp":"090958","status":"A","lat":"3318.558","lat_dir":"N","lon":"11837.860","lon_dir":"W","spd_over_grnd":"29.88","true_course":"188.571701","datestamp":"150708","mag_variation":"","mag_var_dir":""}
{"timestamp":"091000","status":"A","lat":"3318.545","lat_dir":"N","lon":"11837.863","lon_dir":"W","spd_over_grnd":"29.90","true_course":"187.932785","datestamp":"150708","mag_variation":"","mag_var_dir":""}
{"timestamp":"091001","status":"A","lat":"3318.533","lat_dir":"N","lon":"11837.864","lon_dir":"W","spd_over_grnd":"29.92","true_course":"188.470825","datestamp":"150708","mag_variation":"","mag_var_dir":""}
{"timestamp":"091003","status":"A","lat":"3318.520","lat_dir":"N","lon":"11837.867","lon_dir":"W","spd_over_grnd":"29.93","true_course":"189.744797","datestamp":"150708","mag_variation":"","mag_var_dir":""}
{"timestamp":"091004","status":"A","lat":"3318.508","lat_dir":"N","lon":"11837.869","lon_dir":"W","spd_over_grnd":"29.95","true_course":"190.314667","datestamp":"150708","mag_variation":"","mag_var_dir":""}
{"timestamp":"091006","status":"A","lat":"3318.495","lat_dir":"N","lon":"11837.872","lon_dir":"W","spd_over_grnd":"29.96","true_course":"189.711029","datestamp":"150708","mag_variation":"","mag_var_dir":""}
{"timestamp":"091007","status":"A","lat":"3318.482","lat_dir":"N","lon":"11837.875","lon_dir":"W","spd_over_grnd":"29.97","true_course":"188.711411","datestamp":"150708","mag_variation":"","mag_var_dir":""}
{"timestamp":"091009","status":"A","lat":"3318.468","lat_dir":"N","lon":"11837.877","lon_dir":"W","spd_over_grnd":"29.97","true_course":"188.798447","datestamp":"150708","mag_variation":"","mag_var_dir":""}
{"timestamp":"091010","status":"A","lat":"3318.456","lat_dir":"N","lon":"11837.880","lon_dir":"W","spd_over_grnd":"29.98","true_course":"189.995514","datestamp":"150708","mag_variation":"","mag_var_dir":""}
{"timestamp":"091012","status":"A","lat":"3318.442","lat_dir":"N","lon":"11837.883","lon_dir":"W","spd_over_grnd":"29.98","true_course":"190.827545","datestamp":"150708","mag_variation":"","mag_var_dir":""}
{"timestamp":"091013","status":"A","lat":"3318.430","lat_dir":"N","lon":"11837.885","lon_dir":"W","spd_over_grnd":"29.99","true_course":"190.335205","datestamp":"150708","mag_variation":"","mag_var_dir":""}
{"timestamp":"091015","status":"A","lat":"3318.417","lat_dir":"N","lon":"11837.888","lon_dir":"W","spd_over_grnd":"29.99","true_course":"189.319351","datestamp":"150708","mag_variation":"","mag_var_dir":""}
{"timestamp":"091017","status":"A","lat":"3318.404","lat_dir":"N","lon":"11837.890","lon_dir":"W","spd_over_grnd":"29.99","true_course":"189.148880","datestamp":"150708","mag_variation":"","mag_var_dir":""}
{"timestamp":"091018","status":"A","lat":"3318.392","lat_dir":"N","lon":"11837.893","lon_dir":"W","spd_over_grnd":"29.99","true_course":"190.241440","datestamp":"150708","mag_variation":"","mag_var_dir":""}
{"timestamp":"091020","status":"A","lat":"3318.379","lat_dir":"N","lon":"11837.896","lon_dir":"W","spd_over_grnd":"29.99","true_course":"191.287964","datestamp":"150708","mag_variation":"","mag_var_dir":""}
{"timestamp":"091021","status":"A","lat":"3318.367","lat_dir":"N","lon":"11837.899","lon_dir":"W","spd_over_grnd":"30.00","true_course":"190.976440","datestamp":"150708","mag_variation":"","mag_var_dir":""}
{"timestamp":"091023","status":"A","lat":"3318.354","lat_dir":"N","lon":"11837.902","lon_dir":"W","spd_over_grnd":"30.00","true_course":"189.892548","datestamp":"150708","mag_variation":"","mag_var_dir":""}
{"timestamp":"091024","status":"A","lat":"3318.341","lat_dir":"N","lon":"11837.904","lon_dir":"W","spd_over_grnd":"30.00","true_course":"189.273346","datestamp":"150708","mag_variation":"","mag_var_dir":""}
{"timestamp":"091026","status":"A","lat":"3318.329","lat_dir":"N","lon":"11837.907","lon_dir":"W","spd_over_grnd":"30.00","true_course":"189.935165","datestamp":"150708","mag_variation":"","mag_var_dir":""}
{"timestamp":"091027","status":"A","lat":"3318.316","lat_dir":"N","lon":"11837.910","lon_dir":"W","spd_over_grnd":"30.00","true_course":"190.957047","datestamp":"150708","mag_variation":"","mag_var_dir":""}
{"timestamp":"091029","status":"A","lat":"3318.304","lat_dir":"N","lon":"11837.912","lon_dir":"W","spd_over_grnd":"30.00","true_course":"191.152298","datestamp":"150708","mag_variation":"","mag_var_dir":""}
{"timestamp":"091030","status":"A","lat":"3318.291","lat_dir":"N","lon":"11837.915","lon_dir":"W","spd_over_grnd":"30.00","true_course":"190.228088","datestamp":"150708","mag_variation":"","mag_var_dir":""}
{"timestamp":"091032","status":"A","lat":"3318.279","lat_dir":"N","lon":"11837.918","lon_dir":"W","spd_over_grnd":"30.00","true_course":"189.397736","datestamp":"150708","mag_variation":"","mag_var_dir":""}
{"timestamp":"091033","status":"A","lat":"3318.266","lat_dir":"N","lon":"11837.921","lon_dir":"W","spd_over_grnd":"30.00","true_course":"189.679932","datestamp":"150708","mag_variation":"","mag_var_dir":""}
{"timestamp":"091035","status":"A","lat":"3318.254","lat_dir":"N","lon":"11837.923","lon_dir":"W","spd_over_grnd":"30.00","true_course":"190.546463","datestamp":"150708","mag_variation":"","mag_var_dir":""}
{"timestamp":"091036","status":"A","lat":"3318.241","lat_dir":"N","lon":"11837.926","lon_dir":"W","spd_over_grnd":"30.00","true_course":"191.077240","datestamp":"150708","mag_variation":"","mag_var_dir":""}
{"timestamp":"091038","status":"A","lat":"3318.228","lat_dir":"N","lon":"11837.929","lon_dir":"W","spd_over_grnd":"30.00","true_course":"190.341843","datestamp":"150708","mag_variation":"","mag_var_dir":""}
{"timestamp":"091039","status":"A","lat":"3318.215","lat_dir":"N","lon":"11837.932","lon_dir":"W","spd_over_grnd":"30.00","true_course":"189.247971","datestamp":"150708","mag_variation":"","mag_var_dir":""}
{"timestamp":"091041","status":"A","lat":"3318.202","lat_dir":"N","lon":"11837.934","lon_dir":"W","spd_over_grnd":"30.00","true_course":"189.133026","datestamp":"150708","mag_variation":"","mag_var_dir":""}
{"timestamp":"091042","status":"A","lat":"3318.189","lat_dir":"N","lon":"11837.937","lon_dir":"W","spd_over_grnd":"30.00","true_course":"190.246399","datestamp":"150708","mag_variation":"","mag_var_dir":""}
{"timestamp":"091044","status":"A","lat":"3318.176","lat_dir":"N","lon":"11837.940","lon_dir":"W","spd_over_grnd":"30.00","true_course":"190.980728","datestamp":"150708","mag_variation":"","mag_var_dir":""}
{"timestamp":"091045","status":"A","lat":"3318.163","lat_dir":"N","lon":"11837.943","lon_dir":"W","spd_over_grnd":"30.00","true_course":"190.538864","datestamp":"150708","mag_variation":"","mag_var_dir":""}
{"timestamp":"091047","status":"A","lat":"3318.150","lat_dir":"N","lon":"11837.945","lon_dir":"W","spd_over_grnd":"30.00","true_course":"189.332413","datestamp":"150708","mag_variation":"","mag_var_dir":""}
{"timestamp":"091048","status":"A","lat":"3318.137","lat_dir":"N","lon":"11837.948","lon_dir":"W","spd_over_grnd":"30.00","true_course":"189.015015","datestamp":"150708","mag_variation":"","mag_var_dir":""}
{"timestamp":"091050","status":"A","lat":"3318.125","lat_dir":"N","lon":"11837.950","lon_dir":"W","spd_over_grnd":"30.00","true_course":"189.935272","datestamp":"150708","mag_variation":"","mag_var_dir":""}
{"timestamp":"091051","status":"A","lat":"3318.112","lat_dir":"N","lon":"11837.953","lon_dir":"W","spd_over_grnd":"30.00","true_course":"190.896042","datestamp":"150708","mag_variation":"","mag_var_dir":""}
{"timestamp":"091053","status":"A","lat":"3318.099","lat_dir":"N","lon":"11837.956","lon_dir":"W","spd_over_grnd":"30.00","true_course":"190.763687","datestamp":"150708","mag_variation":"","mag_var_dir":""}
{"timestamp":"091055","status":"A","lat":"3318.086","lat_dir":"N","lon":"11837.959","lon_dir":"W","spd_over_grnd":"30.00","true_course":"189.719955","datestamp":"150708","mag_variation":"","mag_var_dir":""}
{"timestamp":"091056","status":"A","lat":"3318.073","lat_dir":"N","lon":"11837.961","lon_dir":"W","spd_over_grnd":"30.00","true_course":"189.220459","datestamp":"150708","mag_variation":"","mag_var_dir":""}
{"timestamp":"091058","status":"A","lat":"3318.060","lat_dir":"N","lon":"11837.964","lon_dir":"W","spd_over_grnd":"30.00","true_course":"189.878418","datestamp":"150708","mag_variation":"","mag_var_dir":""}
{"timestamp":"091059","status":"A","lat":"3318.047","lat_dir":"N","lon":"11837.967","lon_dir":"W","spd_over_grnd":"30.00","true_course":"190.908081","datestamp":"150708","mag_variation":"","mag_var_dir":""}
{"timestamp":"091101","status":"A","lat":"3318.035","lat_dir":"N","lon":"11837.970","lon_dir":"W","spd_over_grnd":"30.00","true_course":"190.978241","datestamp":"150708","mag_variation":"","mag_var_dir":""}
{"timestamp":"091102","status":"A","lat":"3318.021","lat_dir":"N","lon":"11837.973","lon_dir":"W","spd_over_grnd":"30.00","true_course":"189.921906","datestamp":"150708","mag_variation":"","mag_var_dir":""}
{"timestamp":"091104","status":"A","lat":"3318.008","lat_dir":"N","lon":"11837.975","lon_dir":"W","spd_over_grnd":"30.00","true_course":"189.170898","datestamp":"150708","mag_variation":"","mag_var_dir":""}
{"timestamp":"091105","status":"A","lat":"3317.995","lat_dir":"N","lon":"11837.978","lon_dir":"W","spd_over_grnd":"30.00","true_course":"189.632706","datestamp":"150708","mag_variation":"","mag_var_dir":""}
{"timestamp":"091107","status":"A","lat":"3317.983","lat_dir":"N","lon":"11837.981","lon_dir":"W","spd_over_grnd":"30.00","true_course":"190.787933","datestamp":"150708","mag_variation":"","mag_var_dir":""}
{"timestamp":"091109","status":"A","lat":"3317.970","lat_dir":"N","lon":"11837.983","lon_dir":"W","spd_over_grnd":"30.00","true_course":"190.975845","datestamp":"150708","mag_variation":"","mag_var_dir":""}
{"timestamp":"091110","status":"A","lat":"3317.956","lat_dir":"N","lon":"11837.987","lon_dir":"W","spd_over_grnd":"30.00","true_course":"190.019592","datestamp":"150708","mag_variation":"","mag_var_dir":""}
{"timestamp":"091112","status":"A","lat":"3317.943","lat_dir":"N","lon":"11837.989","lon_dir":"W","spd_over_grnd":"30.00","true_course":"189.126556","datestamp":"150708","mag_variation":"","mag_var_dir":""}
{"timestamp":"091113","status":"A","lat":"3317.930","lat_dir":"N","lon":"11837.992","lon_dir":"W","spd_over_grnd":"30.00","true_course":"189.571442","datestamp":"150708","mag_variation":"","mag_var_dir":""}
{"timestamp":"091115","status":"A","lat":"3317.917","lat_dir":"N","lon":"11837.994","lon_dir":"W","spd_over_grnd":"30.00","true_course":"190.634003","datestamp":"150708","mag_variation":"","mag_var_dir":""}
{"timestamp":"091116","status":"A","lat":"3317.904","lat_dir":"N","lon":"11837.998","lon_dir":"W","spd_over_grnd":"30.00","true_course":"190.929276","datestamp":"150708","mag_variation":"","mag_var_dir":""}
{"timestamp":"091118","status":"A","lat":"3317.891","lat_dir":"N","lon":"11838.000","lon_dir":"W","spd_over_grnd":"30.00","true_course":"189.960495","datestamp":"150708","mag_variation":"","mag_var_dir":""}
{"timestamp":"091120","status":"A","lat":"3317.878","lat_dir":"N","lon":"11838.003","lon_dir":"W","spd_over_grnd":"30.00","true_course":"189.180405","datestamp":"150708","mag_variation":"","mag_var_dir":""}
{"timestamp":"091121","status":"A","lat":"3317.864","lat_dir":"N","lon":"11838.006","lon_dir":"W","spd_over_grnd":"30.00","true_course":"189.489563","datestamp":"150708","mag_variation":"","mag_var_dir":""}
{"timestamp":"091123","status":"A","lat":"3317.851","lat_dir":"N","lon":"11838.009","lon_dir":"W","spd_over_grnd":"30.00","true_course":"190.688019","datestamp":"150708","mag_variation":"","mag_var_dir":""}
{"timestamp":"091124","status":"A","lat":"3317.838","lat_dir":"N","lon":"11838.012","lon_dir":"W","spd_over_grnd":"30.00","true_course":"190.987381","datestamp":"150708","mag_variation":"","mag_var_dir":""}
{"timestamp":"091126","status":"A","lat":"3317.825","lat_dir":"N","lon":"11838.015","lon_dir":"W","spd_over_grnd":"30.00","true_course":"190.015060","datestamp":"150708","mag_variation":"","mag_var_dir":""}
{"timestamp":"091128","status":"A","lat":"3317.812","lat_dir":"N","lon":"11838.017","lon_dir":"W","spd_over_grnd":"30.00","true_course":"189.094559","datestamp":"150708","mag_variation":"","mag_var_dir":""}
{"timestamp":"091129","status":"A","lat":"3317.799","lat_dir":"N","lon":"11838.020","lon_dir":"W","spd_over_grnd":"30.00","true_course":"189.444046","datestamp":"150708","mag_variation":"","mag_var_dir":""}
{"timestamp":"091131","status":"A","lat":"3317.786","lat_dir":"N","lon":"11838.022","lon_dir":"W","spd_over_grnd":"30.00","true_course":"190.461761","datestamp":"150708","mag_variation":"","mag_var_dir":""}
{"timestamp":"091132","status":"A","lat":"3317.774","lat_dir":"N","lon":"11838.025","lon_dir":"W","spd_over_grnd":"30.00","true_course":"190.920135","datestamp":"150708","mag_variation":"","mag_var_dir":""}
{"timestamp":"091134","status":"A","lat":"3317.761","lat_dir":"N","lon":"11838.028","lon_dir":"W","spd_over_grnd":"30.00","true_course":"190.126312","datestamp":"150708","mag_variation":"","mag_var_dir":""}
{"timestamp":"091135","status":"A","lat":"3317.748","lat_dir":"N","lon":"11838.031","lon_dir":"W","spd_over_grnd":"30.00","true_course":"189.109634","datestamp":"150708","mag_variation":"","mag_var_dir":""}
{"timestamp":"091137","status":"A","lat":"3317.735","lat_dir":"N","lon":"11838.033","lon_dir":"W","spd_over_grnd":"30.00","true_course":"189.133987","datestamp":"150708","mag_variation":"","mag_var_dir":""}
{"timestamp":"091138","status":"A","lat":"3317.722","lat_dir":"N","lon":"11838.036","lon_dir":"W","spd_over_grnd":"30.00","true_course":"190.015991","datestamp":"150708","mag_variation":"","mag_var_dir":""}
{"timestamp":"091140","status":"A","lat":"3317.710","lat_dir":"N","lon":"11838.038","lon_dir":"W","spd_over_grnd":"30.00","true_course":"190.645950","datestamp":"150708","mag_variation":"","mag_var_dir":""}
{"timestamp":"091141","status":"A","lat":"3317.697","lat_dir":"N","lon":"11838.041","lon_dir":"W","spd_over_grnd":"30.00","true_course":"190.206650","datestamp":"150708","mag_variation":"","mag_var_dir":""}
{"timestamp":"091143","status":"A","lat":"3317.684","lat_dir":"N","lon":"11838.044","lon_dir":"W","spd_over_grnd":"30.00","true_course":"189.057129","datestamp":"150708","mag_variation":"","mag_var_dir":""}
{"timestamp":"091144","status":"A","lat":"3317.671","lat_dir":"N","lon":"11838.046","lon_dir":"W","spd_over_grnd":"30.00","true_course":"188.846863","datestamp":"150708","mag_variation":"","mag_var_dir":""}
{"timestamp":"091146","status":"A","lat":"3317.658","lat_dir":"N","lon":"11838.048","lon_dir":"W","spd_over_grnd":"30.00","true_course":"189.727692","datestamp":"150708","mag_variation":"","mag_var_dir":""}
{"timestamp":"091148","status":"A","lat":"3317.646","lat_dir":"N","lon":"11838.051","lon_dir":"W","spd_over_grnd":"30.00","true_course":"190.577652","datestamp":"150708","mag_variation":"","mag_var_dir":""}
{"timestamp":"091149","status":"A","lat":"3317.633","lat_dir":"N","lon":"11838.054","lon_dir":"W","spd_over_grnd":"30.00","true_course":"190.296082","datestamp":"150708","mag_variation":"","mag_var_dir":""}
{"timestamp":"091151","status":"A","lat":"3317.620","lat_dir":"N","lon":"11838.057","lon_dir":"W","spd_over_grnd":"30.00","true_course":"189.149689","datestamp":"150708","mag_variation":"","mag_var_dir":""}
{"timestamp":"091152","status":"A","lat":"3317.607","lat_dir":"N","lon":"11838.059","lon_dir":"W","spd_over_grnd":"30.00","true_course":"188.717422","datestamp":"150708","mag_variation":"","mag_var_dir":""}
{"timestamp":"091154","status":"A","lat":"3317.594","lat_dir":"N","lon":"11838.062","lon_dir":"W","spd_over_grnd":"30.00","true_course":"189.585739","datestamp":"150708","mag_variation":"","mag_var_dir":""}
{"timestamp":"091155","status":"A","lat":"3317.581","lat_dir":"N","lon":"11838.064","lon_dir":"W","spd_over_grnd":"30.00","true_course":"190.741699","datestamp":"150708","mag_variation":"","mag_var_dir":""}
{"timestamp":"091157","status":"A","lat":"3317.568","lat_dir":"N","lon":"11838.067","lon_dir":"W","spd_over_grnd":"30.00","true_course":"190.705276","datestamp":"150708","mag_variation":"","mag_var_dir":""}
{"timestamp":"091158","status":"A","lat":"3317.556","lat_dir":"N","lon":"11838.070","lon_dir":"W","spd_over_grnd":"30.00","true_course":"189.539749","datestamp":"150708","mag_variation":"","mag_var_dir":""}
{"timestamp":"091200","status":"A","lat":"3317.543","lat_dir":"N","lon":"11838.073","lon_dir":"W","spd_over_grnd":"30.00","true_course":"188.754562","datestamp":"150708","mag_variation":"","mag_var_dir":""}
{"timestamp":"091201","status":"A","lat":"3317.530","lat_dir":"N","lon":"11838.075","lon_dir":"W","spd_over_grnd":"30.00","true_course":"189.320877","datestamp":"150708","mag_variation":"","mag_var_dir":""}
{"timestamp":"091203","status":"A","lat":"3317.517","lat_dir":"N","lon":"11838.078","lon_dir":"W","spd_over_grnd":"30.00","true_course":"190.512573","datestamp":"150708","mag_variation":"","mag_var_dir":""}
{"timestamp":"091205","status":"A","lat":"3317.504","lat_dir":"N","lon":"11838.080","lon_dir":"W","spd_over_grnd":"30.00","true_course":"190.736038","datestamp":"150708","mag_variation":"","mag_var_dir":""}
{"timestamp":"091206","status":"A","lat":"3317.491","lat_dir":"N","lon":"11838.083","lon_dir":"W","spd_over_grnd":"30.00","true_course":"189.926453","datestamp":"150708","mag_variation":"","mag_var_dir":""}
{"timestamp":"091208","status":"A","lat":"3317.479","lat_dir":"N","lon":"11838.086","lon_dir":"W","spd_over_grnd":"30.00","true_course":"189.030792","datestamp":"150708","mag_variation":"","mag_var_dir":""}
{"timestamp":"091209","status":"A","lat":"3317.466","lat_dir":"N","lon":"11838.088","lon_dir":"W","spd_over_grnd":"30.00","true_course":"189.242966","datestamp":"150708","mag_variation":"","mag_var_dir":""}
{"timestamp":"091211","status":"A","lat":"3317.454","lat_dir":"N","lon":"11838.091","lon_dir":"W","spd_over_grnd":"30.00","true_course":"190.508881","datestamp":"150708","mag_variation":"","mag_var_dir":""}
{"timestamp":"091212","status":"A","lat":"3317.441","lat_dir":"N","lon":"11838.094","lon_dir":"W","spd_over_grnd":"30.00","true_course":"190.992477","datestamp":"150708","mag_variation":"","mag_var_dir":""}
{"timestamp":"091214","status":"A","lat":"3317.428","lat_dir":"N","lon":"11838.096","lon_dir":"W","spd_over_grnd":"30.00","true_course":"190.384827","datestamp":"150708","mag_variation":"","mag_var_dir":""}
{"timestamp":"091215","status":"A","lat":"3317.416","lat_dir":"N","lon":"11838.099","lon_dir":"W","spd_over_grnd":"30.00","true_course":"189.339310","datestamp":"150708","mag_variation":"","mag_var_dir":""}
{"timestamp":"091217","status":"A","lat":"3317.403","lat_dir":"N","lon":"11838.102","lon_dir":"W","spd_over_grnd":"30.00","true_course":"189.196762","datestamp":"150708","mag_variation":"","mag_var_dir":""}
{"timestamp":"091218","status":"A","lat":"3317.391","lat_dir":"N","lon":"11838.104","lon_dir":"W","spd_over_grnd":"30.00","true_course":"190.199097","datestamp":"150708","mag_variation":"","mag_var_dir":""}
{"timestamp":"091220","status":"A","lat":"3317.377","lat_dir":"N","lon":"11838.107","lon_dir":"W","spd_over_grnd":"30.00","true_course":"191.061844","datestamp":"150708","mag_variation":"","mag_var_dir":""}
{"timestamp":"091221","status":"A","lat":"3317.364","lat_dir":"N","lon":"11838.110","lon_dir":"W","spd_over_grnd":"30.00","true_course":"190.613953","datestamp":"150708","mag_variation":"","mag_var_dir":""}
{"timestamp":"091223","status":"A","lat":"3317.352","lat_dir":"N","lon":"11838.113","lon_dir":"W","spd_over_grnd":"30.00","true_course":"189.562073","datestamp":"150708","mag_variation":"","mag_var_dir":""}
{"timestamp":"091224","status":"A","lat":"3317.338","lat_dir":"N","lon":"11838.115","lon_dir":"W","spd_over_grnd":"30.00","true_course":"189.231140","datestamp":"150708","mag_variation":"","mag_var_dir":""}
{"timestamp":"091226","status":"A","lat":"3317.325","lat_dir":"N","lon":"11838.118","lon_dir":"W","spd_over_grnd":"30.00","true_course":"190.273621","datestamp":"150708","mag_variation":"","mag_var_dir":""}
{"timestamp":"091228","status":"A","lat":"3317.313","lat_dir":"N","lon":"11838.121","lon_dir":"W","spd_over_grnd":"30.00","true_course":"191.096786","datestamp":"150708","mag_variation":"","mag_var_dir":""}
{"timestamp":"091229","status":"A","lat":"3317.300","lat_dir":"N","lon":"11838.124","lon_dir":"W","spd_over_grnd":"30.00","true_course":"190.784576","datestamp":"150708","mag_variation":"","mag_var_dir":""}
{"timestamp":"091231","status":"A","lat":"3317.287","lat_dir":"N","lon":"11838.127","lon_dir":"W","spd_over_grnd":"30.00","true_course":"189.747955","datestamp":"150708","mag_variation":"","mag_var_dir":""}
{"timestamp":"091232","status":"A","lat":"3317.273","lat_dir":"N","lon":"11838.129","lon_dir":"W","spd_over_grnd":"30.00","true_course":"189.224228","datestamp":"150708","mag_variation":"","mag_var_dir":""}
{"timestamp":"091234","status":"A","lat":"3317.260","lat_dir":"N","lon":"11838.132","lon_dir":"W","spd_over_grnd":"30.00","true_course":"189.954971","datestamp":"150708","mag_variation":"","mag_var_dir":""}
{"timestamp":"091235","status":"A","lat":"3317.247","lat_dir":"N","lon":"11838.135","lon_dir":"W","spd_over_grnd":"30.00","true_course":"190.947586","datestamp":"150708","mag_variation":"","mag_var_dir":""}
{"timestamp":"091237","status":"A","lat":"3317.234","lat_dir":"N","lon":"11838.138","lon_dir":"W","spd_over_grnd":"30.00","true_course":"190.718491","datestamp":"150708","mag_variation":"","mag_var_dir":""}
{"timestamp":"091239","status":"A","lat":"3317.221","lat_dir":"N","lon":"11838.141","lon_dir":"W","spd_over_grnd":"30.00","true_course":"189.463974","datestamp":"150708","mag_variation":"","mag_var_dir":""}
{"timestamp":"091240","status":"A","lat":"3317.208","lat_dir":"N","lon":"11838.143","lon_dir":"W","spd_over_grnd":"30.00","true_course":"188.927643","datestamp":"150708","mag_variation":"","mag_var_dir":""}
{"timestamp":"091242","status":"A","lat":"3317.196","lat_dir":"N","lon":"11838.145","lon_dir":"W","spd_over_grnd":"30.00","true_course":"189.561707","datestamp":"150708","mag_variation":"","mag_var_dir":""}
{"timestamp":"091243","status":"A","lat":"3317.183","lat_dir":"N","lon":"11838.148","lon_dir":"W","spd_over_grnd":"30.00","true_course":"190.647324","datestamp":"150708","mag_variation":"","mag_var_dir":""}
{"timestamp":"091245","status":"A","lat":"3317.170","lat_dir":"N","lon":"11838.151","lon_dir":"W","spd_over_grnd":"30.00","true_course":"190.756714","datestamp":"150708","mag_variation":"","mag_var_dir":""}
{"timestamp":"091246","status":"A","lat":"3317.156","lat_dir":"N","lon":"11838.154","lon_dir":"W","spd_over_grnd":"30.00","true_course":"189.535446","datestamp":"150708","mag_variation":"","mag_var_dir":""}
{"timestamp":"091248","status":"A","lat":"3317.143","lat_dir":"N","lon":"11838.157","lon_dir":"W","spd_over_grnd":"30.00","true_course":"188.870392","datestamp":"150708","mag_variation":"","mag_var_dir":""}
{"timestamp":"091249","status":"A","lat":"3317.130","lat_dir":"N","lon":"11838.159","lon_dir":"W","spd_over_grnd":"30.00","true_course":"189.480545","datestamp":"150708","mag_variation":"","mag_var_dir":""}
{"timestamp":"091251","status":"A","lat":"3317.117","lat_dir":"N","lon":"11838.162","lon_dir":"W","spd_over_grnd":"30.00","true_course":"190.697021","datestamp":"150708","mag_variation":"","mag_var_dir":""}
{"timestamp":"091253","status":"A","lat":"3317.104","lat_dir":"N","lon":"11838.165","lon_dir":"W","spd_over_grnd":"30.00","true_course":"190.738525","datestamp":"150708","mag_variation":"","mag_var_dir":""}
{"timestamp":"091254","status":"A","lat":"3317.091","lat_dir":"N","lon":"11838.168","lon_dir":"W","spd_over_grnd":"30.00","true_course":"189.586624","datestamp":"150708","mag_variation":"","mag_var_dir":""}
{"timestamp":"091256","status":"A","lat":"3317.078","lat_dir":"N","lon":"11838.170","lon_dir":"W","spd_over_grnd":"30.00","true_course":"188.881165","datestamp":"150708","mag_variation":"","mag_var_dir":""}
{"timestamp":"091257","status":"A","lat":"3317.065","lat_dir":"N","lon":"11838.173","lon_dir":"W","spd_over_grnd":"30.00","true_course":"189.371201","datestamp":"150708","mag_variation":"","mag_var_dir":""}
{"timestamp":"091259","status":"A","lat":"3317.051","lat_dir":"N","lon":"11838.176","lon_dir":"W","spd_over_grnd":"30.00","true_course":"190.325836","datestamp":"150708","mag_variation":"","mag_var_dir":""}
{"timestamp":"091301","status":"A","lat":"3317.038","lat_dir":"N","lon":"11838.178","lon_dir":"W","spd_over_grnd":"30.00","true_course":"190.420120","datestamp":"150708","mag_variation":"","mag_var_dir":""}
{"timestamp":"091302","status":"A","lat":"3317.025","lat_dir":"N","lon":"11838.181","lon_dir":"W","spd_over_grnd":"30.00","true_course":"189.403885","datestamp":"150708","mag_variation":"","mag_var_dir":""}
{"timestamp":"091304","status":"A","lat":"3317.012","lat_dir":"N","lon":"11838.183","lon_dir":"W","spd_over_grnd":"30.00","true_course":"188.685989","datestamp":"150708","mag_variation":"","mag_var_dir":""}
{"timestamp":"091305","status":"A","lat":"3316.999","lat_dir":"N","lon":"11838.186","lon_dir":"W","spd_over_grnd":"30.00","true_course":"189.115433","datestamp":"150708","mag_variation":"","mag_var_dir":""}
{"timestamp":"091307","status":"A","lat":"3316.986","lat_dir":"N","lon":"11838.188","lon_dir":"W","spd_over_grnd":"30.00","true_course":"190.145020","datestamp":"150708","mag_variation":"","mag_var_dir":""}
{"timestamp":"091309","status":"A","lat":"3316.973","lat_dir":"N","lon":"11838.192","lon_dir":"W","spd_over_grnd":"30.00","true_course":"190.414581","datestamp":"150708","mag_variation":"","mag_var_dir":""}
{"timestamp":"091310","status":"A","lat":"3316.960","lat_dir":"N","lon":"11838.194","lon_dir":"W","spd_over_grnd":"30.00","true_course":"189.373978","datestamp":"150708","mag_variation":"","mag_var_dir":""}
{"timestamp":"091312","status":"A","lat":"3316.946","lat_dir":"N","lon":"11838.197","lon_dir":"W","spd_over_grnd":"30.00","true_course":"188.522202","datestamp":"150708","mag_variation":"","mag_var_dir":""}
{"timestamp":"091313","status":"A","lat":"3316.934","lat_dir":"N","lon":"11838.199","lon_dir":"W","spd_over_grnd":"30.00","true_course":"189.005844","datestamp":"150708","mag_variation":"","mag_var_dir":""}
{"timestamp":"091315","status":"A","lat":"3316.920","lat_dir":"N","lon":"11838.202","lon_dir":"W","spd_over_grnd":"30.00","true_course":"190.090424","datestamp":"150708","mag_variation":"","mag_var_dir":""}
{"timestamp":"091316","status":"A","lat":"3316.907","lat_dir":"N","lon":"11838.204","lon_dir":"W","spd_over_grnd":"30.00","true_course":"190.400711","datestamp":"150708","mag_variation":"","mag_var_dir":""}
{"timestamp":"091318","status":"A","lat":"3316.894","lat_dir":"N","lon":"11838.207","lon_dir":"W","spd_over_grnd":"30.00","true_course":"189.359940","datestamp":"150708","mag_variation":"","mag_var_dir":""}
{"timestamp":"091320","status":"A","lat":"3316.881","lat_dir":"N","lon":"11838.210","lon_dir":"W","spd_over_grnd":"30.00","true_course":"188.589447","datestamp":"150708","mag_variation":"","mag_var_dir":""}
{"timestamp":"091321","status":"A","lat":"3316.868","lat_dir":"N","lon":"11838.212","lon_dir":"W","spd_over_grnd":"30.00","true_course":"189.039703","datestamp":"150708","mag_variation":"","mag_var_dir":""}
{"timestamp":"091323","status":"A","lat":"3316.855","lat_dir":"N","lon":"11838.215","lon_dir":"W","spd_over_grnd":"30.00","true_course":"190.212631","datestamp":"150708","mag_variation":"","mag_var_dir":""}
{"timestamp":"091324","status":"A","lat":"3316.842","lat_dir":"N","lon":"11838.218","lon_dir":"W","spd_over_grnd":"30.00","true_course":"190.508377","datestamp":"150708","mag_variation":"","mag_var_dir":""}
{"timestamp":"091326","status":"A","lat":"3316.828","lat_dir":"N","lon":"11838.221","lon_dir":"W","spd_over_grnd":"30.00","true_course":"189.627213","datestamp":"150708","mag_variation":"","mag_var_dir":""}
{"timestamp":"091328","status":"A","lat":"3316.815","lat_dir":"N","lon":"11838.223","lon_dir":"W","spd_over_grnd":"30.00","true_course":"188.813782","datestamp":"150708","mag_variation":"","mag_var_dir":""}
{"timestamp":"091329","status":"A","lat":"3316.802","lat_dir":"N","lon":"11838.226","lon_dir":"W","spd_over_grnd":"30.00","true_course":"189.197220","datestamp":"150708","mag_variation":"","mag_var_dir":""}
{"timestamp":"091331","status":"A","lat":"3316.788","lat_dir":"N","lon":"11838.228","lon_dir":"W","spd_over_grnd":"30.00","true_course":"190.428467","datestamp":"150708","mag_variation":"","mag_var_dir":""}
{"timestamp":"091332","status":"A","lat":"3316.776","lat_dir":"N","lon":"11838.232","lon_dir":"W","spd_over_grnd":"30.00","true_course":"190.725922","datestamp":"150708","mag_variation":"","mag_var_dir":""}
{"timestamp":"091334","status":"A","lat":"3316.763","lat_dir":"N","lon":"11838.234","lon_dir":"W","spd_over_grnd":"30.00","true_course":"189.865067","datestamp":"150708","mag_variation":"","mag_var_dir":""}
{"timestamp":"091336","status":"A","lat":"3316.749","lat_dir":"N","lon":"11838.237","lon_dir":"W","spd_over_grnd":"30.00","true_course":"188.980545","datestamp":"150708","mag_variation":"","mag_var_dir":""}
{"timestamp":"091337","status":"A","lat":"3316.736","lat_dir":"N","lon":"11838.239","lon_dir":"W","spd_over_grnd":"30.00","true_course":"189.236176","datestamp":"150708","mag_variation":"","mag_var_dir":""}
{"timestamp":"091339","status":"A","lat":"3316.723","lat_dir":"N","lon":"11838.242","lon_dir":"W","spd_over_grnd":"30.00","true_course":"190.437012","datestamp":"150708","mag_variation":"","mag_var_dir":""}
{"timestamp":"091340","status":"A","lat":"3316.710","lat_dir":"N","lon":"11838.245","lon_dir":"W","spd_over_grnd":"30.00","true_course":"190.863068","datestamp":"150708","mag_variation":"","mag_var_dir":""}
{"timestamp":"091342","status":"A","lat":"3316.698","lat_dir":"N","lon":"11838.248","lon_dir":"W","spd_over_grnd":"30.00","true_course":"190.011261","datestamp":"150708","mag_variation":"","mag_var_dir":""}
{"timestamp":"091343","status":"A","lat":"3316.685","lat_dir":"N","lon":"11838.250","lon_dir":"W","spd_over_grnd":"30.00","true_course":"189.103989","datestamp":"150708","mag_variation":"","mag_var_dir":""}
{"timestamp":"091345","status":"A","lat":"3316.672","lat_dir":"N","lon":"11838.253","lon_dir":"W","spd_over_grnd":"30.00","true_course":"189.194855","datestamp":"150708","mag_variation":"","mag_var_dir":""}
{"timestamp":"091346","status":"A","lat":"3316.659","lat_dir":"N","lon":"11838.255","lon_dir":"W","spd_over_grnd":"30.00","true_course":"190.282669","datestamp":"150708","mag_variation":"","mag_var_dir":""}
{"timestamp":"091348","status":"A","lat":"3316.646","lat_dir":"N","lon":"11838.258","lon_dir":"W","spd_over_grnd":"30.00","true_course":"190.840942","datestamp":"150708","mag_variation":"","mag_var_dir":""}
{"timestamp":"091349","status":"A","lat":"3316.634","lat_dir":"N","lon":"11838.261","lon_dir":"W","spd_over_grnd":"30.00","true_course":"190.314545","datestamp":"150708","mag_variation":"","mag_var_dir":""}
{"timestamp":"091351","status":"A","lat":"3316.620","lat_dir":"N","lon":"11838.264","lon_dir":"W","spd_over_grnd":"30.00","true_course":"189.262573","datestamp":"150708","mag_variation":"","mag_var_dir":""}
{"timestamp":"091353","status":"A","lat":"3316.607","lat_dir":"N","lon":"11838.266","lon_dir":"W","spd_over_grnd":"30.00","true_course":"189.117691","datestamp":"150708","mag_variation":"","mag_var_dir":""}
{"timestamp":"091354","status":"A","lat":"3316.595","lat_dir":"N","lon":"11838.269","lon_dir":"W","spd_over_grnd":"30.00","true_course":"190.091614","datestamp":"150708","mag_variation":"","mag_var_dir":""}
{"timestamp":"091356","status":"A","lat":"3316.582","lat_dir":"N","lon":"11838.272","lon_dir":"W","spd_over_grnd":"30.00","true_course":"190.839111","datestamp":"150708","mag_variation":"","mag_var_dir":""}
{"timestamp":"091357","status":"A","lat":"3316.568","lat_dir":"N","lon":"11838.275","lon_dir":"W","spd_over_grnd":"30.00","true_course":"190.310257","datestamp":"150708","mag_variation":"","mag_var_dir":""}
{"timestamp":"091359","status":"A","lat":"3316.556","lat_dir":"N","lon":"11838.277","lon_dir":"W","spd_over_grnd":"30.00","true_course":"189.402283","datestamp":"150708","mag_variation":"","mag_var_dir":""}
{"timestamp":"091400","status":"A","lat":"3316.543","lat_dir":"N","lon":"11838.280","lon_dir":"W","spd_over_grnd":"30.00","true_course":"189.146423","datestamp":"150708","mag_variation":"","mag_var_dir":""}
{"timestamp":"091402","status":"A","lat":"3316.530","lat_dir":"N","lon":"11838.282","lon_dir":"W","spd_over_grnd":"30.00","true_course":"190.061829","datestamp":"150708","mag_variation":"","mag_var_dir":""}
{"timestamp":"091404","status":"A","lat":"3316.517","lat_dir":"N","lon":"11838.285","lon_dir":"W","spd_over_grnd":"30.00","true_course":"190.958481","datestamp":"150708","mag_variation":"","mag_var_dir":""}
{"timestamp":"091405","status":"A","lat":"3316.504","lat_dir":"N","lon":"11838.288","lon_dir":"W","spd_over_grnd":"30.00","true_course":"190.723190","datestamp":"150708","mag_variation":"","mag_var_dir":""}
{"timestamp":"091407","status":"A","lat":"3316.492","lat_dir":"N","lon":"11838.291","lon_dir":"W","spd_over_grnd":"30.00","true_course":"189.514160","datestamp":"150708","mag_variation":"","mag_var_dir":""}
{"timestamp":"091408","status":"A","lat":"3316.479","lat_dir":"N","lon":"11838.293","lon_dir":"W","spd_over_grnd":"30.00","true_course":"189.021271","datestamp":"150708","mag_variation":"","mag_var_dir":""}
{"timestamp":"091410","status":"A","lat":"3316.466","lat_dir":"N","lon":"11838.296","lon_dir":"W","spd_over_grnd":"30.00","true_course":"189.728210","datestamp":"150708","mag_variation":"","mag_var_dir":""}
{"timestamp":"091411","status":"A","lat":"3316.453","lat_dir":"N","lon":"11838.298","lon_dir":"W","spd_over_grnd":"30.00","true_course":"190.760590","datestamp":"150708","mag_variation":"","mag_var_dir":""}
{"timestamp":"091413","status":"A","lat":"3316.441","lat_dir":"N","lon":"11838.302","lon_dir":"W","spd_over_grnd":"30.00","true_course":"190.741745","datestamp":"150708","mag_variation":"","mag_var_dir":""}
{"timestamp":"091414","status":"A","lat":"3316.428","lat_dir":"N","lon":"11838.304","lon_dir":"W","spd_over_grnd":"30.00","true_course":"189.729233","datestamp":"150708","mag_variation":"","mag_var_dir":""}
