{"timestamp":"092518","status":"A","lat":"3319.962","lat_dir":"N","lon":"11838.853","lon_dir":"W","spd_over_grnd":"20.12","true_course":"0.599010","datestamp":"150708","mag_variation":"","mag_var_dir":""}
{"timestamp":"092520","status":"A","lat":"3319.971","lat_dir":"N","lon":"11838.853","lon_dir":"W","spd_over_grnd":"20.10","true_course":"359.836761","datestamp":"150708","mag_variation":"","mag_var_dir":""}
{"timestamp":"092521","status":"A","lat":"3319.979","lat_dir":"N","lon":"11838.853","lon_dir":"W","spd_over_grnd":"20.08","true_course":"0.389519","datestamp":"150708","mag_variation":"","mag_var_dir":""}
{"timestamp":"092523","status":"A","lat":"3319.988","lat_dir":"N","lon":"11838.852","lon_dir":"W","spd_over_grnd":"20.06","true_course":"1.430130","datestamp":"150708","mag_variation":"","mag_var_dir":""}
{"timestamp":"092525","status":"A","lat":"3319.997","lat_dir":"N","lon":"11838.852","lon_dir":"W","spd_over_grnd":"20.05","true_course":"1.575302","datestamp":"150708","mag_variation":"","mag_var_dir":""}
{"timestamp":"092526","status":"A","lat":"3320.005","lat_dir":"N","lon":"11838.852","lon_dir":"W","spd_over_grnd":"20.04","true_course":"0.594533","datestamp":"150708","mag_variation":"","mag_var_dir":""}
{"timestamp":"092528","status":"A","lat":"3320.014","lat_dir":"N","lon":"11838.852","lon_dir":"W","spd_over_grnd":"20.03","true_course":"359.809265","datestamp":"150708","mag_variation":"","mag_var_dir":""}
{"timestamp":"092529","status":"A","lat":"3320.023","lat_dir":"N","lon":"11838.852","lon_dir":"W","spd_over_grnd":"20.02","true_course":"0.194213","datestamp":"150708","mag_variation":"","mag_var_dir":""}
{"timestamp":"092531","status":"A","lat":"3320.032","lat_dir":"N","lon":"11838.852","lon_dir":"W","spd_over_grnd":"20.01","true_course":"1.157944","datestamp":"150708","mag_variation":"","mag_var_dir":""}
{"timestamp":"092532","status":"A","lat":"3320.040","lat_dir":"N","lon":"11838.851","lon_dir":"W","spd_over_grnd":"20.00","true_course":"1.590101","datestamp":"150708","mag_variation":"","mag_var_dir":""}
{"timestamp":"092534","status":"A","lat":"3320.049","lat_dir":"N","lon":"11838.851","lon_dir":"W","spd_over_grnd":"20.00","true_course":"0.904223","datestamp":"150708","mag_variation":"","mag_var_dir":""}
{"timestamp":"092535","status":"A","lat":"3320.058","lat_dir":"N","lon":"11838.851","lon_dir":"W","spd_over_grnd":"19.99","true_course":"359.872437","datestamp":"150708","mag_variation":"","mag_var_dir":""}
{"timestamp":"092537","status":"A","lat":"3320.067","lat_dir":"N","lon":"11838.851","lon_dir":"W","spd_over_grnd":"19.99","true_course":"359.973572","datestamp":"150708","mag_variation":"","mag_var_dir":""}
{"timestamp":"092538","status":"A","lat":"3320.075","lat_dir":"N","lon":"11838.851","lon_dir":"W","spd_over_grnd":"19.98","true_course":"0.982494","datestamp":"150708","mag_variation":"","mag_var_dir":""}
{"timestamp":"092540","status":"A","lat":"3320.084","lat_dir":"N","lon":"11838.851","lon_dir":"W","spd_over_grnd":"19.98","true_course":"1.548280","datestamp":"150708","mag_variation":"","mag_var_dir":""}
{"timestamp":"092541","status":"A","lat":"3320.093","lat_dir":"N","lon":"11838.851","lon_dir":"W","spd_over_grnd":"19.98","true_course":"1.007174","datestamp":"150708","mag_variation":"","mag_var_dir":""}
{"timestamp":"092543","status":"A","lat":"3320.101","lat_dir":"N","lon":"11838.850","lon_dir":"W","spd_over_grnd":"19.98","true_course":"0.101380","datestamp":"150708","mag_variation":"","mag_var_dir":""}
{"timestamp":"092544","status":"A","lat":"3320.110","lat_dir":"N","lon":"11838.850","lon_dir":"W","spd_over_grnd":"19.97","true_course":"359.881500","datestamp":"150708","mag_variation":"","mag_var_dir":""}
{"timestamp":"092546","status":"A","lat":"3320.118","lat_dir":"N","lon":"11838.850","lon_dir":"W","spd_over_grnd":"19.97","true_course":"0.771500","datestamp":"150708","mag_variation":"","mag_var_dir":""}
{"timestamp":"092547","status":"A","lat":"3320.127","lat_dir":"N","lon":"11838.850","lon_dir":"W","spd_over_grnd":"19.97","true_course":"1.487012","datestamp":"150708","mag_variation":"","mag_var_dir":""}
{"timestamp":"092549","status":"A","lat":"3320.136","lat_dir":"N","lon":"11838.850","lon_dir":"W","spd_over_grnd":"19.97","true_course":"1.302180","datestamp":"150708","mag_variation":"","mag_var_dir":""}
{"timestamp":"092550","status":"A","lat":"3320.144","lat_dir":"N","lon":"11838.850","lon_dir":"W","spd_over_grnd":"19.97","true_course":"0.240624","datestamp":"150708","mag_variation":"","mag_var_dir":""}
{"timestamp":"092552","status":"A","lat":"3320.153","lat_dir":"N","lon":"11838.850","lon_dir":"W","spd_over_grnd":"19.97","true_course":"359.612488","datestamp":"150708","mag_variation":"","mag_var_dir":""}
{"timestamp":"092553","status":"A","lat":"3320.162","lat_dir":"N","lon":"11838.850","lon_dir":"W","spd_over_grnd":"19.97","true_course":"0.291099","datestamp":"150708","mag_variation":"","mag_var_dir":""}
{"timestamp":"092555","status":"A","lat":"3320.170","lat_dir":"N","lon":"11838.850","lon_dir":"W","spd_over_grnd":"19.97","true_course":"1.469425","datestamp":"150708","mag_variation":"","mag_var_dir":""}
{"timestamp":"092556","status":"A","lat":"3320.179","lat_dir":"N","lon":"11838.849","lon_dir":"W","spd_over_grnd":"19.97","true_course":"1.722684","datestamp":"150708","mag_variation":"","mag_var_dir":""}
{"timestamp":"092558","status":"A","lat":"3320.187","lat_dir":"N","lon":"11838.849","lon_dir":"W","spd_over_grnd":"19.96","true_course":"0.746657","datestamp":"150708","mag_variation":"","mag_var_dir":""}
{"timestamp":"092559","status":"A","lat":"3320.196","lat_dir":"N","lon":"11838.849","lon_dir":"W","spd_over_grnd":"19.96","true_course":"359.789642","datestamp":"150708","mag_variation":"","mag_var_dir":""}
{"timestamp":"092601","status":"A","lat":"3320.204","lat_dir":"N","lon":"11838.849","lon_dir":"W","spd_over_grnd":"19.96","true_course":"359.935791","datestamp":"150708","mag_variation":"","mag_var_dir":""}
{"timestamp":"092602","status":"A","lat":"3320.213","lat_dir":"N","lon":"11838.849","lon_dir":"W","spd_over_grnd":"19.96","true_course":"0.924987","datestamp":"150708","mag_variation":"","mag_var_dir":""}
{"timestamp":"092604","status":"A","lat":"3320.221","lat_dir":"N","lon":"11838.849","lon_dir":"W","spd_over_grnd":"19.96","true_course":"1.620295","datestamp":"150708","mag_variation":"","mag_var_dir":""}
{"timestamp":"092605","status":"A","lat":"3320.230","lat_dir":"N","lon":"11838.849","lon_dir":"W","spd_over_grnd":"19.96","true_course":"1.121390","datestamp":"150708","mag_variation":"","mag_var_dir":""}
{"timestamp":"092607","status":"A","lat":"3320.238","lat_dir":"N","lon":"11838.849","lon_dir":"W","spd_over_grnd":"19.96","true_course":"0.067041","datestamp":"150708","mag_variation":"","mag_var_dir":""}
{"timestamp":"092608","status":"A","lat":"3320.247","lat_dir":"N","lon":"11838.849","lon_dir":"W","spd_over_grnd":"19.96","true_course":"359.787964","datestamp":"150708","mag_variation":"","mag_var_dir":""}
{"timestamp":"092610","status":"A","lat":"3320.256","lat_dir":"N","lon":"11838.849","lon_dir":"W","spd_over_grnd":"19.96","true_course":"0.581962","datestamp":"150708","mag_variation":"","mag_var_dir":""}
{"timestamp":"092611","status":"A","lat":"3320.264","lat_dir":"N","lon":"11838.849","lon_dir":"W","spd_over_grnd":"19.96","true_course":"1.585542","datestamp":"150708","mag_variation":"","mag_var_dir":""}
{"timestamp":"092613","status":"A","lat":"3320.273","lat_dir":"N","lon":"11838.848","lon_dir":"W","spd_over_grnd":"19.96","true_course":"1.341154","datestamp":"150708","mag_variation":"","mag_var_dir":""}
{"timestamp":"092615","status":"A","lat":"3320.281","lat_dir":"N","lon":"11838.848","lon_dir":"W","spd_over_grnd":"19.96","true_course":"0.320831","datestamp":"150708","mag_variation":"","mag_var_dir":""}
{"timestamp":"092616","status":"A","lat":"3320.290","lat_dir":"N","lon":"11838.848","lon_dir":"W","spd_over_grnd":"19.96","true_course":"359.791565","datestamp":"150708","mag_variation":"","mag_var_dir":""}
{"timestamp":"092618","status":"A","lat":"3320.299","lat_dir":"N","lon":"11838.848","lon_dir":"W","spd_over_grnd":"19.96","true_course":"0.457922","datestamp":"150708","mag_variation":"","mag_var_dir":""}
{"timestamp":"092619","status":"A","lat":"3320.307","lat_dir":"N","lon":"11838.848","lon_dir":"W","spd_over_grnd":"19.96","true_course":"1.633355","datestamp":"150708","mag_variation":"","mag_var_dir":""}
{"timestamp":"092621","status":"A","lat":"3320.316","lat_dir":"N","lon":"11838.848","lon_dir":"W","spd_over_grnd":"19.96","true_course":"1.608514","datestamp":"150708","mag_variation":"","mag_var_dir":""}
{"timestamp":"092622","status":"A","lat":"3320.325","lat_dir":"N","lon":"11838.847","lon_dir":"W","spd_over_grnd":"19.96","true_course":"0.686269","datestamp":"150708","mag_variation":"","mag_var_dir":""}
{"timestamp":"092624","status":"A","lat":"3320.334","lat_dir":"N","lon":"11838.847","lon_dir":"W","spd_over_grnd":"19.96","true_course":"0.159766","datestamp":"150708","mag_variation":"","mag_var_dir":""}
{"timestamp":"092626","status":"A","lat":"3320.342","lat_dir":"N","lon":"11838.847","lon_dir":"W","spd_over_grnd":"19.96","true_course":"0.702319","datestamp":"150708","mag_variation":"","mag_var_dir":""}
{"timestamp":"092627","status":"A","lat":"3320.351","lat_dir":"N","lon":"11838.847","lon_dir":"W","spd_over_grnd":"19.96","true_course":"1.813838","datestamp":"150708","mag_variation":"","mag_var_dir":""}
{"timestamp":"092629","status":"A","lat":"3320.360","lat_dir":"N","lon":"11838.847","lon_dir":"W","spd_over_grnd":"19.96","true_course":"1.929634","datestamp":"150708","mag_variation":"","mag_var_dir":""}
{"timestamp":"092630","status":"A","lat":"3320.368","lat_dir":"N","lon":"11838.846","lon_dir":"W","spd_over_grnd":"19.96","true_course":"0.872837","datestamp":"150708","mag_variation":"","mag_var_dir":""}
{"timestamp":"092632","status":"A","lat":"3320.377","lat_dir":"N","lon":"11838.846","lon_dir":"W","spd_over_grnd":"19.96","true_course":"0.054600","datestamp":"150708","mag_variation":"","mag_var_dir":""}
{"timestamp":"092633","status":"A","lat":"3320.386","lat_dir":"N","lon":"11838.846","lon_dir":"W","spd_over_grnd":"19.96","true_course":"0.493275","datestamp":"150708","mag_variation":"","mag_var_dir":""}
{"timestamp":"092635","status":"A","lat":"3320.395","lat_dir":"N","lon":"11838.846","lon_dir":"W","spd_over_grnd":"19.96","true_course":"1.595313","datestamp":"150708","mag_variation":"","mag_var_dir":""}
{"timestamp":"092636","status":"A","lat":"3320.403","lat_dir":"N","lon":"11838.846","lon_dir":"W","spd_over_grnd":"19.96","true_course":"1.823065","datestamp":"150708","mag_variation":"","mag_var_dir":""}
{"timestamp":"092638","status":"A","lat":"3320.412","lat_dir":"N","lon":"11838.845","lon_dir":"W","spd_over_grnd":"19.96","true_course":"0.888596","datestamp":"150708","mag_variation":"","mag_var_dir":""}
{"timestamp":"092639","status":"A","lat":"3320.421","lat_dir":"N","lon":"11838.845","lon_dir":"W","spd_over_grnd":"19.96","true_course":"359.864136","datestamp":"150708","mag_variation":"","mag_var_dir":""}
{"timestamp":"092641","status":"A","lat":"3320.430","lat_dir":"N","lon":"11838.845","lon_dir":"W","spd_over_grnd":"19.96","true_course":"0.139610","datestamp":"150708","mag_variation":"","mag_var_dir":""}
{"timestamp":"092643","status":"A","lat":"3320.438","lat_dir":"N","lon":"11838.845","lon_dir":"W","spd_over_grnd":"19.96","true_course":"1.203997","datestamp":"150708","mag_variation":"","mag_var_dir":""}
{"timestamp":"092644","status":"A","lat":"3320.447","lat_dir":"N","lon":"11838.845","lon_dir":"W","spd_over_grnd":"19.96","true_course":"1.733558","datestamp":"150708","mag_variation":"","mag_var_dir":""}
{"timestamp":"092646","status":"A","lat":"3320.456","lat_dir":"N","lon":"11838.845","lon_dir":"W","spd_over_grnd":"19.96","true_course":"1.036188","datestamp":"150708","mag_variation":"","mag_var_dir":""}
{"timestamp":"092647","status":"A","lat":"3320.464","lat_dir":"N","lon":"11838.844","lon_dir":"W","spd_over_grnd":"19.96","true_course":"359.898804","datestamp":"150708","mag_variation":"","mag_var_dir":""}
{"timestamp":"092649","status":"A","lat":"3320.473","lat_dir":"N","lon":"11838.844","lon_dir":"W","spd_over_grnd":"19.96","true_course":"359.880829","datestamp":"150708","mag_variation":"","mag_var_dir":""}
{"timestamp":"092650","status":"A","lat":"3320.481","lat_dir":"N","lon":"11838.844","lon_dir":"W","spd_over_grnd":"19.96","true_course":"0.904035","datestamp":"150708","mag_variation":"","mag_var_dir":""}
{"timestamp":"092652","status":"A","lat":"3320.490","lat_dir":"N","lon":"11838.844","lon_dir":"W","spd_over_grnd":"19.96","true_course":"1.661738","datestamp":"150708","mag_variation":"","mag_var_dir":""}
{"timestamp":"092653","status":"A","lat":"3320.498","lat_dir":"N","lon":"11838.844","lon_dir":"W","spd_over_grnd":"19.96","true_course":"1.294722","datestamp":"150708","mag_variation":"","mag_var_dir":""}
{"timestamp":"092655","status":"A","lat":"3320.507","lat_dir":"N","lon":"11838.844","lon_dir":"W","spd_over_grnd":"19.96","true_course":"0.230592","datestamp":"150708","mag_variation":"","mag_var_dir":""}
{"timestamp":"092656","status":"A","lat":"3320.516","lat_dir":"N","lon":"11838.844","lon_dir":"W","spd_over_grnd":"19.96","true_course":"359.902893","datestamp":"150708","mag_variation":"","mag_var_dir":""}
{"timestamp":"092658","status":"A","lat":"3320.525","lat_dir":"N","lon":"11838.844","lon_dir":"W","spd_over_grnd":"19.96","true_course":"0.919502","datestamp":"150708","mag_variation":"","mag_var_dir":""}
{"timestamp":"092700","status":"A","lat":"3320.533","lat_dir":"N","lon":"11838.844","lon_dir":"W","spd_over_grnd":"19.96","true_course":"1.708825","datestamp":"150708","mag_variation":"","mag_var_dir":""}
{"timestamp":"092701","status":"A","lat":"3320.542","lat_dir":"N","lon":"11838.844","lon_dir":"W","spd_over_grnd":"19.96","true_course":"1.381307","datestamp":"150708","mag_variation":"","mag_var_dir":""}
{"timestamp":"092703","status":"A","lat":"3320.551","lat_dir":"N","lon":"11838.843","lon_dir":"W","spd_over_grnd":"19.96","true_course":"0.252555","datestamp":"150708","mag_variation":"","mag_var_dir":""}
{"timestamp":"092704","status":"A","lat":"3320.560","lat_dir":"N","lon":"11838.843","lon_dir":"W","spd_over_grnd":"19.96","true_course":"359.804596","datestamp":"150708","mag_variation":"","mag_var_dir":""}
{"timestamp":"092706","status":"A","lat":"3320.568","lat_dir":"N","lon":"11838.843","lon_dir":"W","spd_over_grnd":"19.96","true_course":"0.605938","datestamp":"150708","mag_variation":"","mag_var_dir":""}
{"timestamp":"092707","status":"A","lat":"3320.577","lat_dir":"N","lon":"11838.843","lon_dir":"W","spd_over_grnd":"19.96","true_course":"1.541587","datestamp":"150708","mag_variation":"","mag_var_dir":""}
{"timestamp":"092709","status":"A","lat":"3320.586","lat_dir":"N","lon":"11838.843","lon_dir":"W","spd_over_grnd":"19.96","true_course":"1.287862","datestamp":"150708","mag_variation":"","mag_var_dir":""}
{"timestamp":"092711","status":"A","lat":"3320.595","lat_dir":"N","lon":"11838.843","lon_dir":"W","spd_over_grnd":"19.96","true_course":"0.257799","datestamp":"150708","mag_variation":"","mag_var_dir":""}
{"timestamp":"092712","status":"A","lat":"3320.603","lat_dir":"N","lon":"11838.843","lon_dir":"W","spd_over_grnd":"19.96","true_course":"359.698212","datestamp":"150708","mag_variation":"","mag_var_dir":""}
{"timestamp":"092714","status":"A","lat":"3320.612","lat_dir":"N","lon":"11838.843","lon_dir":"W","spd_over_grnd":"19.96","true_course":"0.394179","datestamp":"150708","mag_variation":"","mag_var_dir":""}
{"timestamp":"092715","status":"A","lat":"3320.621","lat_dir":"N","lon":"11838.843","lon_dir":"W","spd_over_grnd":"19.96","true_course":"1.362264","datestamp":"150708","mag_variation":"","mag_var_dir":""}
{"timestamp":"092717","status":"A","lat":"3320.629","lat_dir":"N","lon":"11838.842","lon_dir":"W","spd_over_grnd":"19.96","true_course":"1.369236","datestamp":"150708","mag_variation":"","mag_var_dir":""}
{"timestamp":"092718","status":"A","lat":"3320.638","lat_dir":"N","lon":"11838.842","lon_dir":"W","spd_over_grnd":"19.96","true_course":"0.334101","datestamp":"150708","mag_variation":"","mag_var_dir":""}
{"timestamp":"092720","status":"A","lat":"3320.647","lat_dir":"N","lon":"11838.842","lon_dir":"W","spd_over_grnd":"19.96","true_course":"359.656952","datestamp":"150708","mag_variation":"","mag_var_dir":""}
{"timestamp":"092721","status":"A","lat":"3320.655","lat_dir":"N","lon":"11838.842","lon_dir":"W","spd_over_grnd":"19.96","true_course":"0.097280","datestamp":"150708","mag_variation":"","mag_var_dir":""}
{"timestamp":"092723","status":"A","lat":"3320.663","lat_dir":"N","lon":"11838.842","lon_dir":"W","spd_over_grnd":"19.96","true_course":"1.113960","datestamp":"150708","mag_variation":"","mag_var_dir":""}
{"timestamp":"092724","status":"A","lat":"3320.672","lat_dir":"N","lon":"11838.842","lon_dir":"W","spd_over_grnd":"19.96","true_course":"1.411534","datestamp":"150708","mag_variation":"","mag_var_dir":""}
{"timestamp":"092726","status":"A","lat":"3320.681","lat_dir":"N","lon":"11838.842","lon_dir":"W","spd_over_grnd":"19.96","true_course":"0.548387","datestamp":"150708","mag_variation":"","mag_var_dir":""}
{"timestamp":"092728","status":"A","lat":"3320.690","lat_dir":"N","lon":"11838.842","lon_dir":"W","spd_over_grnd":"19.96","true_course":"359.652740","datestamp":"150708","mag_variation":"","mag_var_dir":""}
{"timestamp":"092729","status":"A","lat":"3320.699","lat_dir":"N","lon":"11838.842","lon_dir":"W","spd_over_grnd":"19.96","true_course":"359.957123","datestamp":"150708","mag_variation":"","mag_var_dir":""}
{"timestamp":"092731","status":"A","lat":"3320.708","lat_dir":"N","lon":"11838.841","lon_dir":"W","spd_over_grnd":"19.96","true_course":"1.265413","datestamp":"150708","mag_variation":"","mag_var_dir":""}
{"timestamp":"092732","status":"A","lat":"3320.717","lat_dir":"N","lon":"11838.841","lon_dir":"W","spd_over_grnd":"19.96","true_course":"1.641887","datestamp":"150708","mag_variation":"","mag_var_dir":""}
{"timestamp":"092734","status":"A","lat":"3320.725","lat_dir":"N","lon":"11838.841","lon_dir":"W","spd_over_grnd":"19.96","true_course":"0.626796","datestamp":"150708","mag_variation":"","mag_var_dir":""}
{"timestamp":"092735","status":"A","lat":"3320.734","lat_dir":"N","lon":"11838.841","lon_dir":"W","spd_over_grnd":"19.96","true_course":"359.650940","datestamp":"150708","mag_variation":"","mag_var_dir":""}
{"timestamp":"092737","status":"A","lat":"3320.743","lat_dir":"N","lon":"11838.841","lon_dir":"W","spd_over_grnd":"19.96","true_course":"359.925385","datestamp":"150708","mag_variation":"","mag_var_dir":""}
{"timestamp":"092739","status":"A","lat":"3320.751","lat_dir":"N","lon":"11838.841","lon_dir":"W","spd_over_grnd":"19.96","true_course":"0.845568","datestamp":"150708","mag_variation":"","mag_var_dir":""}
{"timestamp":"092740","status":"A","lat":"3320.760","lat_dir":"N","lon":"11838.841","lon_dir":"W","spd_over_grnd":"19.96","true_course":"1.321102","datestamp":"150708","mag_variation":"","mag_var_dir":""}
{"timestamp":"092742","status":"A","lat":"3320.769","lat_dir":"N","lon":"11838.840","lon_dir":"W","spd_over_grnd":"19.96","true_course":"0.539476","datestamp":"150708","mag_variation":"","mag_var_dir":""}
{"timestamp":"092743","status":"A","lat":"3320.777","lat_dir":"N","lon":"11838.840","lon_dir":"W","spd_over_grnd":"19.96","true_course":"359.550507","datestamp":"150708","mag_variation":"","mag_var_dir":""}
{"timestamp":"092745","status":"A","lat":"3320.786","lat_dir":"N","lon":"11838.841","lon_dir":"W","spd_over_grnd":"19.96","true_course":"359.542847","datestamp":"150708","mag_variation":"","mag_var_dir":""}
{"timestamp":"092746","status":"A","lat":"3320.794","lat_dir":"N","lon":"11838.841","lon_dir":"W","spd_over_grnd":"19.96","true_course":"0.759418","datestamp":"150708","mag_variation":"","mag_var_dir":""}
{"timestamp":"092748","status":"A","lat":"3320.803","lat_dir":"N","lon":"11838.840","lon_dir":"W","spd_over_grnd":"19.96","true_course":"1.406790","datestamp":"150708","mag_variation":"","mag_var_dir":""}
{"timestamp":"092750","status":"A","lat":"3320.812","lat_dir":"N","lon":"11838.840","lon_dir":"W","spd_over_grnd":"19.96","true_course":"0.803503","datestamp":"150708","mag_variation":"","mag_var_dir":""}
{"timestamp":"092751","status":"A","lat":"3320.821","lat_dir":"N","lon":"11838.840","lon_dir":"W","spd_over_grnd":"19.96","true_course":"359.782318","datestamp":"150708","mag_variation":"","mag_var_dir":""}
{"timestamp":"092753","status":"A","lat":"3320.830","lat_dir":"N","lon":"11838.840","lon_dir":"W","spd_over_grnd":"19.96","true_course":"359.776825","datestamp":"150708","mag_variation":"","mag_var_dir":""}
{"timestamp":"092754","status":"A","lat":"3320.838","lat_dir":"N","lon":"11838.840","lon_dir":"W","spd_over_grnd":"19.96","true_course":"0.766739","datestamp":"150708","mag_variation":"","mag_var_dir":""}
{"timestamp":"092756","status":"A","lat":"3320.847","lat_dir":"N","lon":"11838.840","lon_dir":"W","spd_over_grnd":"19.96","true_course":"1.375524","datestamp":"150708","mag_variation":"","mag_var_dir":""}
{"timestamp":"092758","status":"A","lat":"3320.856","lat_dir":"N","lon":"11838.840","lon_dir":"W","spd_over_grnd":"19.96","true_course":"0.716312","datestamp":"150708","mag_variation":"","mag_var_dir":""}
{"timestamp":"092759","status":"A","lat":"3320.864","lat_dir":"N","lon":"11838.840","lon_dir":"W","spd_over_grnd":"19.96","true_course":"359.697052","datestamp":"150708","mag_variation":"","mag_var_dir":""}
{"timestamp":"092801","status":"A","lat":"3320.873","lat_dir":"N","lon":"11838.840","lon_dir":"W","spd_over_grnd":"19.96","true_course":"359.578796","datestamp":"150708","mag_variation":"","mag_var_dir":""}
{"timestamp":"092802","status":"A","lat":"3320.882","lat_dir":"N","lon":"11838.840","lon_dir":"W","spd_over_grnd":"19.96","true_course":"0.655752","datestamp":"150708","mag_variation":"","mag_var_dir":""}
{"timestamp":"092804","status":"A","lat":"3320.891","lat_dir":"N","lon":"11838.839","lon_dir":"W","spd_over_grnd":"19.96","true_course":"1.364846","datestamp":"150708","mag_variation":"","mag_var_dir":""}
{"timestamp":"092805","status":"A","lat":"3320.899","lat_dir":"N","lon":"11838.839","lon_dir":"W","spd_over_grnd":"19.96","true_course":"0.754424","datestamp":"150708","mag_variation":"","mag_var_dir":""}
{"timestamp":"092807","status":"A","lat":"3320.908","lat_dir":"N","lon":"11838.839","lon_dir":"W","spd_over_grnd":"19.96","true_course":"359.726501","datestamp":"150708","mag_variation":"","mag_var_dir":""}
{"timestamp":"092809","status":"A","lat":"3320.917","lat_dir":"N","lon":"11838.839","lon_dir":"W","spd_over_grnd":"19.96","true_course":"359.589844","datestamp":"150708","mag_variation":"","mag_var_dir":""}
{"timestamp":"092810","status":"A","lat":"3320.926","lat_dir":"N","lon":"11838.839","lon_dir":"W","spd_over_grnd":"19.96","true_course":"0.543192","datestamp":"150708","mag_variation":"","mag_var_dir":""}
{"timestamp":"092812","status":"A","lat":"3320.934","lat_dir":"N","lon":"11838.839","lon_dir":"W","spd_over_grnd":"19.96","true_course":"1.379059","datestamp":"150708","mag_variation":"","mag_var_dir":""}
{"timestamp":"092813","status":"A","lat":"3320.943","lat_dir":"N","lon":"11838.839","lon_dir":"W","spd_over_grnd":"19.96","true_course":"0.908353","datestamp":"150708","mag_variation":"","mag_var_dir":""}
{"timestamp":"092815","status":"A","lat":"3320.952","lat_dir":"N","lon":"11838.839","lon_dir":"W","spd_over_grnd":"19.96","true_course":"359.884430","datestamp":"150708","mag_variation":"","mag_var_dir":""}
{"timestamp":"092816","status":"A","lat":"3320.961","lat_dir":"N","lon":"11838.839","lon_dir":"W","spd_over_grnd":"19.96","true_course":"359.498291","datestamp":"150708","mag_variation":"","mag_var_dir":""}
{"timestamp":"092818","status":"A","lat":"3320.969","lat_dir":"N","lon":"11838.839","lon_dir":"W","spd_over_grnd":"19.96","true_course":"0.286064","datestamp":"150708","mag_variation":"","mag_var_dir":""}
{"timestamp":"092819","status":"A","lat":"3320.978","lat_dir":"N","lon":"11838.839","lon_dir":"W","spd_over_grnd":"19.96","true_course":"1.208132","datestamp":"150708","mag_variation":"","mag_var_dir":""}
{"timestamp":"092821","status":"A","lat":"3320.987","lat_dir":"N","lon":"11838.839","lon_dir":"W","spd_over_grnd":"19.96","true_course":"1.127813","datestamp":"150708","mag_variation":"","mag_var_dir":""}
{"timestamp":"092822","status":"A","lat":"3320.995","lat_dir":"N","lon":"11838.839","lon_dir":"W","spd_over_grnd":"19.96","true_course":"0.121866","datestamp":"150708","mag_variation":"","mag_var_dir":""}
{"timestamp":"092824","status":"A","lat":"3321.004","lat_dir":"N","lon":"11838.839","lon_dir":"W","spd_over_grnd":"19.96","true_course":"359.543182","datestamp":"150708","mag_variation":"","mag_var_dir":""}
{"timestamp":"092825","status":"A","lat":"3321.012","lat_dir":"N","lon":"11838.839","lon_dir":"W","spd_over_grnd":"19.96","true_course":"0.224219","datestamp":"150708","mag_variation":"","mag_var_dir":""}
{"timestamp":"092827","status":"A","lat":"3321.021","lat_dir":"N","lon":"11838.839","lon_dir":"W","spd_over_grnd":"19.96","true_course":"1.371949","datestamp":"150708","mag_variation":"","mag_var_dir":""}
{"timestamp":"092828","status":"A","lat":"3321.030","lat_dir":"N","lon":"11838.838","lon_dir":"W","spd_over_grnd":"19.96","true_course":"1.571475","datestamp":"150708","mag_variation":"","mag_var_dir":""}
{"timestamp":"092830","status":"A","lat":"3321.039","lat_dir":"N","lon":"11838.838","lon_dir":"W","spd_over_grnd":"19.96","true_course":"0.666962","datestamp":"150708","mag_variation":"","mag_var_dir":""}
{"timestamp":"092832","status":"A","lat":"3321.047","lat_dir":"N","lon":"11838.838","lon_dir":"W","spd_over_grnd":"19.96","true_course":"359.722504","datestamp":"150708","mag_variation":"","mag_var_dir":""}
{"timestamp":"092833","status":"A","lat":"3321.056","lat_dir":"N","lon":"11838.838","lon_dir":"W","spd_over_grnd":"19.96","true_course":"359.987152","datestamp":"150708","mag_variation":"","mag_var_dir":""}
{"timestamp":"092835","status":"A","lat":"3321.064","lat_dir":"N","lon":"11838.838","lon_dir":"W","spd_over_grnd":"19.96","true_course":"1.325545","datestamp":"150708","mag_variation":"","mag_var_dir":""}
{"timestamp":"092836","status":"A","lat":"3321.073","lat_dir":"N","lon":"11838.838","lon_dir":"W","spd_over_grnd":"19.96","true_course":"1.883320","datestamp":"150708","mag_variation":"","mag_var_dir":""}
{"timestamp":"092838","status":"A","lat":"3321.082","lat_dir":"N","lon":"11838.837","lon_dir":"W","spd_over_grnd":"19.96","true_course":"1.116305","datestamp":"150708","mag_variation":"","mag_var_dir":""}
{"timestamp":"092839","status":"A","lat":"3321.091","lat_dir":"N","lon":"11838.837","lon_dir":"W","spd_over_grnd":"19.96","true_course":"0.006745","datestamp":"150708","mag_variation":"","mag_var_dir":""}
{"timestamp":"092841","status":"A","lat":"3321.099","lat_dir":"N","lon":"11838.837","lon_dir":"W","spd_over_grnd":"19.96","true_course":"359.859009","datestamp":"150708","mag_variation":"","mag_var_dir":""}
{"timestamp":"092842","status":"A","lat":"3321.108","lat_dir":"N","lon":"11838.837","lon_dir":"W","spd_over_grnd":"19.96","true_course":"0.748575","datestamp":"150708","mag_variation":"","mag_var_dir":""}
{"timestamp":"092844","status":"A","lat":"3321.116","lat_dir":"N","lon":"11838.837","lon_dir":"W","spd_over_grnd":"19.96","true_course":"1.560454","datestamp":"150708","mag_variation":"","mag_var_dir":""}
{"timestamp":"092845","status":"A","lat":"3321.125","lat_dir":"N","lon":"11838.837","lon_dir":"W","spd_over_grnd":"19.96","true_course":"1.222216","datestamp":"150708","mag_variation":"","mag_var_dir":""}
{"timestamp":"092847","status":"A","lat":"3321.134","lat_dir":"N","lon":"11838.837","lon_dir":"W","spd_over_grnd":"19.96","true_course":"0.198413","datestamp":"150708","mag_variation":"","mag_var_dir":""}
{"timestamp":"092848","status":"A","lat":"3321.142","lat_dir":"N","lon":"11838.837","lon_dir":"W","spd_over_grnd":"19.96","true_course":"359.725250","datestamp":"150708","mag_variation":"","mag_var_dir":""}
{"timestamp":"092850","status":"A","lat":"3321.151","lat_dir":"N","lon":"11838.837","lon_dir":"W","spd_over_grnd":"19.96","true_course":"0.480537","datestamp":"150708","mag_variation":"","mag_var_dir":""}
{"timestamp":"092851","status":"A","lat":"3321.160","lat_dir":"N","lon":"11838.836","lon_dir":"W","spd_over_grnd":"19.96","true_course":"1.540587","datestamp":"150708","mag_variation":"","mag_var_dir":""}
{"timestamp":"092853","status":"A","lat":"3321.169","lat_dir":"N","lon":"11838.836","lon_dir":"W","spd_over_grnd":"19.96","true_course":"1.631360","datestamp":"150708","mag_variation":"","mag_var_dir":""}
{"timestamp":"092854","status":"A","lat":"3321.177","lat_dir":"N","lon":"11838.836","lon_dir":"W","spd_over_grnd":"19.96","true_course":"0.671687","datestamp":"150708","mag_variation":"","mag_var_dir":""}
{"timestamp":"092856","status":"A","lat":"3321.186","lat_dir":"N","lon":"11838.836","lon_dir":"W","spd_over_grnd":"19.96","true_course":"359.900085","datestamp":"150708","mag_variation":"","mag_var_dir":""}
{"timestamp":"092857","status":"A","lat":"3321.195","lat_dir":"N","lon":"11838.836","lon_dir":"W","spd_over_grnd":"19.96","true_course":"0.293227","datestamp":"150708","mag_variation":"","mag_var_dir":""}
{"timestamp":"092859","status":"A","lat":"3321.203","lat_dir":"N","lon":"11838.836","lon_dir":"W","spd_over_grnd":"19.96","true_course":"1.453951","datestamp":"150708","mag_variation":"","mag_var_dir":""}
{"timestamp":"092900","status":"A","lat":"3321.212","lat_dir":"N","lon":"11838.835","lon_dir":"W","spd_over_grnd":"19.96","true_course":"1.829406","datestamp":"150708","mag_variation":"","mag_var_dir":""}
{"timestamp":"092902","status":"A","lat":"3321.221","lat_dir":"N","lon":"11838.835","lon_dir":"W","spd_over_grnd":"19.96","true_course":"1.055307","datestamp":"150708","mag_variation":"","mag_var_dir":""}
{"timestamp":"092903","status":"A","lat":"3321.230","lat_dir":"N","lon":"11838.835","lon_dir":"W","spd_over_grnd":"19.96","true_course":"359.989685","datestamp":"150708","mag_variation":"","mag_var_dir":""}
{"timestamp":"092905","status":"A","lat":"3321.238","lat_dir":"N","lon":"11838.835","lon_dir":"W","spd_over_grnd":"19.96","true_course":"0.054903","datestamp":"150708","mag_variation":"","mag_var_dir":""}
{"timestamp":"092906","status":"A","lat":"3321.247","lat_dir":"N","lon":"11838.835","lon_dir":"W","spd_over_grnd":"19.96","true_course":"1.128762","datestamp":"150708","mag_variation":"","mag_var_dir":""}
{"timestamp":"092908","status":"A","lat":"3321.256","lat_dir":"N","lon":"11838.834","lon_dir":"W","spd_over_grnd":"19.96","true_course":"1.952821","datestamp":"150708","mag_variation":"","mag_var_dir":""}
{"timestamp":"092909","status":"A","lat":"3321.264","lat_dir":"N","lon":"11838.834","lon_dir":"W","spd_over_grnd":"19.96","true_course":"1.452347","datestamp":"150708","mag_variation":"","mag_var_dir":""}
{"timestamp":"092911","status":"A","lat":"3321.273","lat_dir":"N","lon":"11838.834","lon_dir":"W","spd_over_grnd":"19.96","true_course":"0.418276","datestamp":"150708","mag_variation":"","mag_var_dir":""}
{"timestamp":"092912","status":"A","lat":"3321.281","lat_dir":"N","lon":"11838.834","lon_dir":"W","spd_over_grnd":"19.96","true_course":"359.990051","datestamp":"150708","mag_variation":"","mag_var_dir":""}
{"timestamp":"092914","status":"A","lat":"3321.290","lat_dir":"N","lon":"11838.834","lon_dir":"W","spd_over_grnd":"19.96","true_course":"0.763529","datestamp":"150708","mag_variation":"","mag_var_dir":""}
{"timestamp":"092915","status":"A","lat":"3321.299","lat_dir":"N","lon":"11838.834","lon_dir":"W","spd_over_grnd":"19.96","true_course":"1.847270","datestamp":"150708","mag_variation":"","mag_var_dir":""}
{"timestamp":"092917","status":"A","lat":"3321.307","lat_dir":"N","lon":"11838.833","lon_dir":"W","spd_over_grnd":"19.96","true_course":"1.814149","datestamp":"150708","mag_variation":"","mag_var_dir":""}
{"timestamp":"092918","status":"A","lat":"3321.316","lat_dir":"N","lon":"11838.833","lon_dir":"W","spd_over_grnd":"19.96","true_course":"0.845756","datestamp":"150708","mag_variation":"","mag_var_dir":""}
{"timestamp":"092920","status":"A","lat":"3321.324","lat_dir":"N","lon":"11838.833","lon_dir":"W","spd_over_grnd":"19.96","true_course":"0.112423","datestamp":"150708","mag_variation":"","mag_var_dir":""}
{"timestamp":"092921","status":"A","lat":"3321.333","lat_dir":"N","lon":"11838.833","lon_dir":"W","spd_over_grnd":"19.96","true_course":"0.642867","datestamp":"150708","mag_variation":"","mag_var_dir":""}
{"timestamp":"092923","status":"A","lat":"3321.342","lat_dir":"N","lon":"11838.833","lon_dir":"W","spd_over_grnd":"19.96","true_course":"1.759198","datestamp":"150708","mag_variation":"","mag_var_dir":""}
{"timestamp":"092924","status":"A","lat":"3321.350","lat_dir":"N","lon":"11838.833","lon_dir":"W","spd_over_grnd":"19.96","true_course":"2.192999","datestamp":"150708","mag_variation":"","mag_var_dir":""}
{"timestamp":"092926","status":"A","lat":"3321.359","lat_dir":"N","lon":"11838.832","lon_dir":"W","spd_over_grnd":"19.96","true_course":"1.372324","datestamp":"150708","mag_variation":"","mag_var_dir":""}
{"timestamp":"092927","status":"A","lat":"3321.368","lat_dir":"N","lon":"11838.832","lon_dir":"W","spd_over_grnd":"19.96","true_course":"0.230930","datestamp":"150708","mag_variation":"","mag_var_dir":""}
{"timestamp":"092929","status":"A","lat":"3321.376","lat_dir":"N","lon":"11838.832","lon_dir":"W","spd_over_grnd":"19.96","true_course":"0.256494","datestamp":"150708","mag_variation":"","mag_var_dir":""}
{"timestamp":"092930","status":"A","lat":"3321.385","lat_dir":"N","lon":"11838.832","lon_dir":"W","spd_over_grnd":"19.96","true_course":"1.259680","datestamp":"150708","mag_variation":"","mag_var_dir":""}
{"timestamp":"092932","status":"A","lat":"3321.394","lat_dir":"N","lon":"11838.832","lon_dir":"W","spd_over_grnd":"19.96","true_course":"1.928781","datestamp":"150708","mag_variation":"","mag_var_dir":""}
{"timestamp":"092933","status":"A","lat":"3321.402","lat_dir":"N","lon":"11838.831","lon_dir":"W","spd_over_grnd":"19.96","true_course":"1.430653","datestamp":"150708","mag_variation":"","mag_var_dir":""}
