{"timestamp":"091221","status":"A","lat":"5003.409","lat_dir":"N","lon":"00956.679","lon_dir":"W","spd_over_grnd":"29.91","true_course":"133.876938","datestamp":"010115","mag_variation":"","mag_var_dir":""}
{"timestamp":"091222","status":"A","lat":"5003.400","lat_dir":"N","lon":"00956.664","lon_dir":"W","spd_over_grnd":"29.93","true_course":"132.738251","datestamp":"010115","mag_variation":"","mag_var_dir":""}
{"timestamp":"091224","status":"A","lat":"5003.391","lat_dir":"N","lon":"00956.649","lon_dir":"W","spd_over_grnd":"29.94","true_course":"131.944962","datestamp":"010115","mag_variation":"","mag_var_dir":""}
{"timestamp":"091226","status":"A","lat":"5003.382","lat_dir":"N","lon":"00956.634","lon_dir":"W","spd_over_grnd":"29.95","true_course":"132.551987","datestamp":"010115","mag_variation":"","mag_var_dir":""}
{"timestamp":"091227","status":"A","lat":"5003.373","lat_dir":"N","lon":"00956.619","lon_dir":"W","spd_over_grnd":"29.96","true_course":"133.549881","datestamp":"010115","mag_variation":"","mag_var_dir":""}
{"timestamp":"091229","status":"A","lat":"5003.364","lat_dir":"N","lon":"00956.604","lon_dir":"W","spd_over_grnd":"29.97","true_course":"133.541534","datestamp":"010115","mag_variation":"","mag_var_dir":""}
{"timestamp":"091230","status":"A","lat":"5003.355","lat_dir":"N","lon":"00956.590","lon_dir":"W","spd_over_grnd":"29.98","true_course":"132.467636","datestamp":"010115","mag_variation":"","mag_var_dir":""}
{"timestamp":"091232","status":"A","lat":"5003.347","lat_dir":"N","lon":"00956.575","lon_dir":"W","spd_over_grnd":"29.98","true_course":"131.698669","datestamp":"010115","mag_variation":"","mag_var_dir":""}
{"timestamp":"091233","status":"A","lat":"5003.338","lat_dir":"N","lon":"00956.560","lon_dir":"W","spd_over_grnd":"29.98","true_course":"132.060135","datestamp":"010115","mag_variation":"","mag_var_dir":""}
{"timestamp":"091235","status":"A","lat":"5003.330","lat_dir":"N","lon":"00956.545","lon_dir":"W","spd_over_grnd":"29.99","true_course":"132.979996","datestamp":"010115","mag_variation":"","mag_var_dir":""}
{"timestamp":"091236","status":"A","lat":"5003.321","lat_dir":"N","lon":"00956.530","lon_dir":"W","spd_over_grnd":"29.99","true_course":"133.187164","datestamp":"010115","mag_variation":"","mag_var_dir":""}
{"timestamp":"091238","status":"A","lat":"5003.312","lat_dir":"N","lon":"00956.516","lon_dir":"W","spd_over_grnd":"29.99","true_course":"132.205276","datestamp":"010115","mag_variation":"","mag_var_dir":""}
{"timestamp":"091239","status":"A","lat":"5003.303","lat_dir":"N","lon":"00956.501","lon_dir":"W","spd_over_grnd":"29.99","true_course":"131.238312","datestamp":"010115","mag_variation":"","mag_var_dir":""}
{"timestamp":"091241","status":"A","lat":"5003.295","lat_dir":"N","lon":"00956.486","lon_dir":"W","spd_over_grnd":"29.99","true_course":"131.378922","datestamp":"010115","mag_variation":"","mag_var_dir":""}
{"timestamp":"091243","status":"A","lat":"5003.286","lat_dir":"N","lon":"00956.471","lon_dir":"W","spd_over_grnd":"30.00","true_course":"132.547440","datestamp":"010115","mag_variation":"","mag_var_dir":""}
{"timestamp":"091244","status":"A","lat":"5003.277","lat_dir":"N","lon":"00956.456","lon_dir":"W","spd_over_grnd":"30.00","true_course":"133.085403","datestamp":"010115","mag_variation":"","mag_var_dir":""}
{"timestamp":"091246","status":"A","lat":"5003.269","lat_dir":"N","lon":"00956.441","lon_dir":"W","spd_over_grnd":"30.00","true_course":"132.451080","datestamp":"010115","mag_variation":"","mag_var_dir":""}
{"timestamp":"091247","status":"A","lat":"5003.260","lat_dir":"N","lon":"00956.426","lon_dir":"W","spd_over_grnd":"30.00","true_course":"131.364838","datestamp":"010115","mag_variation":"","mag_var_dir":""}
{"timestamp":"091249","status":"A","lat":"5003.252","lat_dir":"N","lon":"00956.411","lon_dir":"W","spd_over_grnd":"30.00","true_course":"131.263000","datestamp":"010115","mag_variation":"","mag_var_dir":""}
{"timestamp":"091250","status":"A","lat":"5003.243","lat_dir":"N","lon":"00956.396","lon_dir":"W","spd_over_grnd":"30.00","true_course":"132.113312","datestamp":"010115","mag_variation":"","mag_var_dir":""}
{"timestamp":"091252","status":"A","lat":"5003.234","lat_dir":"N","lon":"00956.381","lon_dir":"W","spd_over_grnd":"30.00","true_course":"132.978607","datestamp":"010115","mag_variation":"","mag_var_dir":""}
{"timestamp":"091253","status":"A","lat":"5003.225","lat_dir":"N","lon":"00956.367","lon_dir":"W","spd_over_grnd":"30.00","true_course":"132.549210","datestamp":"010115","mag_variation":"","mag_var_dir":""}
{"timestamp":"091255","status":"A","lat":"5003.217","lat_dir":"N","lon":"00956.352","lon_dir":"W","spd_over_grnd":"30.00","true_course":"131.364334","datestamp":"010115","mag_variation":"","mag_var_dir":""}
{"timestamp":"091256","status":"A","lat":"5003.208","lat_dir":"N","lon":"00956.336","lon_dir":"W","spd_over_grnd":"30.00","true_course":"130.946625","datestamp":"010115","mag_variation":"","mag_var_dir":""}
{"timestamp":"091258","status":"A","lat":"5003.200","lat_dir":"N","lon":"00956.321","lon_dir":"W","spd_over_grnd":"30.00","true_course":"131.788513","datestamp":"010115","mag_variation":"","mag_var_dir":""}
{"timestamp":"091259","status":"A","lat":"5003.191","lat_dir":"N","lon":"00956.306","lon_dir":"W","spd_over_grnd":"30.00","true_course":"132.690796","datestamp":"010115","mag_variation":"","mag_var_dir":""}
{"timestamp":"091301","status":"A","lat":"5003.182","lat_dir":"N","lon":"00956.292","lon_dir":"W","spd_over_grnd":"30.00","true_course":"132.597809","datestamp":"010115","mag_variation":"","mag_var_dir":""}
{"timestamp":"091302","status":"A","lat":"5003.174","lat_dir":"N","lon":"00956.277","lon_dir":"W","spd_over_grnd":"30.00","true_course":"131.536392","datestamp":"010115","mag_variation":"","mag_var_dir":""}
{"timestamp":"091304","status":"A","lat":"5003.165","lat_dir":"N","lon":"00956.262","lon_dir":"W","spd_over_grnd":"30.00","true_course":"130.893021","datestamp":"010115","mag_variation":"","mag_var_dir":""}
{"timestamp":"091305","status":"A","lat":"5003.157","lat_dir":"N","lon":"00956.247","lon_dir":"W","spd_over_grnd":"30.00","true_course":"131.417526","datestamp":"010115","mag_variation":"","mag_var_dir":""}
{"timestamp":"091307","status":"A","lat":"5003.148","lat_dir":"N","lon":"00956.232","lon_dir":"W","spd_over_grnd":"30.00","true_course":"132.468033","datestamp":"010115","mag_variation":"","mag_var_dir":""}
{"timestamp":"091309","status":"A","lat":"5003.139","lat_dir":"N","lon":"00956.217","lon_dir":"W","spd_over_grnd":"30.00","true_course":"132.657074","datestamp":"010115","mag_variation":"","mag_var_dir":""}
{"timestamp":"091310","status":"A","lat":"5003.131","lat_dir":"N","lon":"00956.202","lon_dir":"W","spd_over_grnd":"30.00","true_course":"131.801559","datestamp":"010115","mag_variation":"","mag_var_dir":""}
{"timestamp":"091312","status":"A","lat":"5003.122","lat_dir":"N","lon":"00956.187","lon_dir":"W","spd_over_grnd":"30.00","true_course":"131.044540","datestamp":"010115","mag_variation":"","mag_var_dir":""}
{"timestamp":"091313","status":"A","lat":"5003.114","lat_dir":"N","lon":"00956.172","lon_dir":"W","spd_over_grnd":"30.00","true_course":"131.359741","datestamp":"010115","mag_variation":"","mag_var_dir":""}
{"timestamp":"091315","status":"A","lat":"5003.105","lat_dir":"N","lon":"00956.157","lon_dir":"W","spd_over_grnd":"30.00","true_course":"132.415756","datestamp":"010115","mag_variation":"","mag_var_dir":""}
{"timestamp":"091316","status":"A","lat":"5003.097","lat_dir":"N","lon":"00956.142","lon_dir":"W","spd_over_grnd":"30.00","true_course":"132.901779","datestamp":"010115","mag_variation":"","mag_var_dir":""}
{"timestamp":"091318","status":"A","lat":"5003.088","lat_dir":"N","lon":"00956.128","lon_dir":"W","spd_over_grnd":"30.00","true_course":"132.114258","datestamp":"010115","mag_variation":"","mag_var_dir":""}
{"timestamp":"091319","status":"A","lat":"5003.079","lat_dir":"N","lon":"00956.113","lon_dir":"W","spd_over_grnd":"30.00","true_course":"131.119278","datestamp":"010115","mag_variation":"","mag_var_dir":""}
{"timestamp":"091321","status":"A","lat":"5003.071","lat_dir":"N","lon":"00956.098","lon_dir":"W","spd_over_grnd":"30.00","true_course":"131.176910","datestamp":"010115","mag_variation":"","mag_var_dir":""}
{"timestamp":"091322","status":"A","lat":"5003.062","lat_dir":"N","lon":"00956.083","lon_dir":"W","spd_over_grnd":"30.00","true_course":"132.328964","datestamp":"010115","mag_variation":"","mag_var_dir":""}
{"timestamp":"091324","status":"A","lat":"5003.053","lat_dir":"N","lon":"00956.068","lon_dir":"W","spd_over_grnd":"30.00","true_course":"133.143188","datestamp":"010115","mag_variation":"","mag_var_dir":""}
{"timestamp":"091325","status":"A","lat":"5003.044","lat_dir":"N","lon":"00956.053","lon_dir":"W","spd_over_grnd":"30.00","true_course":"132.667801","datestamp":"010115","mag_variation":"","mag_var_dir":""}
{"timestamp":"091327","status":"A","lat":"5003.036","lat_dir":"N","lon":"00956.038","lon_dir":"W","spd_over_grnd":"30.00","true_course":"131.723663","datestamp":"010115","mag_variation":"","mag_var_dir":""}
{"timestamp":"091328","status":"A","lat":"5003.027","lat_dir":"N","lon":"00956.023","lon_dir":"W","spd_over_grnd":"30.00","true_course":"131.406418","datestamp":"010115","mag_variation":"","mag_var_dir":""}
{"timestamp":"091330","status":"A","lat":"5003.019","lat_dir":"N","lon":"00956.008","lon_dir":"W","spd_over_grnd":"30.00","true_course":"132.204681","datestamp":"010115","mag_variation":"","mag_var_dir":""}
{"timestamp":"091331","status":"A","lat":"5003.010","lat_dir":"N","lon":"00955.993","lon_dir":"W","spd_over_grnd":"30.00","true_course":"133.110077","datestamp":"010115","mag_variation":"","mag_var_dir":""}
{"timestamp":"091333","status":"A","lat":"5003.001","lat_dir":"N","lon":"00955.979","lon_dir":"W","spd_over_grnd":"30.00","true_course":"132.939209","datestamp":"010115","mag_variation":"","mag_var_dir":""}
{"timestamp":"091335","status":"A","lat":"5002.992","lat_dir":"N","lon":"00955.964","lon_dir":"W","spd_over_grnd":"30.00","true_course":"131.731308","datestamp":"010115","mag_variation":"","mag_var_dir":""}
{"timestamp":"091336","status":"A","lat":"5002.984","lat_dir":"N","lon":"00955.949","lon_dir":"W","spd_over_grnd":"30.00","true_course":"131.201340","datestamp":"010115","mag_variation":"","mag_var_dir":""}
{"timestamp":"091338","status":"A","lat":"5002.975","lat_dir":"N","lon":"00955.934","lon_dir":"W","spd_over_grnd":"30.00","true_course":"131.782089","datestamp":"010115","mag_variation":"","mag_var_dir":""}
{"timestamp":"091339","status":"A","lat":"5002.967","lat_dir":"N","lon":"00955.919","lon_dir":"W","spd_over_grnd":"30.00","true_course":"132.740768","datestamp":"010115","mag_variation":"","mag_var_dir":""}
{"timestamp":"091341","status":"A","lat":"5002.958","lat_dir":"N","lon":"00955.905","lon_dir":"W","spd_over_grnd":"30.00","true_course":"132.826141","datestamp":"010115","mag_variation":"","mag_var_dir":""}
{"timestamp":"091342","status":"A","lat":"5002.949","lat_dir":"N","lon":"00955.890","lon_dir":"W","spd_over_grnd":"30.00","true_course":"131.797272","datestamp":"010115","mag_variation":"","mag_var_dir":""}
{"timestamp":"091344","status":"A","lat":"5002.941","lat_dir":"N","lon":"00955.875","lon_dir":"W","spd_over_grnd":"30.00","true_course":"130.962418","datestamp":"010115","mag_variation":"","mag_var_dir":""}
{"timestamp":"091345","status":"A","lat":"5002.932","lat_dir":"N","lon":"00955.859","lon_dir":"W","spd_over_grnd":"30.00","true_course":"131.384430","datestamp":"010115","mag_variation":"","mag_var_dir":""}
{"timestamp":"091347","status":"A","lat":"5002.924","lat_dir":"N","lon":"00955.844","lon_dir":"W","spd_over_grnd":"30.00","true_course":"132.496658","datestamp":"010115","mag_variation":"","mag_var_dir":""}
{"timestamp":"091348","status":"A","lat":"5002.915","lat_dir":"N","lon":"00955.830","lon_dir":"W","spd_over_grnd":"30.00","true_course":"132.856277","datestamp":"010115","mag_variation":"","mag_var_dir":""}
{"timestamp":"091350","status":"A","lat":"5002.907","lat_dir":"N","lon":"00955.815","lon_dir":"W","spd_over_grnd":"30.00","true_course":"132.053253","datestamp":"010115","mag_variation":"","mag_var_dir":""}
{"timestamp":"091351","status":"A","lat":"5002.898","lat_dir":"N","lon":"00955.801","lon_dir":"W","spd_over_grnd":"30.00","true_course":"131.177704","datestamp":"010115","mag_variation":"","mag_var_dir":""}
{"timestamp":"091353","status":"A","lat":"5002.890","lat_dir":"N","lon":"00955.786","lon_dir":"W","spd_over_grnd":"30.00","true_course":"131.284622","datestamp":"010115","mag_variation":"","mag_var_dir":""}
{"timestamp":"091354","status":"A","lat":"5002.881","lat_dir":"N","lon":"00955.771","lon_dir":"W","spd_over_grnd":"30.00","true_course":"132.399597","datestamp":"010115","mag_variation":"","mag_var_dir":""}
{"timestamp":"091356","status":"A","lat":"5002.872","lat_dir":"N","lon":"00955.756","lon_dir":"W","spd_over_grnd":"30.00","true_course":"133.006287","datestamp":"010115","mag_variation":"","mag_var_dir":""}
{"timestamp":"091357","status":"A","lat":"5002.864","lat_dir":"N","lon":"00955.741","lon_dir":"W","spd_over_grnd":"30.00","true_course":"132.399506","datestamp":"010115","mag_variation":"","mag_var_dir":""}
{"timestamp":"091359","status":"A","lat":"5002.855","lat_dir":"N","lon":"00955.727","lon_dir":"W","spd_over_grnd":"30.00","true_course":"131.410400","datestamp":"010115","mag_variation":"","mag_var_dir":""}
{"timestamp":"091401","status":"A","lat":"5002.847","lat_dir":"N","lon":"00955.711","lon_dir":"W","spd_over_grnd":"30.00","true_course":"131.239212","datestamp":"010115","mag_variation":"","mag_var_dir":""}
{"timestamp":"091402","status":"A","lat":"5002.838","lat_dir":"N","lon":"00955.696","lon_dir":"W","spd_over_grnd":"30.00","true_course":"132.211945","datestamp":"010115","mag_variation":"","mag_var_dir":""}
{"timestamp":"091404","status":"A","lat":"5002.829","lat_dir":"N","lon":"00955.682","lon_dir":"W","spd_over_grnd":"30.00","true_course":"133.048096","datestamp":"010115","mag_variation":"","mag_var_dir":""}
{"timestamp":"091405","status":"A","lat":"5002.820","lat_dir":"N","lon":"00955.667","lon_dir":"W","spd_over_grnd":"30.00","true_course":"132.675766","datestamp":"010115","mag_variation":"","mag_var_dir":""}
{"timestamp":"091407","status":"A","lat":"5002.812","lat_dir":"N","lon":"00955.652","lon_dir":"W","spd_over_grnd":"30.00","true_course":"131.563736","datestamp":"010115","mag_variation":"","mag_var_dir":""}
{"timestamp":"091408","status":"A","lat":"5002.803","lat_dir":"N","lon":"00955.637","lon_dir":"W","spd_over_grnd":"30.00","true_course":"131.047897","datestamp":"010115","mag_variation":"","mag_var_dir":""}
{"timestamp":"091410","status":"A","lat":"5002.795","lat_dir":"N","lon":"00955.622","lon_dir":"W","spd_over_grnd":"30.00","true_course":"131.825531","datestamp":"010115","mag_variation":"","mag_var_dir":""}
{"timestamp":"091411","status":"A","lat":"5002.786","lat_dir":"N","lon":"00955.607","lon_dir":"W","spd_over_grnd":"30.00","true_course":"132.906921","datestamp":"010115","mag_variation":"","mag_var_dir":""}
{"timestamp":"091413","status":"A","lat":"5002.777","lat_dir":"N","lon":"00955.592","lon_dir":"W","spd_over_grnd":"30.00","true_course":"132.886963","datestamp":"010115","mag_variation":"","mag_var_dir":""}
{"timestamp":"091414","status":"A","lat":"5002.769","lat_dir":"N","lon":"00955.578","lon_dir":"W","spd_over_grnd":"30.00","true_course":"131.962738","datestamp":"010115","mag_variation":"","mag_var_dir":""}
{"timestamp":"091416","status":"A","lat":"5002.760","lat_dir":"N","lon":"00955.562","lon_dir":"W","spd_over_grnd":"30.00","true_course":"131.323746","datestamp":"010115","mag_variation":"","mag_var_dir":""}
{"timestamp":"091417","status":"A","lat":"5002.752","lat_dir":"N","lon":"00955.547","lon_dir":"W","spd_over_grnd":"30.00","true_course":"131.834671","datestamp":"010115","mag_variation":"","mag_var_dir":""}
{"timestamp":"091419","status":"A","lat":"5002.743","lat_dir":"N","lon":"00955.533","lon_dir":"W","spd_over_grnd":"30.00","true_course":"132.928665","datestamp":"010115","mag_variation":"","mag_var_dir":""}
{"timestamp":"091420","status":"A","lat":"5002.734","lat_dir":"N","lon":"00955.518","lon_dir":"W","spd_over_grnd":"30.00","true_course":"133.288681","datestamp":"010115","mag_variation":"","mag_var_dir":""}
{"timestamp":"091422","status":"A","lat":"5002.726","lat_dir":"N","lon":"00955.504","lon_dir":"W","spd_over_grnd":"30.00","true_course":"132.460663","datestamp":"010115","mag_variation":"","mag_var_dir":""}
{"timestamp":"091423","status":"A","lat":"5002.717","lat_dir":"N","lon":"00955.489","lon_dir":"W","spd_over_grnd":"30.00","true_course":"131.423004","datestamp":"010115","mag_variation":"","mag_var_dir":""}
{"timestamp":"091425","status":"A","lat":"5002.709","lat_dir":"N","lon":"00955.474","lon_dir":"W","spd_over_grnd":"30.00","true_course":"131.562897","datestamp":"010115","mag_variation":"","mag_var_dir":""}
{"timestamp":"091427","status":"A","lat":"5002.700","lat_dir":"N","lon":"00955.459","lon_dir":"W","spd_over_grnd":"30.00","true_course":"132.612396","datestamp":"010115","mag_variation":"","mag_var_dir":""}
{"timestamp":"091428","status":"A","lat":"5002.691","lat_dir":"N","lon":"00955.445","lon_dir":"W","spd_over_grnd":"30.00","true_course":"133.213242","datestamp":"010115","mag_variation":"","mag_var_dir":""}
{"timestamp":"091430","status":"A","lat":"5002.682","lat_dir":"N","lon":"00955.430","lon_dir":"W","spd_over_grnd":"30.00","true_course":"132.599228","datestamp":"010115","mag_variation":"","mag_var_dir":""}
{"timestamp":"091431","status":"A","lat":"5002.674","lat_dir":"N","lon":"00955.415","lon_dir":"W","spd_over_grnd":"30.00","true_course":"131.524094","datestamp":"010115","mag_variation":"","mag_var_dir":""}
{"timestamp":"091433","status":"A","lat":"5002.665","lat_dir":"N","lon":"00955.400","lon_dir":"W","spd_over_grnd":"30.00","true_course":"131.403091","datestamp":"010115","mag_variation":"","mag_var_dir":""}
{"timestamp":"091434","status":"A","lat":"5002.657","lat_dir":"N","lon":"00955.385","lon_dir":"W","spd_over_grnd":"30.00","true_course":"132.482422","datestamp":"010115","mag_variation":"","mag_var_dir":""}
{"timestamp":"091436","status":"A","lat":"5002.648","lat_dir":"N","lon":"00955.371","lon_dir":"W","spd_over_grnd":"30.00","true_course":"133.241074","datestamp":"010115","mag_variation":"","mag_var_dir":""}
{"timestamp":"091437","status":"A","lat":"5002.639","lat_dir":"N","lon":"00955.356","lon_dir":"W","spd_over_grnd":"30.00","true_course":"132.873459","datestamp":"010115","mag_variation":"","mag_var_dir":""}
{"timestamp":"091439","status":"A","lat":"5002.631","lat_dir":"N","lon":"00955.341","lon_dir":"W","spd_over_grnd":"30.00","true_course":"131.861984","datestamp":"010115","mag_variation":"","mag_var_dir":""}
{"timestamp":"091440","status":"A","lat":"5002.622","lat_dir":"N","lon":"00955.327","lon_dir":"W","spd_over_grnd":"30.00","true_course":"131.512314","datestamp":"010115","mag_variation":"","mag_var_dir":""}
{"timestamp":"091442","status":"A","lat":"5002.614","lat_dir":"N","lon":"00955.312","lon_dir":"W","spd_over_grnd":"30.00","true_course":"132.296310","datestamp":"010115","mag_variation":"","mag_var_dir":""}
{"timestamp":"091443","status":"A","lat":"5002.605","lat_dir":"N","lon":"00955.297","lon_dir":"W","spd_over_grnd":"30.00","true_course":"133.214096","datestamp":"010115","mag_variation":"","mag_var_dir":""}
{"timestamp":"091445","status":"A","lat":"5002.596","lat_dir":"N","lon":"00955.283","lon_dir":"W","spd_over_grnd":"30.00","true_course":"133.078018","datestamp":"010115","mag_variation":"","mag_var_dir":""}
{"timestamp":"091446","status":"A","lat":"5002.588","lat_dir":"N","lon":"00955.268","lon_dir":"W","spd_over_grnd":"30.00","true_course":"131.958145","datestamp":"010115","mag_variation":"","mag_var_dir":""}
{"timestamp":"091448","status":"A","lat":"5002.579","lat_dir":"N","lon":"00955.253","lon_dir":"W","spd_over_grnd":"30.00","true_course":"131.317871","datestamp":"010115","mag_variation":"","mag_var_dir":""}
{"timestamp":"091449","status":"A","lat":"5002.571","lat_dir":"N","lon":"00955.238","lon_dir":"W","spd_over_grnd":"30.00","true_course":"131.882523","datestamp":"010115","mag_variation":"","mag_var_dir":""}
{"timestamp":"091451","status":"A","lat":"5002.562","lat_dir":"N","lon":"00955.223","lon_dir":"W","spd_over_grnd":"30.00","true_course":"132.965149","datestamp":"010115","mag_variation":"","mag_var_dir":""}
{"timestamp":"091453","status":"A","lat":"5002.553","lat_dir":"N","lon":"00955.209","lon_dir":"W","spd_over_grnd":"30.00","true_course":"133.143387","datestamp":"010115","mag_variation":"","mag_var_dir":""}
{"timestamp":"091454","status":"A","lat":"5002.544","lat_dir":"N","lon":"00955.194","lon_dir":"W","spd_over_grnd":"30.00","true_course":"132.280563","datestamp":"010115","mag_variation":"","mag_var_dir":""}
{"timestamp":"091456","status":"A","lat":"5002.536","lat_dir":"N","lon":"00955.179","lon_dir":"W","spd_over_grnd":"30.00","true_course":"131.477386","datestamp":"010115","mag_variation":"","mag_var_dir":""}
{"timestamp":"091457","status":"A","lat":"5002.527","lat_dir":"N","lon":"00955.164","lon_dir":"W","spd_over_grnd":"30.00","true_course":"131.883560","datestamp":"010115","mag_variation":"","mag_var_dir":""}
{"timestamp":"091459","status":"A","lat":"5002.518","lat_dir":"N","lon":"00955.149","lon_dir":"W","spd_over_grnd":"30.00","true_course":"133.028229","datestamp":"010115","mag_variation":"","mag_var_dir":""}
{"timestamp":"091500","status":"A","lat":"5002.510","lat_dir":"N","lon":"00955.135","lon_dir":"W","spd_over_grnd":"30.00","true_course":"133.410736","datestamp":"010115","mag_variation":"","mag_var_dir":""}
{"timestamp":"091502","status":"A","lat":"5002.501","lat_dir":"N","lon":"00955.120","lon_dir":"W","spd_over_grnd":"30.00","true_course":"132.513062","datestamp":"010115","mag_variation":"","mag_var_dir":""}
{"timestamp":"091503","status":"A","lat":"5002.492","lat_dir":"N","lon":"00955.105","lon_dir":"W","spd_over_grnd":"30.00","true_course":"131.596924","datestamp":"010115","mag_variation":"","mag_var_dir":""}
{"timestamp":"091505","status":"A","lat":"5002.484","lat_dir":"N","lon":"00955.090","lon_dir":"W","spd_over_grnd":"30.00","true_course":"131.741364","datestamp":"010115","mag_variation":"","mag_var_dir":""}
{"timestamp":"091506","status":"A","lat":"5002.475","lat_dir":"N","lon":"00955.075","lon_dir":"W","spd_over_grnd":"30.00","true_course":"132.781204","datestamp":"010115","mag_variation":"","mag_var_dir":""}
{"timestamp":"091508","status":"A","lat":"5002.466","lat_dir":"N","lon":"00955.061","lon_dir":"W","spd_over_grnd":"30.00","true_course":"133.401108","datestamp":"010115","mag_variation":"","mag_var_dir":""}
{"timestamp":"091509","status":"A","lat":"5002.458","lat_dir":"N","lon":"00955.046","lon_dir":"W","spd_over_grnd":"30.00","true_course":"132.776962","datestamp":"010115","mag_variation":"","mag_var_dir":""}
{"timestamp":"091511","status":"A","lat":"5002.449","lat_dir":"N","lon":"00955.031","lon_dir":"W","spd_over_grnd":"30.00","true_course":"131.801804","datestamp":"010115","mag_variation":"","mag_var_dir":""}
{"timestamp":"091513","status":"A","lat":"5002.440","lat_dir":"N","lon":"00955.016","lon_dir":"W","spd_over_grnd":"30.00","true_course":"131.669632","datestamp":"010115","mag_variation":"","mag_var_dir":""}
{"timestamp":"091514","status":"A","lat":"5002.431","lat_dir":"N","lon":"00955.001","lon_dir":"W","spd_over_grnd":"30.00","true_course":"132.548553","datestamp":"010115","mag_variation":"","mag_var_dir":""}
{"timestamp":"091516","status":"A","lat":"5002.423","lat_dir":"N","lon":"00954.987","lon_dir":"W","spd_over_grnd":"30.00","true_course":"133.372543","datestamp":"010115","mag_variation":"","mag_var_dir":""}
{"timestamp":"091517","status":"A","lat":"5002.414","lat_dir":"N","lon":"00954.972","lon_dir":"W","spd_over_grnd":"30.00","true_course":"133.023560","datestamp":"010115","mag_variation":"","mag_var_dir":""}
{"timestamp":"091519","status":"A","lat":"5002.405","lat_dir":"N","lon":"00954.957","lon_dir":"W","spd_over_grnd":"30.00","true_course":"131.809433","datestamp":"010115","mag_variation":"","mag_var_dir":""}
{"timestamp":"091520","status":"A","lat":"5002.397","lat_dir":"N","lon":"00954.942","lon_dir":"W","spd_over_grnd":"30.00","true_course":"131.377167","datestamp":"010115","mag_variation":"","mag_var_dir":""}
{"timestamp":"091522","status":"A","lat":"5002.388","lat_dir":"N","lon":"00954.927","lon_dir":"W","spd_over_grnd":"30.00","true_course":"132.144257","datestamp":"010115","mag_variation":"","mag_var_dir":""}
{"timestamp":"091523","status":"A","lat":"5002.380","lat_dir":"N","lon":"00954.913","lon_dir":"W","spd_over_grnd":"30.00","true_course":"133.072281","datestamp":"010115","mag_variation":"","mag_var_dir":""}
{"timestamp":"091525","status":"A","lat":"5002.371","lat_dir":"N","lon":"00954.899","lon_dir":"W","spd_over_grnd":"30.00","true_course":"133.033188","datestamp":"010115","mag_variation":"","mag_var_dir":""}
{"timestamp":"091526","status":"A","lat":"5002.363","lat_dir":"N","lon":"00954.884","lon_dir":"W","spd_over_grnd":"30.00","true_course":"132.020721","datestamp":"010115","mag_variation":"","mag_var_dir":""}
{"timestamp":"091528","status":"A","lat":"5002.354","lat_dir":"N","lon":"00954.869","lon_dir":"W","spd_over_grnd":"30.00","true_course":"131.326874","datestamp":"010115","mag_variation":"","mag_var_dir":""}
{"timestamp":"091529","status":"A","lat":"5002.346","lat_dir":"N","lon":"00954.855","lon_dir":"W","spd_over_grnd":"30.00","true_course":"131.815796","datestamp":"010115","mag_variation":"","mag_var_dir":""}
{"timestamp":"091531","status":"A","lat":"5002.337","lat_dir":"N","lon":"00954.840","lon_dir":"W","spd_over_grnd":"30.00","true_course":"132.896210","datestamp":"010115","mag_variation":"","mag_var_dir":""}
{"timestamp":"091532","status":"A","lat":"5002.328","lat_dir":"N","lon":"00954.825","lon_dir":"W","spd_over_grnd":"30.00","true_course":"133.096649","datestamp":"010115","mag_variation":"","mag_var_dir":""}
{"timestamp":"091534","status":"A","lat":"5002.319","lat_dir":"N","lon":"00954.810","lon_dir":"W","spd_over_grnd":"30.00","true_course":"132.201172","datestamp":"010115","mag_variation":"","mag_var_dir":""}
{"timestamp":"091536","status":"A","lat":"5002.311","lat_dir":"N","lon":"00954.796","lon_dir":"W","spd_over_grnd":"30.00","true_course":"131.472122","datestamp":"010115","mag_variation":"","mag_var_dir":""}
{"timestamp":"091537","status":"A","lat":"5002.303","lat_dir":"N","lon":"00954.781","lon_dir":"W","spd_over_grnd":"30.00","true_course":"131.793320","datestamp":"010115","mag_variation":"","mag_var_dir":""}
{"timestamp":"091539","status":"A","lat":"5002.294","lat_dir":"N","lon":"00954.766","lon_dir":"W","spd_over_grnd":"30.00","true_course":"132.762085","datestamp":"010115","mag_variation":"","mag_var_dir":""}
{"timestamp":"091540","status":"A","lat":"5002.285","lat_dir":"N","lon":"00954.751","lon_dir":"W","spd_over_grnd":"30.00","true_course":"133.233795","datestamp":"010115","mag_variation":"","mag_var_dir":""}
{"timestamp":"091542","status":"A","lat":"5002.276","lat_dir":"N","lon":"00954.736","lon_dir":"W","spd_over_grnd":"30.00","true_course":"132.550079","datestamp":"010115","mag_variation":"","mag_var_dir":""}
{"timestamp":"091543","status":"A","lat":"5002.268","lat_dir":"N","lon":"00954.721","lon_dir":"W","spd_over_grnd":"30.00","true_course":"131.460922","datestamp":"010115","mag_variation":"","mag_var_dir":""}
{"timestamp":"091545","status":"A","lat":"5002.259","lat_dir":"N","lon":"00954.706","lon_dir":"W","spd_over_grnd":"30.00","true_course":"131.514801","datestamp":"010115","mag_variation":"","mag_var_dir":""}
{"timestamp":"091546","status":"A","lat":"5002.251","lat_dir":"N","lon":"00954.692","lon_dir":"W","spd_over_grnd":"30.00","true_course":"132.641937","datestamp":"010115","mag_variation":"","mag_var_dir":""}
{"timestamp":"091548","status":"A","lat":"5002.242","lat_dir":"N","lon":"00954.677","lon_dir":"W","spd_over_grnd":"30.00","true_course":"133.343338","datestamp":"010115","mag_variation":"","mag_var_dir":""}
{"timestamp":"091549","status":"A","lat":"5002.233","lat_dir":"N","lon":"00954.663","lon_dir":"W","spd_over_grnd":"30.00","true_course":"132.852051","datestamp":"010115","mag_variation":"","mag_var_dir":""}
{"timestamp":"091551","status":"A","lat":"5002.224","lat_dir":"N","lon":"00954.648","lon_dir":"W","spd_over_grnd":"30.00","true_course":"131.688889","datestamp":"010115","mag_variation":"","mag_var_dir":""}
{"timestamp":"091552","status":"A","lat":"5002.216","lat_dir":"N","lon":"00954.633","lon_dir":"W","spd_over_grnd":"30.00","true_course":"131.468018","datestamp":"010115","mag_variation":"","mag_var_dir":""}
{"timestamp":"091554","status":"A","lat":"5002.207","lat_dir":"N","lon":"00954.618","lon_dir":"W","spd_over_grnd":"30.00","true_course":"132.412537","datestamp":"010115","mag_variation":"","mag_var_dir":""}
{"timestamp":"091556","status":"A","lat":"5002.199","lat_dir":"N","lon":"00954.603","lon_dir":"W","spd_over_grnd":"30.00","true_course":"133.263779","datestamp":"010115","mag_variation":"","mag_var_dir":""}
{"timestamp":"091557","status":"A","lat":"5002.190","lat_dir":"N","lon":"00954.589","lon_dir":"W","spd_over_grnd":"30.00","true_course":"133.046310","datestamp":"010115","mag_variation":"","mag_var_dir":""}
{"timestamp":"091559","status":"A","lat":"5002.181","lat_dir":"N","lon":"00954.574","lon_dir":"W","spd_over_grnd":"30.00","true_course":"132.139069","datestamp":"010115","mag_variation":"","mag_var_dir":""}
{"timestamp":"091600","status":"A","lat":"5002.173","lat_dir":"N","lon":"00954.559","lon_dir":"W","spd_over_grnd":"30.00","true_course":"131.694489","datestamp":"010115","mag_variation":"","mag_var_dir":""}
{"timestamp":"091602","status":"A","lat":"5002.164","lat_dir":"N","lon":"00954.544","lon_dir":"W","spd_over_grnd":"30.00","true_course":"132.367126","datestamp":"010115","mag_variation":"","mag_var_dir":""}
{"timestamp":"091603","status":"A","lat":"5002.155","lat_dir":"N","lon":"00954.530","lon_dir":"W","spd_over_grnd":"30.00","true_course":"133.328308","datestamp":"010115","mag_variation":"","mag_var_dir":""}
{"timestamp":"091605","status":"A","lat":"5002.146","lat_dir":"N","lon":"00954.515","lon_dir":"W","spd_over_grnd":"30.00","true_course":"133.350204","datestamp":"010115","mag_variation":"","mag_var_dir":""}
{"timestamp":"091606","status":"A","lat":"5002.138","lat_dir":"N","lon":"00954.501","lon_dir":"W","spd_over_grnd":"30.00","true_course":"132.324738","datestamp":"010115","mag_variation":"","mag_var_dir":""}
{"timestamp":"091608","status":"A","lat":"5002.129","lat_dir":"N","lon":"00954.486","lon_dir":"W","spd_over_grnd":"30.00","true_course":"131.582581","datestamp":"010115","mag_variation":"","mag_var_dir":""}
{"timestamp":"091609","status":"A","lat":"5002.121","lat_dir":"N","lon":"00954.471","lon_dir":"W","spd_over_grnd":"30.00","true_course":"132.085342","datestamp":"010115","mag_variation":"","mag_var_dir":""}
{"timestamp":"091611","status":"A","lat":"5002.112","lat_dir":"N","lon":"00954.456","lon_dir":"W","spd_over_grnd":"30.00","true_course":"133.176285","datestamp":"010115","mag_variation":"","mag_var_dir":""}
{"timestamp":"091612","status":"A","lat":"5002.103","lat_dir":"N","lon":"00954.442","lon_dir":"W","spd_over_grnd":"30.00","true_course":"133.438187","datestamp":"010115","mag_variation":"","mag_var_dir":""}
{"timestamp":"091614","status":"A","lat":"5002.094","lat_dir":"N","lon":"00954.427","lon_dir":"W","spd_over_grnd":"30.00","true_course":"132.465683","datestamp":"010115","mag_variation":"","mag_var_dir":""}
{"timestamp":"091616","status":"A","lat":"5002.086","lat_dir":"N","lon":"00954.412","lon_dir":"W","spd_over_grnd":"30.00","true_course":"131.604172","datestamp":"010115","mag_variation":"","mag_var_dir":""}
{"timestamp":"091617","status":"A","lat":"5002.078","lat_dir":"N","lon":"00954.398","lon_dir":"W","spd_over_grnd":"30.00","true_course":"131.866714","datestamp":"010115","mag_variation":"","mag_var_dir":""}
{"timestamp":"091619","status":"A","lat":"5002.069","lat_dir":"N","lon":"00954.383","lon_dir":"W","spd_over_grnd":"30.00","true_course":"133.030624","datestamp":"010115","mag_variation":"","mag_var_dir":""}
{"timestamp":"091620","status":"A","lat":"5002.060","lat_dir":"N","lon":"00954.369","lon_dir":"W","spd_over_grnd":"30.00","true_course":"133.529724","datestamp":"010115","mag_variation":"","mag_var_dir":""}
{"timestamp":"091622","status":"A","lat":"5002.051","lat_dir":"N","lon":"00954.354","lon_dir":"W","spd_over_grnd":"30.00","true_course":"132.810593","datestamp":"010115","mag_variation":"","mag_var_dir":""}
{"timestamp":"091623","status":"A","lat":"5002.043","lat_dir":"N","lon":"00954.339","lon_dir":"W","spd_over_grnd":"30.00","true_course":"131.902252","datestamp":"010115","mag_variation":"","mag_var_dir":""}
{"timestamp":"091625","status":"A","lat":"5002.034","lat_dir":"N","lon":"00954.324","lon_dir":"W","spd_over_grnd":"30.00","true_course":"131.891724","datestamp":"010115","mag_variation":"","mag_var_dir":""}
{"timestamp":"091626","status":"A","lat":"5002.025","lat_dir":"N","lon":"00954.309","lon_dir":"W","spd_over_grnd":"30.00","true_course":"132.895782","datestamp":"010115","mag_variation":"","mag_var_dir":""}
{"timestamp":"091628","status":"A","lat":"5002.016","lat_dir":"N","lon":"00954.295","lon_dir":"W","spd_over_grnd":"30.00","true_course":"133.664642","datestamp":"010115","mag_variation":"","mag_var_dir":""}
{"timestamp":"091629","status":"A","lat":"5002.008","lat_dir":"N","lon":"00954.280","lon_dir":"W","spd_over_grnd":"30.00","true_course":"133.073624","datestamp":"010115","mag_variation":"","mag_var_dir":""}
{"timestamp":"091631","status":"A","lat":"5001.999","lat_dir":"N","lon":"00954.266","lon_dir":"W","spd_over_grnd":"30.00","true_course":"132.004852","datestamp":"010115","mag_variation":"","mag_var_dir":""}
{"timestamp":"091632","status":"A","lat":"5001.990","lat_dir":"N","lon":"00954.251","lon_dir":"W","spd_over_grnd":"30.00","true_course":"131.755371","datestamp":"010115","mag_variation":"","mag_var_dir":""}
{"timestamp":"091634","status":"A","lat":"5001.982","lat_dir":"N","lon":"00954.236","lon_dir":"W","spd_over_grnd":"30.00","true_course":"132.703720","datestamp":"010115","mag_variation":"","mag_var_dir":""}
