{"timestamp":"080150","status":"A","lat":"3325.291","lat_dir":"N","lon":"11830.551","lon_dir":"W","spd_over_grnd":"10.00","true_course":"184.960373","datestamp":"150708","mag_variation":"","mag_var_dir":""}
{"timestamp":"080151","status":"A","lat":"3325.287","lat_dir":"N","lon":"11830.551","lon_dir":"W","spd_over_grnd":"10.00","true_course":"183.958694","datestamp":"150708","mag_variation":"","mag_var_dir":""}
{"timestamp":"080153","status":"A","lat":"3325.283","lat_dir":"N","lon":"11830.551","lon_dir":"W","spd_over_grnd":"10.00","true_course":"183.926941","datestamp":"150708","mag_variation":"","mag_var_dir":""}
{"timestamp":"080154","status":"A","lat":"3325.278","lat_dir":"N","lon":"11830.552","lon_dir":"W","spd_over_grnd":"10.00","true_course":"184.891998","datestamp":"150708","mag_variation":"","mag_var_dir":""}
{"timestamp":"080156","status":"A","lat":"3325.274","lat_dir":"N","lon":"11830.552","lon_dir":"W","spd_over_grnd":"10.00","true_course":"185.573059","datestamp":"150708","mag_variation":"","mag_var_dir":""}
{"timestamp":"080157","status":"A","lat":"3325.269","lat_dir":"N","lon":"11830.553","lon_dir":"W","spd_over_grnd":"10.00","true_course":"185.071396","datestamp":"150708","mag_variation":"","mag_var_dir":""}
{"timestamp":"080159","status":"A","lat":"3325.265","lat_dir":"N","lon":"11830.553","lon_dir":"W","spd_over_grnd":"10.00","true_course":"183.953140","datestamp":"150708","mag_variation":"","mag_var_dir":""}
{"timestamp":"080201","status":"A","lat":"3325.260","lat_dir":"N","lon":"11830.553","lon_dir":"W","spd_over_grnd":"10.00","true_course":"183.912125","datestamp":"150708","mag_variation":"","mag_var_dir":""}
{"timestamp":"080202","status":"A","lat":"3325.256","lat_dir":"N","lon":"11830.554","lon_dir":"W","spd_over_grnd":"10.00","true_course":"185.099777","datestamp":"150708","mag_variation":"","mag_var_dir":""}
{"timestamp":"080204","status":"A","lat":"3325.252","lat_dir":"N","lon":"11830.554","lon_dir":"W","spd_over_grnd":"10.00","true_course":"185.932175","datestamp":"150708","mag_variation":"","mag_var_dir":""}
{"timestamp":"080205","status":"A","lat":"3325.247","lat_dir":"N","lon":"11830.555","lon_dir":"W","spd_over_grnd":"10.00","true_course":"185.364426","datestamp":"150708","mag_variation":"","mag_var_dir":""}
{"timestamp":"080207","status":"A","lat":"3325.243","lat_dir":"N","lon":"11830.555","lon_dir":"W","spd_over_grnd":"10.00","true_course":"184.267410","datestamp":"150708","mag_variation":"","mag_var_dir":""}
{"timestamp":"080209","status":"A","lat":"3325.238","lat_dir":"N","lon":"11830.556","lon_dir":"W","spd_over_grnd":"10.00","true_course":"184.160797","datestamp":"150708","mag_variation":"","mag_var_dir":""}
{"timestamp":"080210","status":"A","lat":"3325.234","lat_dir":"N","lon":"11830.556","lon_dir":"W","spd_over_grnd":"10.00","true_course":"185.245819","datestamp":"150708","mag_variation":"","mag_var_dir":""}
{"timestamp":"080212","status":"A","lat":"3325.229","lat_dir":"N","lon":"11830.557","lon_dir":"W","spd_over_grnd":"10.00","true_course":"186.067032","datestamp":"150708","mag_variation":"","mag_var_dir":""}
{"timestamp":"080213","status":"A","lat":"3325.225","lat_dir":"N","lon":"11830.557","lon_dir":"W","spd_over_grnd":"10.00","true_course":"185.641388","datestamp":"150708","mag_variation":"","mag_var_dir":""}
{"timestamp":"080215","status":"A","lat":"3325.220","lat_dir":"N","lon":"11830.558","lon_dir":"W","spd_over_grnd":"10.00","true_course":"184.477142","datestamp":"150708","mag_variation":"","mag_var_dir":""}
{"timestamp":"080217","status":"A","lat":"3325.216","lat_dir":"N","lon":"11830.558","lon_dir":"W","spd_over_grnd":"10.00","true_course":"184.279144","datestamp":"150708","mag_variation":"","mag_var_dir":""}
{"timestamp":"080218","status":"A","lat":"3325.212","lat_dir":"N","lon":"11830.558","lon_dir":"W","spd_over_grnd":"10.00","true_course":"185.292587","datestamp":"150708","mag_variation":"","mag_var_dir":""}
{"timestamp":"080220","status":"A","lat":"3325.207","lat_dir":"N","lon":"11830.559","lon_dir":"W","spd_over_grnd":"10.00","true_course":"186.192108","datestamp":"150708","mag_variation":"","mag_var_dir":""}
{"timestamp":"080221","status":"A","lat":"3325.202","lat_dir":"N","lon":"11830.560","lon_dir":"W","spd_over_grnd":"10.00","true_course":"185.547760","datestamp":"150708","mag_variation":"","mag_var_dir":""}
{"timestamp":"080223","status":"A","lat":"3325.198","lat_dir":"N","lon":"11830.560","lon_dir":"W","spd_over_grnd":"10.00","true_course":"184.481003","datestamp":"150708","mag_variation":"","mag_var_dir":""}
{"timestamp":"080225","status":"A","lat":"3325.193","lat_dir":"N","lon":"11830.561","lon_dir":"W","spd_over_grnd":"10.00","true_course":"184.345383","datestamp":"150708","mag_variation":"","mag_var_dir":""}
{"timestamp":"080226","status":"A","lat":"3325.189","lat_dir":"N","lon":"11830.561","lon_dir":"W","spd_over_grnd":"10.00","true_course":"185.485077","datestamp":"150708","mag_variation":"","mag_var_dir":""}
{"timestamp":"080228","status":"A","lat":"3325.185","lat_dir":"N","lon":"11830.562","lon_dir":"W","spd_over_grnd":"10.00","true_course":"186.280014","datestamp":"150708","mag_variation":"","mag_var_dir":""}
{"timestamp":"080229","status":"A","lat":"3325.180","lat_dir":"N","lon":"11830.562","lon_dir":"W","spd_over_grnd":"10.00","true_course":"185.682678","datestamp":"150708","mag_variation":"","mag_var_dir":""}
{"timestamp":"080231","status":"A","lat":"3325.176","lat_dir":"N","lon":"11830.563","lon_dir":"W","spd_over_grnd":"10.00","true_course":"184.361877","datestamp":"150708","mag_variation":"","mag_var_dir":""}
{"timestamp":"080233","status":"A","lat":"3325.172","lat_dir":"N","lon":"11830.563","lon_dir":"W","spd_over_grnd":"10.00","true_course":"184.217194","datestamp":"150708","mag_variation":"","mag_var_dir":""}
{"timestamp":"080234","status":"A","lat":"3325.167","lat_dir":"N","lon":"11830.564","lon_dir":"W","spd_over_grnd":"10.00","true_course":"185.231888","datestamp":"150708","mag_variation":"","mag_var_dir":""}
{"timestamp":"080236","status":"A","lat":"3325.163","lat_dir":"N","lon":"11830.564","lon_dir":"W","spd_over_grnd":"10.00","true_course":"186.128479","datestamp":"150708","mag_variation":"","mag_var_dir":""}
{"timestamp":"080237","status":"A","lat":"3325.158","lat_dir":"N","lon":"11830.564","lon_dir":"W","spd_over_grnd":"10.00","true_course":"185.699234","datestamp":"150708","mag_variation":"","mag_var_dir":""}
{"timestamp":"080239","status":"A","lat":"3325.154","lat_dir":"N","lon":"11830.565","lon_dir":"W","spd_over_grnd":"10.00","true_course":"184.371735","datestamp":"150708","mag_variation":"","mag_var_dir":""}
{"timestamp":"080240","status":"A","lat":"3325.150","lat_dir":"N","lon":"11830.565","lon_dir":"W","spd_over_grnd":"10.00","true_course":"184.034882","datestamp":"150708","mag_variation":"","mag_var_dir":""}
{"timestamp":"080242","status":"A","lat":"3325.145","lat_dir":"N","lon":"11830.566","lon_dir":"W","spd_over_grnd":"10.00","true_course":"184.872833","datestamp":"150708","mag_variation":"","mag_var_dir":""}
{"timestamp":"080244","status":"A","lat":"3325.141","lat_dir":"N","lon":"11830.566","lon_dir":"W","spd_over_grnd":"10.00","true_course":"185.848450","datestamp":"150708","mag_variation":"","mag_var_dir":""}
{"timestamp":"080245","status":"A","lat":"3325.137","lat_dir":"N","lon":"11830.567","lon_dir":"W","spd_over_grnd":"10.00","true_course":"185.548920","datestamp":"150708","mag_variation":"","mag_var_dir":""}
{"timestamp":"080247","status":"A","lat":"3325.132","lat_dir":"N","lon":"11830.567","lon_dir":"W","spd_over_grnd":"10.00","true_course":"184.317642","datestamp":"150708","mag_variation":"","mag_var_dir":""}
{"timestamp":"080248","status":"A","lat":"3325.128","lat_dir":"N","lon":"11830.568","lon_dir":"W","spd_over_grnd":"10.00","true_course":"183.951569","datestamp":"150708","mag_variation":"","mag_var_dir":""}
{"timestamp":"080250","status":"A","lat":"3325.123","lat_dir":"N","lon":"11830.568","lon_dir":"W","spd_over_grnd":"10.00","true_course":"184.559387","datestamp":"150708","mag_variation":"","mag_var_dir":""}
{"timestamp":"080251","status":"A","lat":"3325.119","lat_dir":"N","lon":"11830.569","lon_dir":"W","spd_over_grnd":"10.00","true_course":"185.494797","datestamp":"150708","mag_variation":"","mag_var_dir":""}
{"timestamp":"080253","status":"A","lat":"3325.115","lat_dir":"N","lon":"11830.569","lon_dir":"W","spd_over_grnd":"10.00","true_course":"185.297211","datestamp":"150708","mag_variation":"","mag_var_dir":""}
{"timestamp":"080255","status":"A","lat":"3325.110","lat_dir":"N","lon":"11830.569","lon_dir":"W","spd_over_grnd":"10.00","true_course":"184.235794","datestamp":"150708","mag_variation":"","mag_var_dir":""}
{"timestamp":"080256","status":"A","lat":"3325.106","lat_dir":"N","lon":"11830.570","lon_dir":"W","spd_over_grnd":"10.00","true_course":"183.760147","datestamp":"150708","mag_variation":"","mag_var_dir":""}
{"timestamp":"080258","status":"A","lat":"3325.101","lat_dir":"N","lon":"11830.570","lon_dir":"W","spd_over_grnd":"10.00","true_course":"184.477631","datestamp":"150708","mag_variation":"","mag_var_dir":""}
{"timestamp":"080259","status":"A","lat":"3325.097","lat_dir":"N","lon":"11830.570","lon_dir":"W","spd_over_grnd":"10.00","true_course":"185.560303","datestamp":"150708","mag_variation":"","mag_var_dir":""}
{"timestamp":"080301","status":"A","lat":"3325.093","lat_dir":"N","lon":"11830.571","lon_dir":"W","spd_over_grnd":"10.00","true_course":"185.430573","datestamp":"150708","mag_variation":"","mag_var_dir":""}
{"timestamp":"080302","status":"A","lat":"3325.088","lat_dir":"N","lon":"11830.571","lon_dir":"W","spd_over_grnd":"10.00","true_course":"184.310242","datestamp":"150708","mag_variation":"","mag_var_dir":""}
{"timestamp":"080304","status":"A","lat":"3325.084","lat_dir":"N","lon":"11830.572","lon_dir":"W","spd_over_grnd":"10.00","true_course":"183.721420","datestamp":"150708","mag_variation":"","mag_var_dir":""}
{"timestamp":"080306","status":"A","lat":"3325.080","lat_dir":"N","lon":"11830.572","lon_dir":"W","spd_over_grnd":"10.00","true_course":"184.411850","datestamp":"150708","mag_variation":"","mag_var_dir":""}
{"timestamp":"080307","status":"A","lat":"3325.075","lat_dir":"N","lon":"11830.573","lon_dir":"W","spd_over_grnd":"10.00","true_course":"185.512512","datestamp":"150708","mag_variation":"","mag_var_dir":""}
{"timestamp":"080309","status":"A","lat":"3325.071","lat_dir":"N","lon":"11830.573","lon_dir":"W","spd_over_grnd":"10.00","true_course":"185.563110","datestamp":"150708","mag_variation":"","mag_var_dir":""}
{"timestamp":"080310","status":"A","lat":"3325.067","lat_dir":"N","lon":"11830.574","lon_dir":"W","spd_over_grnd":"10.00","true_course":"184.511810","datestamp":"150708","mag_variation":"","mag_var_dir":""}
{"timestamp":"080312","status":"A","lat":"3325.062","lat_dir":"N","lon":"11830.574","lon_dir":"W","spd_over_grnd":"10.00","true_course":"183.884369","datestamp":"150708","mag_variation":"","mag_var_dir":""}
{"timestamp":"080313","status":"A","lat":"3325.058","lat_dir":"N","lon":"11830.574","lon_dir":"W","spd_over_grnd":"10.00","true_course":"184.470108","datestamp":"150708","mag_variation":"","mag_var_dir":""}
{"timestamp":"080315","status":"A","lat":"3325.053","lat_dir":"N","lon":"11830.575","lon_dir":"W","spd_over_grnd":"10.00","true_course":"185.651688","datestamp":"150708","mag_variation":"","mag_var_dir":""}
{"timestamp":"080317","status":"A","lat":"3325.049","lat_dir":"N","lon":"11830.575","lon_dir":"W","spd_over_grnd":"10.00","true_course":"185.837006","datestamp":"150708","mag_variation":"","mag_var_dir":""}
{"timestamp":"080318","status":"A","lat":"3325.045","lat_dir":"N","lon":"11830.576","lon_dir":"W","spd_over_grnd":"10.00","true_course":"184.814987","datestamp":"150708","mag_variation":"","mag_var_dir":""}
{"timestamp":"080320","status":"A","lat":"3325.040","lat_dir":"N","lon":"11830.576","lon_dir":"W","spd_over_grnd":"10.00","true_course":"183.938065","datestamp":"150708","mag_variation":"","mag_var_dir":""}
{"timestamp":"080321","status":"A","lat":"3325.036","lat_dir":"N","lon":"11830.577","lon_dir":"W","spd_over_grnd":"10.00","true_course":"184.428528","datestamp":"150708","mag_variation":"","mag_var_dir":""}
{"timestamp":"080323","status":"A","lat":"3325.032","lat_dir":"N","lon":"11830.577","lon_dir":"W","spd_over_grnd":"10.00","true_course":"185.571976","datestamp":"150708","mag_variation":"","mag_var_dir":""}
{"timestamp":"080324","status":"A","lat":"3325.027","lat_dir":"N","lon":"11830.578","lon_dir":"W","spd_over_grnd":"10.00","true_course":"185.851776","datestamp":"150708","mag_variation":"","mag_var_dir":""}
{"timestamp":"080326","status":"A","lat":"3325.023","lat_dir":"N","lon":"11830.578","lon_dir":"W","spd_over_grnd":"10.00","true_course":"184.800903","datestamp":"150708","mag_variation":"","mag_var_dir":""}
{"timestamp":"080328","status":"A","lat":"3325.018","lat_dir":"N","lon":"11830.579","lon_dir":"W","spd_over_grnd":"10.00","true_course":"183.953156","datestamp":"150708","mag_variation":"","mag_var_dir":""}
{"timestamp":"080329","status":"A","lat":"3325.014","lat_dir":"N","lon":"11830.579","lon_dir":"W","spd_over_grnd":"10.00","true_course":"184.311249","datestamp":"150708","mag_variation":"","mag_var_dir":""}
{"timestamp":"080331","status":"A","lat":"3325.010","lat_dir":"N","lon":"11830.580","lon_dir":"W","spd_over_grnd":"10.00","true_course":"185.442581","datestamp":"150708","mag_variation":"","mag_var_dir":""}
{"timestamp":"080332","status":"A","lat":"3325.005","lat_dir":"N","lon":"11830.580","lon_dir":"W","spd_over_grnd":"10.00","true_course":"185.851898","datestamp":"150708","mag_variation":"","mag_var_dir":""}
{"timestamp":"080334","status":"A","lat":"3325.001","lat_dir":"N","lon":"11830.580","lon_dir":"W","spd_over_grnd":"10.00","true_course":"184.939529","datestamp":"150708","mag_variation":"","mag_var_dir":""}
{"timestamp":"080336","status":"A","lat":"3324.996","lat_dir":"N","lon":"11830.581","lon_dir":"W","spd_over_grnd":"10.00","true_course":"183.898132","datestamp":"150708","mag_variation":"","mag_var_dir":""}
{"timestamp":"080337","status":"A","lat":"3324.992","lat_dir":"N","lon":"11830.581","lon_dir":"W","spd_over_grnd":"10.00","true_course":"184.123901","datestamp":"150708","mag_variation":"","mag_var_dir":""}
{"timestamp":"080339","status":"A","lat":"3324.987","lat_dir":"N","lon":"11830.582","lon_dir":"W","spd_over_grnd":"10.00","true_course":"185.180847","datestamp":"150708","mag_variation":"","mag_var_dir":""}
{"timestamp":"080340","status":"A","lat":"3324.983","lat_dir":"N","lon":"11830.582","lon_dir":"W","spd_over_grnd":"10.00","true_course":"185.646500","datestamp":"150708","mag_variation":"","mag_var_dir":""}
{"timestamp":"080342","status":"A","lat":"3324.979","lat_dir":"N","lon":"11830.583","lon_dir":"W","spd_over_grnd":"10.00","true_course":"184.757950","datestamp":"150708","mag_variation":"","mag_var_dir":""}
{"timestamp":"080343","status":"A","lat":"3324.974","lat_dir":"N","lon":"11830.583","lon_dir":"W","spd_over_grnd":"10.00","true_course":"183.805176","datestamp":"150708","mag_variation":"","mag_var_dir":""}
{"timestamp":"080345","status":"A","lat":"3324.970","lat_dir":"N","lon":"11830.583","lon_dir":"W","spd_over_grnd":"10.00","true_course":"184.008011","datestamp":"150708","mag_variation":"","mag_var_dir":""}
{"timestamp":"080347","status":"A","lat":"3324.966","lat_dir":"N","lon":"11830.584","lon_dir":"W","spd_over_grnd":"10.00","true_course":"185.312012","datestamp":"150708","mag_variation":"","mag_var_dir":""}
{"timestamp":"080348","status":"A","lat":"3324.961","lat_dir":"N","lon":"11830.584","lon_dir":"W","spd_over_grnd":"10.00","true_course":"185.751602","datestamp":"150708","mag_variation":"","mag_var_dir":""}
{"timestamp":"080350","status":"A","lat":"3324.956","lat_dir":"N","lon":"11830.585","lon_dir":"W","spd_over_grnd":"10.00","true_course":"184.910767","datestamp":"150708","mag_variation":"","mag_var_dir":""}
{"timestamp":"080351","status":"A","lat":"3324.952","lat_dir":"N","lon":"11830.585","lon_dir":"W","spd_over_grnd":"10.00","true_course":"184.011719","datestamp":"150708","mag_variation":"","mag_var_dir":""}
{"timestamp":"080353","status":"A","lat":"3324.947","lat_dir":"N","lon":"11830.585","lon_dir":"W","spd_over_grnd":"10.00","true_course":"184.244354","datestamp":"150708","mag_variation":"","mag_var_dir":""}
{"timestamp":"080355","status":"A","lat":"3324.943","lat_dir":"N","lon":"11830.586","lon_dir":"W","spd_over_grnd":"10.00","true_course":"185.359283","datestamp":"150708","mag_variation":"","mag_var_dir":""}
{"timestamp":"080356","status":"A","lat":"3324.939","lat_dir":"N","lon":"11830.586","lon_dir":"W","spd_over_grnd":"10.00","true_course":"185.714127","datestamp":"150708","mag_variation":"","mag_var_dir":""}
{"timestamp":"080358","status":"A","lat":"3324.934","lat_dir":"N","lon":"11830.587","lon_dir":"W","spd_over_grnd":"10.00","true_course":"184.732620","datestamp":"150708","mag_variation":"","mag_var_dir":""}
{"timestamp":"080359","status":"A","lat":"3324.930","lat_dir":"N","lon":"11830.587","lon_dir":"W","spd_over_grnd":"10.00","true_course":"183.730743","datestamp":"150708","mag_variation":"","mag_var_dir":""}
{"timestamp":"080401","status":"A","lat":"3324.925","lat_dir":"N","lon":"11830.588","lon_dir":"W","spd_over_grnd":"10.00","true_course":"183.936646","datestamp":"150708","mag_variation":"","mag_var_dir":""}
{"timestamp":"080403","status":"A","lat":"3324.921","lat_dir":"N","lon":"11830.588","lon_dir":"W","spd_over_grnd":"10.00","true_course":"185.258484","datestamp":"150708","mag_variation":"","mag_var_dir":""}
{"timestamp":"080404","status":"A","lat":"3324.916","lat_dir":"N","lon":"11830.589","lon_dir":"W","spd_over_grnd":"10.00","true_course":"185.686646","datestamp":"150708","mag_variation":"","mag_var_dir":""}
{"timestamp":"080406","status":"A","lat":"3324.912","lat_dir":"N","lon":"11830.589","lon_dir":"W","spd_over_grnd":"10.00","true_course":"184.941711","datestamp":"150708","mag_variation":"","mag_var_dir":""}
{"timestamp":"080407","status":"A","lat":"3324.907","lat_dir":"N","lon":"11830.590","lon_dir":"W","spd_over_grnd":"10.00","true_course":"184.114655","datestamp":"150708","mag_variation":"","mag_var_dir":""}
{"timestamp":"080409","status":"A","lat":"3324.903","lat_dir":"N","lon":"11830.590","lon_dir":"W","spd_over_grnd":"10.00","true_course":"184.364594","datestamp":"150708","mag_variation":"","mag_var_dir":""}
{"timestamp":"080411","status":"A","lat":"3324.899","lat_dir":"N","lon":"11830.591","lon_dir":"W","spd_over_grnd":"10.00","true_course":"185.441071","datestamp":"150708","mag_variation":"","mag_var_dir":""}
{"timestamp":"080412","status":"A","lat":"3324.894","lat_dir":"N","lon":"11830.591","lon_dir":"W","spd_over_grnd":"10.00","true_course":"185.860901","datestamp":"150708","mag_variation":"","mag_var_dir":""}
{"timestamp":"080414","status":"A","lat":"3324.890","lat_dir":"N","lon":"11830.591","lon_dir":"W","spd_over_grnd":"10.00","true_course":"185.049774","datestamp":"150708","mag_variation":"","mag_var_dir":""}
{"timestamp":"080415","status":"A","lat":"3324.885","lat_dir":"N","lon":"11830.592","lon_dir":"W","spd_over_grnd":"10.00","true_course":"184.051941","datestamp":"150708","mag_variation":"","mag_var_dir":""}
{"timestamp":"080417","status":"A","lat":"3324.881","lat_dir":"N","lon":"11830.592","lon_dir":"W","spd_over_grnd":"10.00","true_course":"184.242844","datestamp":"150708","mag_variation":"","mag_var_dir":""}
{"timestamp":"080419","status":"A","lat":"3324.876","lat_dir":"N","lon":"11830.593","lon_dir":"W","spd_over_grnd":"10.00","true_course":"185.377884","datestamp":"150708","mag_variation":"","mag_var_dir":""}
{"timestamp":"080420","status":"A","lat":"3324.872","lat_dir":"N","lon":"11830.593","lon_dir":"W","spd_over_grnd":"10.00","true_course":"185.886597","datestamp":"150708","mag_variation":"","mag_var_dir":""}
{"timestamp":"080422","status":"A","lat":"3324.868","lat_dir":"N","lon":"11830.594","lon_dir":"W","spd_over_grnd":"10.00","true_course":"185.223999","datestamp":"150708","mag_variation":"","mag_var_dir":""}
{"timestamp":"080423","status":"A","lat":"3324.863","lat_dir":"N","lon":"11830.594","lon_dir":"W","spd_over_grnd":"10.00","true_course":"184.138077","datestamp":"150708","mag_variation":"","mag_var_dir":""}
{"timestamp":"080425","status":"A","lat":"3324.859","lat_dir":"N","lon":"11830.595","lon_dir":"W","spd_over_grnd":"10.00","true_course":"184.207764","datestamp":"150708","mag_variation":"","mag_var_dir":""}
{"timestamp":"080426","status":"A","lat":"3324.855","lat_dir":"N","lon":"11830.595","lon_dir":"W","spd_over_grnd":"10.00","true_course":"185.168228","datestamp":"150708","mag_variation":"","mag_var_dir":""}
{"timestamp":"080428","status":"A","lat":"3324.850","lat_dir":"N","lon":"11830.596","lon_dir":"W","spd_over_grnd":"10.00","true_course":"185.796188","datestamp":"150708","mag_variation":"","mag_var_dir":""}
{"timestamp":"080430","status":"A","lat":"3324.846","lat_dir":"N","lon":"11830.596","lon_dir":"W","spd_over_grnd":"10.00","true_course":"185.215363","datestamp":"150708","mag_variation":"","mag_var_dir":""}
{"timestamp":"080431","status":"A","lat":"3324.841","lat_dir":"N","lon":"11830.596","lon_dir":"W","spd_over_grnd":"10.00","true_course":"184.215515","datestamp":"150708","mag_variation":"","mag_var_dir":""}
{"timestamp":"080433","status":"A","lat":"3324.837","lat_dir":"N","lon":"11830.597","lon_dir":"W","spd_over_grnd":"10.00","true_course":"184.215530","datestamp":"150708","mag_variation":"","mag_var_dir":""}
{"timestamp":"080434","status":"A","lat":"3324.832","lat_dir":"N","lon":"11830.597","lon_dir":"W","spd_over_grnd":"10.00","true_course":"185.302673","datestamp":"150708","mag_variation":"","mag_var_dir":""}
{"timestamp":"080436","status":"A","lat":"3324.828","lat_dir":"N","lon":"11830.598","lon_dir":"W","spd_over_grnd":"10.00","true_course":"186.006561","datestamp":"150708","mag_variation":"","mag_var_dir":""}
{"timestamp":"080437","status":"A","lat":"3324.824","lat_dir":"N","lon":"11830.598","lon_dir":"W","spd_over_grnd":"10.00","true_course":"185.481018","datestamp":"150708","mag_variation":"","mag_var_dir":""}
{"timestamp":"080439","status":"A","lat":"3324.819","lat_dir":"N","lon":"11830.599","lon_dir":"W","spd_over_grnd":"10.00","true_course":"184.522385","datestamp":"150708","mag_variation":"","mag_var_dir":""}
{"timestamp":"080441","status":"A","lat":"3324.815","lat_dir":"N","lon":"11830.599","lon_dir":"W","spd_over_grnd":"10.00","true_course":"184.373123","datestamp":"150708","mag_variation":"","mag_var_dir":""}
{"timestamp":"080442","status":"A","lat":"3324.811","lat_dir":"N","lon":"11830.600","lon_dir":"W","spd_over_grnd":"10.00","true_course":"185.312164","datestamp":"150708","mag_variation":"","mag_var_dir":""}
{"timestamp":"080444","status":"A","lat":"3324.806","lat_dir":"N","lon":"11830.600","lon_dir":"W","spd_over_grnd":"10.00","true_course":"186.080933","datestamp":"150708","mag_variation":"","mag_var_dir":""}
{"timestamp":"080445","status":"A","lat":"3324.802","lat_dir":"N","lon":"11830.601","lon_dir":"W","spd_over_grnd":"10.00","true_course":"185.583221","datestamp":"150708","mag_variation":"","mag_var_dir":""}
{"timestamp":"080447","status":"A","lat":"3324.797","lat_dir":"N","lon":"11830.601","lon_dir":"W","spd_over_grnd":"10.00","true_course":"184.480148","datestamp":"150708","mag_variation":"","mag_var_dir":""}
{"timestamp":"080449","status":"A","lat":"3324.793","lat_dir":"N","lon":"11830.602","lon_dir":"W","spd_over_grnd":"10.00","true_course":"184.203323","datestamp":"150708","mag_variation":"","mag_var_dir":""}
{"timestamp":"080450","status":"A","lat":"3324.788","lat_dir":"N","lon":"11830.602","lon_dir":"W","spd_over_grnd":"10.00","true_course":"185.280594","datestamp":"150708","mag_variation":"","mag_var_dir":""}
{"timestamp":"080452","status":"A","lat":"3324.784","lat_dir":"N","lon":"11830.602","lon_dir":"W","spd_over_grnd":"10.00","true_course":"186.237854","datestamp":"150708","mag_variation":"","mag_var_dir":""}
{"timestamp":"080453","status":"A","lat":"3324.779","lat_dir":"N","lon":"11830.603","lon_dir":"W","spd_over_grnd":"10.00","true_course":"185.667908","datestamp":"150708","mag_variation":"","mag_var_dir":""}
{"timestamp":"080455","status":"A","lat":"3324.775","lat_dir":"N","lon":"11830.604","lon_dir":"W","spd_over_grnd":"10.00","true_course":"184.411499","datestamp":"150708","mag_variation":"","mag_var_dir":""}
{"timestamp":"080457","status":"A","lat":"3324.771","lat_dir":"N","lon":"11830.604","lon_dir":"W","spd_over_grnd":"10.00","true_course":"184.216751","datestamp":"150708","mag_variation":"","mag_var_dir":""}
{"timestamp":"080458","status":"A","lat":"3324.766","lat_dir":"N","lon":"11830.604","lon_dir":"W","spd_over_grnd":"10.00","true_course":"185.317200","datestamp":"150708","mag_variation":"","mag_var_dir":""}
{"timestamp":"080500","status":"A","lat":"3324.762","lat_dir":"N","lon":"11830.605","lon_dir":"W","spd_over_grnd":"10.00","true_course":"186.120453","datestamp":"150708","mag_variation":"","mag_var_dir":""}
{"timestamp":"080501","status":"A","lat":"3324.757","lat_dir":"N","lon":"11830.606","lon_dir":"W","spd_over_grnd":"10.00","true_course":"185.768250","datestamp":"150708","mag_variation":"","mag_var_dir":""}
{"timestamp":"080503","status":"A","lat":"3324.753","lat_dir":"N","lon":"11830.606","lon_dir":"W","spd_over_grnd":"10.00","true_course":"184.691147","datestamp":"150708","mag_variation":"","mag_var_dir":""}
{"timestamp":"080504","status":"A","lat":"3324.748","lat_dir":"N","lon":"11830.607","lon_dir":"W","spd_over_grnd":"10.00","true_course":"184.387146","datestamp":"150708","mag_variation":"","mag_var_dir":""}
{"timestamp":"080506","status":"A","lat":"3324.744","lat_dir":"N","lon":"11830.607","lon_dir":"W","spd_over_grnd":"10.00","true_course":"185.362213","datestamp":"150708","mag_variation":"","mag_var_dir":""}
{"timestamp":"080508","status":"A","lat":"3324.739","lat_dir":"N","lon":"11830.607","lon_dir":"W","spd_over_grnd":"10.00","true_course":"186.203262","datestamp":"150708","mag_variation":"","mag_var_dir":""}
{"timestamp":"080509","status":"A","lat":"3324.735","lat_dir":"N","lon":"11830.608","lon_dir":"W","spd_over_grnd":"10.00","true_course":"185.841248","datestamp":"150708","mag_variation":"","mag_var_dir":""}
{"timestamp":"080511","status":"A","lat":"3324.731","lat_dir":"N","lon":"11830.608","lon_dir":"W","spd_over_grnd":"10.00","true_course":"184.734451","datestamp":"150708","mag_variation":"","mag_var_dir":""}
{"timestamp":"080512","status":"A","lat":"3324.726","lat_dir":"N","lon":"11830.609","lon_dir":"W","spd_over_grnd":"10.00","true_course":"184.413727","datestamp":"150708","mag_variation":"","mag_var_dir":""}
{"timestamp":"080514","status":"A","lat":"3324.722","lat_dir":"N","lon":"11830.609","lon_dir":"W","spd_over_grnd":"10.00","true_course":"185.232819","datestamp":"150708","mag_variation":"","mag_var_dir":""}
{"timestamp":"080516","status":"A","lat":"3324.717","lat_dir":"N","lon":"11830.610","lon_dir":"W","spd_over_grnd":"10.00","true_course":"186.061829","datestamp":"150708","mag_variation":"","mag_var_dir":""}
{"timestamp":"080517","status":"A","lat":"3324.713","lat_dir":"N","lon":"11830.610","lon_dir":"W","spd_over_grnd":"10.00","true_course":"185.729767","datestamp":"150708","mag_variation":"","mag_var_dir":""}
{"timestamp":"080519","status":"A","lat":"3324.709","lat_dir":"N","lon":"11830.611","lon_dir":"W","spd_over_grnd":"10.00","true_course":"184.609283","datestamp":"150708","mag_variation":"","mag_var_dir":""}
{"timestamp":"080520","status":"A","lat":"3324.704","lat_dir":"N","lon":"11830.611","lon_dir":"W","spd_over_grnd":"10.00","true_course":"184.134766","datestamp":"150708","mag_variation":"","mag_var_dir":""}
{"timestamp":"080522","status":"A","lat":"3324.700","lat_dir":"N","lon":"11830.612","lon_dir":"W","spd_over_grnd":"10.00","true_course":"184.781021","datestamp":"150708","mag_variation":"","mag_var_dir":""}
{"timestamp":"080523","status":"A","lat":"3324.696","lat_dir":"N","lon":"11830.612","lon_dir":"W","spd_over_grnd":"10.00","true_course":"185.667648","datestamp":"150708","mag_variation":"","mag_var_dir":""}
{"timestamp":"080525","status":"A","lat":"3324.691","lat_dir":"N","lon":"11830.612","lon_dir":"W","spd_over_grnd":"10.00","true_course":"185.482468","datestamp":"150708","mag_variation":"","mag_var_dir":""}
{"timestamp":"080527","status":"A","lat":"3324.687","lat_dir":"N","lon":"11830.613","lon_dir":"W","spd_over_grnd":"10.00","true_course":"184.514023","datestamp":"150708","mag_variation":"","mag_var_dir":""}
{"timestamp":"080528","status":"A","lat":"3324.682","lat_dir":"N","lon":"11830.613","lon_dir":"W","spd_over_grnd":"10.00","true_course":"183.964569","datestamp":"150708","mag_variation":"","mag_var_dir":""}
{"timestamp":"080530","status":"A","lat":"3324.678","lat_dir":"N","lon":"11830.614","lon_dir":"W","spd_over_grnd":"10.00","true_course":"184.812225","datestamp":"150708","mag_variation":"","mag_var_dir":""}
{"timestamp":"080531","status":"A","lat":"3324.673","lat_dir":"N","lon":"11830.614","lon_dir":"W","spd_over_grnd":"10.00","true_course":"185.830124","datestamp":"150708","mag_variation":"","mag_var_dir":""}
{"timestamp":"080533","status":"A","lat":"3324.669","lat_dir":"N","lon":"11830.615","lon_dir":"W","spd_over_grnd":"10.00","true_course":"185.768265","datestamp":"150708","mag_variation":"","mag_var_dir":""}
{"timestamp":"080534","status":"A","lat":"3324.665","lat_dir":"N","lon":"11830.615","lon_dir":"W","spd_over_grnd":"10.00","true_course":"184.786896","datestamp":"150708","mag_variation":"","mag_var_dir":""}
{"timestamp":"080536","status":"A","lat":"3324.660","lat_dir":"N","lon":"11830.616","lon_dir":"W","spd_over_grnd":"10.00","true_course":"184.122528","datestamp":"150708","mag_variation":"","mag_var_dir":""}
{"timestamp":"080538","status":"A","lat":"3324.656","lat_dir":"N","lon":"11830.616","lon_dir":"W","spd_over_grnd":"10.00","true_course":"184.716080","datestamp":"150708","mag_variation":"","mag_var_dir":""}
{"timestamp":"080539","status":"A","lat":"3324.652","lat_dir":"N","lon":"11830.617","lon_dir":"W","spd_over_grnd":"10.00","true_course":"185.663208","datestamp":"150708","mag_variation":"","mag_var_dir":""}
{"timestamp":"080541","status":"A","lat":"3324.647","lat_dir":"N","lon":"11830.617","lon_dir":"W","spd_over_grnd":"10.00","true_course":"185.772430","datestamp":"150708","mag_variation":"","mag_var_dir":""}
{"timestamp":"080542","status":"A","lat":"3324.643","lat_dir":"N","lon":"11830.618","lon_dir":"W","spd_over_grnd":"10.00","true_course":"184.726089","datestamp":"150708","mag_variation":"","mag_var_dir":""}
{"timestamp":"080544","status":"A","lat":"3324.638","lat_dir":"N","lon":"11830.618","lon_dir":"W","spd_over_grnd":"10.00","true_course":"183.907761","datestamp":"150708","mag_variation":"","mag_var_dir":""}
{"timestamp":"080545","status":"A","lat":"3324.634","lat_dir":"N","lon":"11830.618","lon_dir":"W","spd_over_grnd":"10.00","true_course":"184.460403","datestamp":"150708","mag_variation":"","mag_var_dir":""}
{"timestamp":"080547","status":"A","lat":"3324.630","lat_dir":"N","lon":"11830.619","lon_dir":"W","spd_over_grnd":"10.00","true_course":"185.426605","datestamp":"150708","mag_variation":"","mag_var_dir":""}
{"timestamp":"080549","status":"A","lat":"3324.625","lat_dir":"N","lon":"11830.619","lon_dir":"W","spd_over_grnd":"10.00","true_course":"185.567215","datestamp":"150708","mag_variation":"","mag_var_dir":""}
{"timestamp":"080550","status":"A","lat":"3324.621","lat_dir":"N","lon":"11830.620","lon_dir":"W","spd_over_grnd":"10.00","true_course":"184.433594","datestamp":"150708","mag_variation":"","mag_var_dir":""}
{"timestamp":"080552","status":"A","lat":"3324.617","lat_dir":"N","lon":"11830.620","lon_dir":"W","spd_over_grnd":"10.00","true_course":"183.642029","datestamp":"150708","mag_variation":"","mag_var_dir":""}
{"timestamp":"080553","status":"A","lat":"3324.612","lat_dir":"N","lon":"11830.621","lon_dir":"W","spd_over_grnd":"10.00","true_course":"184.116837","datestamp":"150708","mag_variation":"","mag_var_dir":""}
{"timestamp":"080555","status":"A","lat":"3324.608","lat_dir":"N","lon":"11830.621","lon_dir":"W","spd_over_grnd":"10.00","true_course":"185.258392","datestamp":"150708","mag_variation":"","mag_var_dir":""}
{"timestamp":"080556","status":"A","lat":"3324.603","lat_dir":"N","lon":"11830.622","lon_dir":"W","spd_over_grnd":"10.00","true_course":"185.563309","datestamp":"150708","mag_variation":"","mag_var_dir":""}
{"timestamp":"080558","status":"A","lat":"3324.599","lat_dir":"N","lon":"11830.622","lon_dir":"W","spd_over_grnd":"10.00","true_course":"184.456619","datestamp":"150708","mag_variation":"","mag_var_dir":""}
{"timestamp":"080600","status":"A","lat":"3324.594","lat_dir":"N","lon":"11830.623","lon_dir":"W","spd_over_grnd":"10.00","true_course":"183.620987","datestamp":"150708","mag_variation":"","mag_var_dir":""}
{"timestamp":"080601","status":"A","lat":"3324.590","lat_dir":"N","lon":"11830.623","lon_dir":"W","spd_over_grnd":"10.00","true_course":"183.935593","datestamp":"150708","mag_variation":"","mag_var_dir":""}
{"timestamp":"080603","status":"A","lat":"3324.586","lat_dir":"N","lon":"11830.623","lon_dir":"W","spd_over_grnd":"10.00","true_course":"185.044678","datestamp":"150708","mag_variation":"","mag_var_dir":""}
{"timestamp":"080604","status":"A","lat":"3324.581","lat_dir":"N","lon":"11830.623","lon_dir":"W","spd_over_grnd":"10.00","true_course":"185.437744","datestamp":"150708","mag_variation":"","mag_var_dir":""}
{"timestamp":"080606","status":"A","lat":"3324.577","lat_dir":"N","lon":"11830.624","lon_dir":"W","spd_over_grnd":"10.00","true_course":"184.569870","datestamp":"150708","mag_variation":"","mag_var_dir":""}
{"timestamp":"080607","status":"A","lat":"3324.573","lat_dir":"N","lon":"11830.624","lon_dir":"W","spd_over_grnd":"10.00","true_course":"183.602158","datestamp":"150708","mag_variation":"","mag_var_dir":""}
{"timestamp":"080609","status":"A","lat":"3324.568","lat_dir":"N","lon":"11830.625","lon_dir":"W","spd_over_grnd":"10.00","true_course":"183.863220","datestamp":"150708","mag_variation":"","mag_var_dir":""}
{"timestamp":"080611","status":"A","lat":"3324.564","lat_dir":"N","lon":"11830.625","lon_dir":"W","spd_over_grnd":"10.00","true_course":"184.763611","datestamp":"150708","mag_variation":"","mag_var_dir":""}
