{"timestamp":"101307","status":"A","lat":"5000.317","lat_dir":"N","lon":"00953.954","lon_dir":"W","spd_over_grnd":"9.25","true_course":"319.101624","datestamp":"010115","mag_variation":"","mag_var_dir":""}
{"timestamp":"101308","status":"A","lat":"5000.320","lat_dir":"N","lon":"00953.958","lon_dir":"W","spd_over_grnd":"9.25","true_course":"319.539551","datestamp":"010115","mag_variation":"","mag_var_dir":""}
{"timestamp":"101310","status":"A","lat":"5000.323","lat_dir":"N","lon":"00953.962","lon_dir":"W","spd_over_grnd":"9.25","true_course":"318.776184","datestamp":"010115","mag_variation":"","mag_var_dir":""}
{"timestamp":"101311","status":"A","lat":"5000.326","lat_dir":"N","lon":"00953.966","lon_dir":"W","spd_over_grnd":"9.25","true_course":"317.772461","datestamp":"010115","mag_variation":"","mag_var_dir":""}
{"timestamp":"101313","status":"A","lat":"5000.329","lat_dir":"N","lon":"00953.970","lon_dir":"W","spd_over_grnd":"9.25","true_course":"317.861359","datestamp":"010115","mag_variation":"","mag_var_dir":""}
{"timestamp":"101314","status":"A","lat":"5000.332","lat_dir":"N","lon":"00953.974","lon_dir":"W","spd_over_grnd":"9.25","true_course":"319.004028","datestamp":"010115","mag_variation":"","mag_var_dir":""}
{"timestamp":"101316","status":"A","lat":"5000.335","lat_dir":"N","lon":"00953.978","lon_dir":"W","spd_over_grnd":"9.25","true_course":"319.939117","datestamp":"010115","mag_variation":"","mag_var_dir":""}
{"timestamp":"101317","status":"A","lat":"5000.338","lat_dir":"N","lon":"00953.982","lon_dir":"W","spd_over_grnd":"9.25","true_course":"319.685791","datestamp":"010115","mag_variation":"","mag_var_dir":""}
{"timestamp":"101319","status":"A","lat":"5000.341","lat_dir":"N","lon":"00953.986","lon_dir":"W","spd_over_grnd":"9.25","true_course":"318.924316","datestamp":"010115","mag_variation":"","mag_var_dir":""}
{"timestamp":"101320","status":"A","lat":"5000.344","lat_dir":"N","lon":"00953.990","lon_dir":"W","spd_over_grnd":"9.25","true_course":"318.881012","datestamp":"010115","mag_variation":"","mag_var_dir":""}
{"timestamp":"101322","status":"A","lat":"5000.347","lat_dir":"N","lon":"00953.995","lon_dir":"W","spd_over_grnd":"9.25","true_course":"320.137695","datestamp":"010115","mag_variation":"","mag_var_dir":""}
{"timestamp":"101324","status":"A","lat":"5000.350","lat_dir":"N","lon":"00953.999","lon_dir":"W","spd_over_grnd":"9.25","true_course":"321.408112","datestamp":"010115","mag_variation":"","mag_var_dir":""}
{"timestamp":"101325","status":"A","lat":"5000.353","lat_dir":"N","lon":"00954.002","lon_dir":"W","spd_over_grnd":"9.25","true_course":"321.479126","datestamp":"010115","mag_variation":"","mag_var_dir":""}
{"timestamp":"101327","status":"A","lat":"5000.356","lat_dir":"N","lon":"00954.006","lon_dir":"W","spd_over_grnd":"9.25","true_course":"320.840576","datestamp":"010115","mag_variation":"","mag_var_dir":""}
{"timestamp":"101328","status":"A","lat":"5000.359","lat_dir":"N","lon":"00954.010","lon_dir":"W","spd_over_grnd":"9.25","true_course":"320.784393","datestamp":"010115","mag_variation":"","mag_var_dir":""}
{"timestamp":"101330","status":"A","lat":"5000.362","lat_dir":"N","lon":"00954.014","lon_dir":"W","spd_over_grnd":"9.25","true_course":"321.899384","datestamp":"010115","mag_variation":"","mag_var_dir":""}
{"timestamp":"101331","status":"A","lat":"5000.366","lat_dir":"N","lon":"00954.018","lon_dir":"W","spd_over_grnd":"9.25","true_course":"323.263489","datestamp":"010115","mag_variation":"","mag_var_dir":""}
{"timestamp":"101333","status":"A","lat":"5000.369","lat_dir":"N","lon":"00954.021","lon_dir":"W","spd_over_grnd":"9.25","true_course":"323.705597","datestamp":"010115","mag_variation":"","mag_var_dir":""}
{"timestamp":"101334","status":"A","lat":"5000.372","lat_dir":"N","lon":"00954.025","lon_dir":"W","spd_over_grnd":"9.25","true_course":"323.171783","datestamp":"010115","mag_variation":"","mag_var_dir":""}
{"timestamp":"101336","status":"A","lat":"5000.375","lat_dir":"N","lon":"00954.029","lon_dir":"W","spd_over_grnd":"9.25","true_course":"322.808807","datestamp":"010115","mag_variation":"","mag_var_dir":""}
{"timestamp":"101337","status":"A","lat":"5000.378","lat_dir":"N","lon":"00954.033","lon_dir":"W","spd_over_grnd":"9.25","true_course":"323.615265","datestamp":"010115","mag_variation":"","mag_var_dir":""}
{"timestamp":"101339","status":"A","lat":"5000.382","lat_dir":"N","lon":"00954.036","lon_dir":"W","spd_over_grnd":"9.25","true_course":"325.128296","datestamp":"010115","mag_variation":"","mag_var_dir":""}
{"timestamp":"101340","status":"A","lat":"5000.385","lat_dir":"N","lon":"00954.040","lon_dir":"W","spd_over_grnd":"9.25","true_course":"325.880646","datestamp":"010115","mag_variation":"","mag_var_dir":""}
{"timestamp":"101342","status":"A","lat":"5000.388","lat_dir":"N","lon":"00954.043","lon_dir":"W","spd_over_grnd":"9.25","true_course":"325.480469","datestamp":"010115","mag_variation":"","mag_var_dir":""}
{"timestamp":"101343","status":"A","lat":"5000.391","lat_dir":"N","lon":"00954.047","lon_dir":"W","spd_over_grnd":"9.25","true_course":"324.941742","datestamp":"010115","mag_variation":"","mag_var_dir":""}
{"timestamp":"101345","status":"A","lat":"5000.395","lat_dir":"N","lon":"00954.050","lon_dir":"W","spd_over_grnd":"9.25","true_course":"325.527588","datestamp":"010115","mag_variation":"","mag_var_dir":""}
{"timestamp":"101346","status":"A","lat":"5000.398","lat_dir":"N","lon":"00954.054","lon_dir":"W","spd_over_grnd":"9.25","true_course":"326.980103","datestamp":"010115","mag_variation":"","mag_var_dir":""}
{"timestamp":"101348","status":"A","lat":"5000.401","lat_dir":"N","lon":"00954.057","lon_dir":"W","spd_over_grnd":"9.25","true_course":"328.113586","datestamp":"010115","mag_variation":"","mag_var_dir":""}
{"timestamp":"101349","status":"A","lat":"5000.404","lat_dir":"N","lon":"00954.060","lon_dir":"W","spd_over_grnd":"9.25","true_course":"328.028290","datestamp":"010115","mag_variation":"","mag_var_dir":""}
{"timestamp":"101351","status":"A","lat":"5000.408","lat_dir":"N","lon":"00954.063","lon_dir":"W","spd_over_grnd":"9.25","true_course":"327.369781","datestamp":"010115","mag_variation":"","mag_var_dir":""}
{"timestamp":"101352","status":"A","lat":"5000.411","lat_dir":"N","lon":"00954.067","lon_dir":"W","spd_over_grnd":"9.25","true_course":"327.448334","datestamp":"010115","mag_variation":"","mag_var_dir":""}
{"timestamp":"101354","status":"A","lat":"5000.415","lat_dir":"N","lon":"00954.070","lon_dir":"W","spd_over_grnd":"9.25","true_course":"328.782806","datestamp":"010115","mag_variation":"","mag_var_dir":""}
{"timestamp":"101355","status":"A","lat":"5000.418","lat_dir":"N","lon":"00954.073","lon_dir":"W","spd_over_grnd":"9.25","true_course":"330.093536","datestamp":"010115","mag_variation":"","mag_var_dir":""}
{"timestamp":"101357","status":"A","lat":"5000.421","lat_dir":"N","lon":"00954.076","lon_dir":"W","spd_over_grnd":"9.25","true_course":"330.348846","datestamp":"010115","mag_variation":"","mag_var_dir":""}
{"timestamp":"101358","status":"A","lat":"5000.425","lat_dir":"N","lon":"00954.079","lon_dir":"W","spd_over_grnd":"9.25","true_course":"329.778320","datestamp":"010115","mag_variation":"","mag_var_dir":""}
{"timestamp":"101400","status":"A","lat":"5000.428","lat_dir":"N","lon":"00954.082","lon_dir":"W","spd_over_grnd":"9.25","true_course":"329.673920","datestamp":"010115","mag_variation":"","mag_var_dir":""}
{"timestamp":"101401","status":"A","lat":"5000.432","lat_dir":"N","lon":"00954.085","lon_dir":"W","spd_over_grnd":"9.25","true_course":"330.773773","datestamp":"010115","mag_variation":"","mag_var_dir":""}
{"timestamp":"101403","status":"A","lat":"5000.435","lat_dir":"N","lon":"00954.088","lon_dir":"W","spd_over_grnd":"9.25","true_course":"332.252014","datestamp":"010115","mag_variation":"","mag_var_dir":""}
{"timestamp":"101404","status":"A","lat":"5000.439","lat_dir":"N","lon":"00954.091","lon_dir":"W","spd_over_grnd":"9.25","true_course":"332.948608","datestamp":"010115","mag_variation":"","mag_var_dir":""}
{"timestamp":"101406","status":"A","lat":"5000.442","lat_dir":"N","lon":"00954.094","lon_dir":"W","spd_over_grnd":"9.25","true_course":"332.476654","datestamp":"010115","mag_variation":"","mag_var_dir":""}
{"timestamp":"101407","status":"A","lat":"5000.446","lat_dir":"N","lon":"00954.097","lon_dir":"W","spd_over_grnd":"9.25","true_course":"331.890564","datestamp":"010115","mag_variation":"","mag_var_dir":""}
{"timestamp":"101409","status":"A","lat":"5000.449","lat_dir":"N","lon":"00954.100","lon_dir":"W","spd_over_grnd":"9.25","true_course":"332.529968","datestamp":"010115","mag_variation":"","mag_var_dir":""}
{"timestamp":"101410","status":"A","lat":"5000.453","lat_dir":"N","lon":"00954.103","lon_dir":"W","spd_over_grnd":"9.25","true_course":"333.990448","datestamp":"010115","mag_variation":"","mag_var_dir":""}
{"timestamp":"101412","status":"A","lat":"5000.456","lat_dir":"N","lon":"00954.105","lon_dir":"W","spd_over_grnd":"9.25","true_course":"334.983917","datestamp":"010115","mag_variation":"","mag_var_dir":""}
{"timestamp":"101414","status":"A","lat":"5000.460","lat_dir":"N","lon":"00954.108","lon_dir":"W","spd_over_grnd":"9.25","true_course":"334.765198","datestamp":"010115","mag_variation":"","mag_var_dir":""}
{"timestamp":"101415","status":"A","lat":"5000.464","lat_dir":"N","lon":"00954.111","lon_dir":"W","spd_over_grnd":"9.25","true_course":"334.283630","datestamp":"010115","mag_variation":"","mag_var_dir":""}
{"timestamp":"101417","status":"A","lat":"5000.467","lat_dir":"N","lon":"00954.113","lon_dir":"W","spd_over_grnd":"9.25","true_course":"334.565674","datestamp":"010115","mag_variation":"","mag_var_dir":""}
{"timestamp":"101418","status":"A","lat":"5000.471","lat_dir":"N","lon":"00954.116","lon_dir":"W","spd_over_grnd":"9.25","true_course":"335.961456","datestamp":"010115","mag_variation":"","mag_var_dir":""}
{"timestamp":"101420","status":"A","lat":"5000.475","lat_dir":"N","lon":"00954.118","lon_dir":"W","spd_over_grnd":"9.25","true_course":"337.232086","datestamp":"010115","mag_variation":"","mag_var_dir":""}
{"timestamp":"101421","status":"A","lat":"5000.478","lat_dir":"N","lon":"00954.121","lon_dir":"W","spd_over_grnd":"9.25","true_course":"337.317169","datestamp":"010115","mag_variation":"","mag_var_dir":""}
{"timestamp":"101423","status":"A","lat":"5000.482","lat_dir":"N","lon":"00954.123","lon_dir":"W","spd_over_grnd":"9.25","true_course":"336.678314","datestamp":"010115","mag_variation":"","mag_var_dir":""}
{"timestamp":"101424","status":"A","lat":"5000.486","lat_dir":"N","lon":"00954.126","lon_dir":"W","spd_over_grnd":"9.25","true_course":"336.687988","datestamp":"010115","mag_variation":"","mag_var_dir":""}
{"timestamp":"101426","status":"A","lat":"5000.490","lat_dir":"N","lon":"00954.128","lon_dir":"W","spd_over_grnd":"9.25","true_course":"337.881744","datestamp":"010115","mag_variation":"","mag_var_dir":""}
{"timestamp":"101427","status":"A","lat":"5000.493","lat_dir":"N","lon":"00954.131","lon_dir":"W","spd_over_grnd":"9.25","true_course":"339.317383","datestamp":"010115","mag_variation":"","mag_var_dir":""}
{"timestamp":"101429","status":"A","lat":"5000.497","lat_dir":"N","lon":"00954.133","lon_dir":"W","spd_over_grnd":"9.25","true_course":"339.730164","datestamp":"010115","mag_variation":"","mag_var_dir":""}
{"timestamp":"101430","status":"A","lat":"5000.501","lat_dir":"N","lon":"00954.135","lon_dir":"W","spd_over_grnd":"9.25","true_course":"339.235992","datestamp":"010115","mag_variation":"","mag_var_dir":""}
{"timestamp":"101432","status":"A","lat":"5000.504","lat_dir":"N","lon":"00954.137","lon_dir":"W","spd_over_grnd":"9.25","true_course":"338.840729","datestamp":"010115","mag_variation":"","mag_var_dir":""}
{"timestamp":"101433","status":"A","lat":"5000.508","lat_dir":"N","lon":"00954.139","lon_dir":"W","spd_over_grnd":"9.25","true_course":"339.754852","datestamp":"010115","mag_variation":"","mag_var_dir":""}
{"timestamp":"101435","status":"A","lat":"5000.512","lat_dir":"N","lon":"00954.141","lon_dir":"W","spd_over_grnd":"9.25","true_course":"341.273376","datestamp":"010115","mag_variation":"","mag_var_dir":""}
{"timestamp":"101436","status":"A","lat":"5000.516","lat_dir":"N","lon":"00954.143","lon_dir":"W","spd_over_grnd":"9.25","true_course":"342.043671","datestamp":"010115","mag_variation":"","mag_var_dir":""}
{"timestamp":"101438","status":"A","lat":"5000.520","lat_dir":"N","lon":"00954.145","lon_dir":"W","spd_over_grnd":"9.25","true_course":"341.640961","datestamp":"010115","mag_variation":"","mag_var_dir":""}
{"timestamp":"101439","status":"A","lat":"5000.523","lat_dir":"N","lon":"00954.147","lon_dir":"W","spd_over_grnd":"9.25","true_course":"341.118317","datestamp":"010115","mag_variation":"","mag_var_dir":""}
{"timestamp":"101441","status":"A","lat":"5000.527","lat_dir":"N","lon":"00954.149","lon_dir":"W","spd_over_grnd":"9.25","true_course":"341.652222","datestamp":"010115","mag_variation":"","mag_var_dir":""}
{"timestamp":"101442","status":"A","lat":"5000.531","lat_dir":"N","lon":"00954.151","lon_dir":"W","spd_over_grnd":"9.25","true_course":"343.186462","datestamp":"010115","mag_variation":"","mag_var_dir":""}
{"timestamp":"101444","status":"A","lat":"5000.535","lat_dir":"N","lon":"00954.153","lon_dir":"W","spd_over_grnd":"9.25","true_course":"344.284241","datestamp":"010115","mag_variation":"","mag_var_dir":""}
{"timestamp":"101445","status":"A","lat":"5000.539","lat_dir":"N","lon":"00954.155","lon_dir":"W","spd_over_grnd":"9.25","true_course":"344.245728","datestamp":"010115","mag_variation":"","mag_var_dir":""}
{"timestamp":"101447","status":"A","lat":"5000.542","lat_dir":"N","lon":"00954.156","lon_dir":"W","spd_over_grnd":"9.25","true_course":"343.653442","datestamp":"010115","mag_variation":"","mag_var_dir":""}
{"timestamp":"101448","status":"A","lat":"5000.546","lat_dir":"N","lon":"00954.158","lon_dir":"W","spd_over_grnd":"9.25","true_course":"343.749786","datestamp":"010115","mag_variation":"","mag_var_dir":""}
{"timestamp":"101450","status":"A","lat":"5000.550","lat_dir":"N","lon":"00954.160","lon_dir":"W","spd_over_grnd":"9.25","true_course":"345.075623","datestamp":"010115","mag_variation":"","mag_var_dir":""}
{"timestamp":"101451","status":"A","lat":"5000.554","lat_dir":"N","lon":"00954.161","lon_dir":"W","spd_over_grnd":"9.25","true_course":"346.484863","datestamp":"010115","mag_variation":"","mag_var_dir":""}
{"timestamp":"101453","status":"A","lat":"5000.558","lat_dir":"N","lon":"00954.163","lon_dir":"W","spd_over_grnd":"9.25","true_course":"346.776611","datestamp":"010115","mag_variation":"","mag_var_dir":""}
{"timestamp":"101454","status":"A","lat":"5000.562","lat_dir":"N","lon":"00954.164","lon_dir":"W","spd_over_grnd":"9.25","true_course":"346.175476","datestamp":"010115","mag_variation":"","mag_var_dir":""}
{"timestamp":"101456","status":"A","lat":"5000.566","lat_dir":"N","lon":"00954.166","lon_dir":"W","spd_over_grnd":"9.25","true_course":"345.890045","datestamp":"010115","mag_variation":"","mag_var_dir":""}
{"timestamp":"101457","status":"A","lat":"5000.569","lat_dir":"N","lon":"00954.167","lon_dir":"W","spd_over_grnd":"9.25","true_course":"346.938477","datestamp":"010115","mag_variation":"","mag_var_dir":""}
{"timestamp":"101459","status":"A","lat":"5000.573","lat_dir":"N","lon":"00954.168","lon_dir":"W","spd_over_grnd":"9.25","true_course":"348.453461","datestamp":"010115","mag_variation":"","mag_var_dir":""}
{"timestamp":"101500","status":"A","lat":"5000.577","lat_dir":"N","lon":"00954.170","lon_dir":"W","spd_over_grnd":"9.25","true_course":"349.134003","datestamp":"010115","mag_variation":"","mag_var_dir":""}
{"timestamp":"101502","status":"A","lat":"5000.581","lat_dir":"N","lon":"00954.171","lon_dir":"W","spd_over_grnd":"9.25","true_course":"348.661255","datestamp":"010115","mag_variation":"","mag_var_dir":""}
{"timestamp":"101503","status":"A","lat":"5000.585","lat_dir":"N","lon":"00954.172","lon_dir":"W","spd_over_grnd":"9.25","true_course":"348.225098","datestamp":"010115","mag_variation":"","mag_var_dir":""}
{"timestamp":"101505","status":"A","lat":"5000.589","lat_dir":"N","lon":"00954.173","lon_dir":"W","spd_over_grnd":"9.25","true_course":"348.825562","datestamp":"010115","mag_variation":"","mag_var_dir":""}
{"timestamp":"101506","status":"A","lat":"5000.593","lat_dir":"N","lon":"00954.174","lon_dir":"W","spd_over_grnd":"9.25","true_course":"350.388489","datestamp":"010115","mag_variation":"","mag_var_dir":""}
{"timestamp":"101508","status":"A","lat":"5000.597","lat_dir":"N","lon":"00954.175","lon_dir":"W","spd_over_grnd":"9.25","true_course":"351.396362","datestamp":"010115","mag_variation":"","mag_var_dir":""}
{"timestamp":"101510","status":"A","lat":"5000.601","lat_dir":"N","lon":"00954.176","lon_dir":"W","spd_over_grnd":"9.25","true_course":"351.251831","datestamp":"010115","mag_variation":"","mag_var_dir":""}
{"timestamp":"101511","status":"A","lat":"5000.605","lat_dir":"N","lon":"00954.177","lon_dir":"W","spd_over_grnd":"9.25","true_course":"350.665527","datestamp":"010115","mag_variation":"","mag_var_dir":""}
{"timestamp":"101513","status":"A","lat":"5000.609","lat_dir":"N","lon":"00954.178","lon_dir":"W","spd_over_grnd":"9.25","true_course":"350.912292","datestamp":"010115","mag_variation":"","mag_var_dir":""}
{"timestamp":"101514","status":"A","lat":"5000.612","lat_dir":"N","lon":"00954.179","lon_dir":"W","spd_over_grnd":"9.25","true_course":"352.263519","datestamp":"010115","mag_variation":"","mag_var_dir":""}
{"timestamp":"101516","status":"A","lat":"5000.617","lat_dir":"N","lon":"00954.180","lon_dir":"W","spd_over_grnd":"9.25","true_course":"353.599609","datestamp":"010115","mag_variation":"","mag_var_dir":""}
{"timestamp":"101517","status":"A","lat":"5000.621","lat_dir":"N","lon":"00954.181","lon_dir":"W","spd_over_grnd":"9.25","true_course":"353.734314","datestamp":"010115","mag_variation":"","mag_var_dir":""}
{"timestamp":"101519","status":"A","lat":"5000.625","lat_dir":"N","lon":"00954.181","lon_dir":"W","spd_over_grnd":"9.25","true_course":"352.928192","datestamp":"010115","mag_variation":"","mag_var_dir":""}
{"timestamp":"101520","status":"A","lat":"5000.629","lat_dir":"N","lon":"00954.182","lon_dir":"W","spd_over_grnd":"9.25","true_course":"352.952576","datestamp":"010115","mag_variation":"","mag_var_dir":""}
{"timestamp":"101522","status":"A","lat":"5000.633","lat_dir":"N","lon":"00954.183","lon_dir":"W","spd_over_grnd":"9.25","true_course":"354.159485","datestamp":"010115","mag_variation":"","mag_var_dir":""}
{"timestamp":"101524","status":"A","lat":"5000.637","lat_dir":"N","lon":"00954.183","lon_dir":"W","spd_over_grnd":"9.25","true_course":"355.550842","datestamp":"010115","mag_variation":"","mag_var_dir":""}
{"timestamp":"101525","status":"A","lat":"5000.641","lat_dir":"N","lon":"00954.184","lon_dir":"W","spd_over_grnd":"9.25","true_course":"355.701447","datestamp":"010115","mag_variation":"","mag_var_dir":""}
{"timestamp":"101527","status":"A","lat":"5000.645","lat_dir":"N","lon":"00954.184","lon_dir":"W","spd_over_grnd":"9.25","true_course":"355.041931","datestamp":"010115","mag_variation":"","mag_var_dir":""}
{"timestamp":"101528","status":"A","lat":"5000.649","lat_dir":"N","lon":"00954.185","lon_dir":"W","spd_over_grnd":"9.25","true_course":"355.177795","datestamp":"010115","mag_variation":"","mag_var_dir":""}
{"timestamp":"101530","status":"A","lat":"5000.653","lat_dir":"N","lon":"00954.185","lon_dir":"W","spd_over_grnd":"9.25","true_course":"356.562592","datestamp":"010115","mag_variation":"","mag_var_dir":""}
{"timestamp":"101532","status":"A","lat":"5000.657","lat_dir":"N","lon":"00954.186","lon_dir":"W","spd_over_grnd":"9.25","true_course":"357.836609","datestamp":"010115","mag_variation":"","mag_var_dir":""}
{"timestamp":"101533","status":"A","lat":"5000.661","lat_dir":"N","lon":"00954.186","lon_dir":"W","spd_over_grnd":"9.25","true_course":"357.980865","datestamp":"010115","mag_variation":"","mag_var_dir":""}
{"timestamp":"101535","status":"A","lat":"5000.665","lat_dir":"N","lon":"00954.186","lon_dir":"W","spd_over_grnd":"9.25","true_course":"357.228577","datestamp":"010115","mag_variation":"","mag_var_dir":""}
{"timestamp":"101536","status":"A","lat":"5000.669","lat_dir":"N","lon":"00954.186","lon_dir":"W","spd_over_grnd":"9.25","true_course":"357.201782","datestamp":"010115","mag_variation":"","mag_var_dir":""}
{"timestamp":"101538","status":"A","lat":"5000.673","lat_dir":"N","lon":"00954.187","lon_dir":"W","spd_over_grnd":"9.25","true_course":"358.539124","datestamp":"010115","mag_variation":"","mag_var_dir":""}
{"timestamp":"101539","status":"A","lat":"5000.677","lat_dir":"N","lon":"00954.187","lon_dir":"W","spd_over_grnd":"9.25","true_course":"359.925293","datestamp":"010115","mag_variation":"","mag_var_dir":""}
{"timestamp":"101541","status":"A","lat":"5000.681","lat_dir":"N","lon":"00954.187","lon_dir":"W","spd_over_grnd":"9.25","true_course":"0.210740","datestamp":"010115","mag_variation":"","mag_var_dir":""}
{"timestamp":"101543","status":"A","lat":"5000.685","lat_dir":"N","lon":"00954.187","lon_dir":"W","spd_over_grnd":"9.25","true_course":"359.528473","datestamp":"010115","mag_variation":"","mag_var_dir":""}
{"timestamp":"101544","status":"A","lat":"5000.689","lat_dir":"N","lon":"00954.187","lon_dir":"W","spd_over_grnd":"9.25","true_course":"359.549561","datestamp":"010115","mag_variation":"","mag_var_dir":""}
{"timestamp":"101546","status":"A","lat":"5000.694","lat_dir":"N","lon":"00954.187","lon_dir":"W","spd_over_grnd":"9.25","true_course":"0.791857","datestamp":"010115","mag_variation":"","mag_var_dir":""}
{"timestamp":"101547","status":"A","lat":"5000.697","lat_dir":"N","lon":"00954.187","lon_dir":"W","spd_over_grnd":"9.25","true_course":"2.225273","datestamp":"010115","mag_variation":"","mag_var_dir":""}
{"timestamp":"101549","status":"A","lat":"5000.702","lat_dir":"N","lon":"00954.186","lon_dir":"W","spd_over_grnd":"9.25","true_course":"2.470477","datestamp":"010115","mag_variation":"","mag_var_dir":""}
{"timestamp":"101550","status":"A","lat":"5000.706","lat_dir":"N","lon":"00954.186","lon_dir":"W","spd_over_grnd":"9.25","true_course":"1.892574","datestamp":"010115","mag_variation":"","mag_var_dir":""}
{"timestamp":"101552","status":"A","lat":"5000.710","lat_dir":"N","lon":"00954.186","lon_dir":"W","spd_over_grnd":"9.25","true_course":"1.725879","datestamp":"010115","mag_variation":"","mag_var_dir":""}
{"timestamp":"101554","status":"A","lat":"5000.714","lat_dir":"N","lon":"00954.186","lon_dir":"W","spd_over_grnd":"9.25","true_course":"2.803421","datestamp":"010115","mag_variation":"","mag_var_dir":""}
{"timestamp":"101555","status":"A","lat":"5000.718","lat_dir":"N","lon":"00954.185","lon_dir":"W","spd_over_grnd":"9.25","true_course":"4.172678","datestamp":"010115","mag_variation":"","mag_var_dir":""}
{"timestamp":"101558","status":"A","lat":"5000.726","lat_dir":"N","lon":"00954.184","lon_dir":"W","spd_over_grnd":"9.25","true_course":"3.987944","datestamp":"010115","mag_variation":"","mag_var_dir":""}
{"timestamp":"101600","status":"A","lat":"5000.730","lat_dir":"N","lon":"00954.184","lon_dir":"W","spd_over_grnd":"9.25","true_course":"3.837374","datestamp":"010115","mag_variation":"","mag_var_dir":""}
{"timestamp":"101602","status":"A","lat":"5000.734","lat_dir":"N","lon":"00954.183","lon_dir":"W","spd_over_grnd":"9.25","true_course":"4.887867","datestamp":"010115","mag_variation":"","mag_var_dir":""}
{"timestamp":"101603","status":"A","lat":"5000.738","lat_dir":"N","lon":"00954.183","lon_dir":"W","spd_over_grnd":"9.25","true_course":"6.371485","datestamp":"010115","mag_variation":"","mag_var_dir":""}
{"timestamp":"101605","status":"A","lat":"5000.742","lat_dir":"N","lon":"00954.182","lon_dir":"W","spd_over_grnd":"9.25","true_course":"6.968196","datestamp":"010115","mag_variation":"","mag_var_dir":""}
{"timestamp":"101606","status":"A","lat":"5000.746","lat_dir":"N","lon":"00954.181","lon_dir":"W","spd_over_grnd":"9.25","true_course":"6.493176","datestamp":"010115","mag_variation":"","mag_var_dir":""}
{"timestamp":"101608","status":"A","lat":"5000.750","lat_dir":"N","lon":"00954.181","lon_dir":"W","spd_over_grnd":"9.25","true_course":"6.127336","datestamp":"010115","mag_variation":"","mag_var_dir":""}
{"timestamp":"101609","status":"A","lat":"5000.754","lat_dir":"N","lon":"00954.180","lon_dir":"W","spd_over_grnd":"9.25","true_course":"6.995306","datestamp":"010115","mag_variation":"","mag_var_dir":""}
{"timestamp":"101611","status":"A","lat":"5000.759","lat_dir":"N","lon":"00954.179","lon_dir":"W","spd_over_grnd":"9.25","true_course":"8.627688","datestamp":"010115","mag_variation":"","mag_var_dir":""}
{"timestamp":"101612","status":"A","lat":"5000.762","lat_dir":"N","lon":"00954.178","lon_dir":"W","spd_over_grnd":"9.25","true_course":"9.419580","datestamp":"010115","mag_variation":"","mag_var_dir":""}
{"timestamp":"101614","status":"A","lat":"5000.767","lat_dir":"N","lon":"00954.177","lon_dir":"W","spd_over_grnd":"9.25","true_course":"9.012497","datestamp":"010115","mag_variation":"","mag_var_dir":""}
{"timestamp":"101615","status":"A","lat":"5000.770","lat_dir":"N","lon":"00954.176","lon_dir":"W","spd_over_grnd":"9.25","true_course":"8.338207","datestamp":"010115","mag_variation":"","mag_var_dir":""}
{"timestamp":"101617","status":"A","lat":"5000.775","lat_dir":"N","lon":"00954.175","lon_dir":"W","spd_over_grnd":"9.25","true_course":"8.837983","datestamp":"010115","mag_variation":"","mag_var_dir":""}
{"timestamp":"101618","status":"A","lat":"5000.779","lat_dir":"N","lon":"00954.174","lon_dir":"W","spd_over_grnd":"9.25","true_course":"10.280734","datestamp":"010115","mag_variation":"","mag_var_dir":""}
{"timestamp":"101620","status":"A","lat":"5000.783","lat_dir":"N","lon":"00954.173","lon_dir":"W","spd_over_grnd":"9.25","true_course":"11.370056","datestamp":"010115","mag_variation":"","mag_var_dir":""}
{"timestamp":"101622","status":"A","lat":"5000.786","lat_dir":"N","lon":"00954.172","lon_dir":"W","spd_over_grnd":"9.25","true_course":"11.248583","datestamp":"010115","mag_variation":"","mag_var_dir":""}
{"timestamp":"101623","status":"A","lat":"5000.791","lat_dir":"N","lon":"00954.170","lon_dir":"W","spd_over_grnd":"9.25","true_course":"10.613291","datestamp":"010115","mag_variation":"","mag_var_dir":""}
{"timestamp":"101625","status":"A","lat":"5000.795","lat_dir":"N","lon":"00954.169","lon_dir":"W","spd_over_grnd":"9.25","true_course":"10.922750","datestamp":"010115","mag_variation":"","mag_var_dir":""}
{"timestamp":"101626","status":"A","lat":"5000.799","lat_dir":"N","lon":"00954.168","lon_dir":"W","spd_over_grnd":"9.25","true_course":"12.331361","datestamp":"010115","mag_variation":"","mag_var_dir":""}
{"timestamp":"101628","status":"A","lat":"5000.803","lat_dir":"N","lon":"00954.167","lon_dir":"W","spd_over_grnd":"9.25","true_course":"13.511561","datestamp":"010115","mag_variation":"","mag_var_dir":""}
{"timestamp":"101629","status":"A","lat":"5000.807","lat_dir":"N","lon":"00954.165","lon_dir":"W","spd_over_grnd":"9.25","true_course":"13.537868","datestamp":"010115","mag_variation":"","mag_var_dir":""}
{"timestamp":"101631","status":"A","lat":"5000.810","lat_dir":"N","lon":"00954.164","lon_dir":"W","spd_over_grnd":"9.25","true_course":"12.869759","datestamp":"010115","mag_variation":"","mag_var_dir":""}
{"timestamp":"101632","status":"A","lat":"5000.815","lat_dir":"N","lon":"00954.162","lon_dir":"W","spd_over_grnd":"9.25","true_course":"12.928783","datestamp":"010115","mag_variation":"","mag_var_dir":""}
{"timestamp":"101634","status":"A","lat":"5000.819","lat_dir":"N","lon":"00954.161","lon_dir":"W","spd_over_grnd":"9.25","true_course":"14.311553","datestamp":"010115","mag_variation":"","mag_var_dir":""}
{"timestamp":"101635","status":"A","lat":"5000.823","lat_dir":"N","lon":"00954.159","lon_dir":"W","spd_over_grnd":"9.25","true_course":"15.670603","datestamp":"010115","mag_variation":"","mag_var_dir":""}
{"timestamp":"101637","status":"A","lat":"5000.826","lat_dir":"N","lon":"00954.157","lon_dir":"W","spd_over_grnd":"9.25","true_course":"15.924906","datestamp":"010115","mag_variation":"","mag_var_dir":""}
{"timestamp":"101639","status":"A","lat":"5000.831","lat_dir":"N","lon":"00954.156","lon_dir":"W","spd_over_grnd":"9.25","true_course":"15.351123","datestamp":"010115","mag_variation":"","mag_var_dir":""}
{"timestamp":"101640","status":"A","lat":"5000.835","lat_dir":"N","lon":"00954.154","lon_dir":"W","spd_over_grnd":"9.25","true_course":"15.225126","datestamp":"010115","mag_variation":"","mag_var_dir":""}
{"timestamp":"101642","status":"A","lat":"5000.838","lat_dir":"N","lon":"00954.152","lon_dir":"W","spd_over_grnd":"9.25","true_course":"16.304996","datestamp":"010115","mag_variation":"","mag_var_dir":""}
{"timestamp":"101643","status":"A","lat":"5000.842","lat_dir":"N","lon":"00954.150","lon_dir":"W","spd_over_grnd":"9.25","true_course":"17.769030","datestamp":"010115","mag_variation":"","mag_var_dir":""}
{"timestamp":"101645","status":"A","lat":"5000.846","lat_dir":"N","lon":"00954.148","lon_dir":"W","spd_over_grnd":"9.25","true_course":"18.185019","datestamp":"010115","mag_variation":"","mag_var_dir":""}
{"timestamp":"101646","status":"A","lat":"5000.850","lat_dir":"N","lon":"00954.146","lon_dir":"W","spd_over_grnd":"9.25","true_course":"17.666267","datestamp":"010115","mag_variation":"","mag_var_dir":""}
{"timestamp":"101648","status":"A","lat":"5000.854","lat_dir":"N","lon":"00954.144","lon_dir":"W","spd_over_grnd":"9.25","true_course":"17.277416","datestamp":"010115","mag_variation":"","mag_var_dir":""}
{"timestamp":"101649","status":"A","lat":"5000.858","lat_dir":"N","lon":"00954.143","lon_dir":"W","spd_over_grnd":"9.25","true_course":"18.183260","datestamp":"010115","mag_variation":"","mag_var_dir":""}
{"timestamp":"101651","status":"A","lat":"5000.862","lat_dir":"N","lon":"00954.140","lon_dir":"W","spd_over_grnd":"9.25","true_course":"19.768167","datestamp":"010115","mag_variation":"","mag_var_dir":""}
{"timestamp":"101652","status":"A","lat":"5000.865","lat_dir":"N","lon":"00954.138","lon_dir":"W","spd_over_grnd":"9.25","true_course":"20.574581","datestamp":"010115","mag_variation":"","mag_var_dir":""}
{"timestamp":"101654","status":"A","lat":"5000.869","lat_dir":"N","lon":"00954.136","lon_dir":"W","spd_over_grnd":"9.25","true_course":"20.196262","datestamp":"010115","mag_variation":"","mag_var_dir":""}
{"timestamp":"101655","status":"A","lat":"5000.873","lat_dir":"N","lon":"00954.134","lon_dir":"W","spd_over_grnd":"9.25","true_course":"19.683397","datestamp":"010115","mag_variation":"","mag_var_dir":""}
{"timestamp":"101657","status":"A","lat":"5000.877","lat_dir":"N","lon":"00954.132","lon_dir":"W","spd_over_grnd":"9.25","true_course":"20.356077","datestamp":"010115","mag_variation":"","mag_var_dir":""}
{"timestamp":"101659","status":"A","lat":"5000.881","lat_dir":"N","lon":"00954.129","lon_dir":"W","spd_over_grnd":"9.25","true_course":"21.855400","datestamp":"010115","mag_variation":"","mag_var_dir":""}
{"timestamp":"101700","status":"A","lat":"5000.885","lat_dir":"N","lon":"00954.127","lon_dir":"W","spd_over_grnd":"9.25","true_course":"22.845266","datestamp":"010115","mag_variation":"","mag_var_dir":""}
{"timestamp":"101702","status":"A","lat":"5000.888","lat_dir":"N","lon":"00954.125","lon_dir":"W","spd_over_grnd":"9.25","true_course":"22.638004","datestamp":"010115","mag_variation":"","mag_var_dir":""}
{"timestamp":"101703","status":"A","lat":"5000.892","lat_dir":"N","lon":"00954.122","lon_dir":"W","spd_over_grnd":"9.25","true_course":"21.952757","datestamp":"010115","mag_variation":"","mag_var_dir":""}
{"timestamp":"101705","status":"A","lat":"5000.896","lat_dir":"N","lon":"00954.120","lon_dir":"W","spd_over_grnd":"9.25","true_course":"22.347836","datestamp":"010115","mag_variation":"","mag_var_dir":""}
{"timestamp":"101706","status":"A","lat":"5000.900","lat_dir":"N","lon":"00954.117","lon_dir":"W","spd_over_grnd":"9.25","true_course":"23.857481","datestamp":"010115","mag_variation":"","mag_var_dir":""}
{"timestamp":"101708","status":"A","lat":"5000.903","lat_dir":"N","lon":"00954.115","lon_dir":"W","spd_over_grnd":"9.25","true_course":"25.140280","datestamp":"010115","mag_variation":"","mag_var_dir":""}
{"timestamp":"101709","status":"A","lat":"5000.907","lat_dir":"N","lon":"00954.112","lon_dir":"W","spd_over_grnd":"9.25","true_course":"25.048599","datestamp":"010115","mag_variation":"","mag_var_dir":""}
{"timestamp":"101711","status":"A","lat":"5000.911","lat_dir":"N","lon":"00954.109","lon_dir":"W","spd_over_grnd":"9.25","true_course":"24.469526","datestamp":"010115","mag_variation":"","mag_var_dir":""}
{"timestamp":"101713","status":"A","lat":"5000.914","lat_dir":"N","lon":"00954.107","lon_dir":"W","spd_over_grnd":"9.25","true_course":"24.826950","datestamp":"010115","mag_variation":"","mag_var_dir":""}
{"timestamp":"101714","status":"A","lat":"5000.918","lat_dir":"N","lon":"00954.104","lon_dir":"W","spd_over_grnd":"9.25","true_course":"26.365423","datestamp":"010115","mag_variation":"","mag_var_dir":""}
{"timestamp":"101716","status":"A","lat":"5000.922","lat_dir":"N","lon":"00954.101","lon_dir":"W","spd_over_grnd":"9.25","true_course":"27.650173","datestamp":"010115","mag_variation":"","mag_var_dir":""}
{"timestamp":"101717","status":"A","lat":"5000.925","lat_dir":"N","lon":"00954.098","lon_dir":"W","spd_over_grnd":"9.25","true_course":"27.619814","datestamp":"010115","mag_variation":"","mag_var_dir":""}
{"timestamp":"101719","status":"A","lat":"5000.929","lat_dir":"N","lon":"00954.095","lon_dir":"W","spd_over_grnd":"9.25","true_course":"27.083950","datestamp":"010115","mag_variation":"","mag_var_dir":""}
{"timestamp":"101721","status":"A","lat":"5000.933","lat_dir":"N","lon":"00954.092","lon_dir":"W","spd_over_grnd":"9.25","true_course":"27.296917","datestamp":"010115","mag_variation":"","mag_var_dir":""}
{"timestamp":"101722","status":"A","lat":"5000.936","lat_dir":"N","lon":"00954.089","lon_dir":"W","spd_over_grnd":"9.25","true_course":"28.609592","datestamp":"010115","mag_variation":"","mag_var_dir":""}
