{"timestamp":"080748","status":"A","lat":"3324.120","lat_dir":"N","lon":"11830.648","lon_dir":"W","spd_over_grnd":"20.12","true_course":"181.436005","datestamp":"150708","mag_variation":"","mag_var_dir":""}
{"timestamp":"080750","status":"A","lat":"3324.111","lat_dir":"N","lon":"11830.649","lon_dir":"W","spd_over_grnd":"20.13","true_course":"180.778610","datestamp":"150708","mag_variation":"","mag_var_dir":""}
{"timestamp":"080751","status":"A","lat":"3324.102","lat_dir":"N","lon":"11830.649","lon_dir":"W","spd_over_grnd":"20.14","true_course":"179.668396","datestamp":"150708","mag_variation":"","mag_var_dir":""}
{"timestamp":"080753","status":"A","lat":"3324.093","lat_dir":"N","lon":"11830.649","lon_dir":"W","spd_over_grnd":"20.15","true_course":"179.590240","datestamp":"150708","mag_variation":"","mag_var_dir":""}
{"timestamp":"080754","status":"A","lat":"3324.084","lat_dir":"N","lon":"11830.649","lon_dir":"W","spd_over_grnd":"20.16","true_course":"180.733002","datestamp":"150708","mag_variation":"","mag_var_dir":""}
{"timestamp":"080756","status":"A","lat":"3324.075","lat_dir":"N","lon":"11830.649","lon_dir":"W","spd_over_grnd":"20.16","true_course":"181.461914","datestamp":"150708","mag_variation":"","mag_var_dir":""}
{"timestamp":"080757","status":"A","lat":"3324.066","lat_dir":"N","lon":"11830.649","lon_dir":"W","spd_over_grnd":"20.17","true_course":"180.915375","datestamp":"150708","mag_variation":"","mag_var_dir":""}
{"timestamp":"080759","status":"A","lat":"3324.057","lat_dir":"N","lon":"11830.649","lon_dir":"W","spd_over_grnd":"20.17","true_course":"179.766357","datestamp":"150708","mag_variation":"","mag_var_dir":""}
{"timestamp":"080801","status":"A","lat":"3324.048","lat_dir":"N","lon":"11830.649","lon_dir":"W","spd_over_grnd":"20.18","true_course":"179.744644","datestamp":"150708","mag_variation":"","mag_var_dir":""}
{"timestamp":"080802","status":"A","lat":"3324.039","lat_dir":"N","lon":"11830.649","lon_dir":"W","spd_over_grnd":"20.18","true_course":"180.853088","datestamp":"150708","mag_variation":"","mag_var_dir":""}
{"timestamp":"080804","status":"A","lat":"3324.030","lat_dir":"N","lon":"11830.649","lon_dir":"W","spd_over_grnd":"20.18","true_course":"181.617172","datestamp":"150708","mag_variation":"","mag_var_dir":""}
{"timestamp":"080806","status":"A","lat":"3324.021","lat_dir":"N","lon":"11830.650","lon_dir":"W","spd_over_grnd":"20.19","true_course":"180.998840","datestamp":"150708","mag_variation":"","mag_var_dir":""}
{"timestamp":"080807","status":"A","lat":"3324.012","lat_dir":"N","lon":"11830.650","lon_dir":"W","spd_over_grnd":"20.19","true_course":"179.843018","datestamp":"150708","mag_variation":"","mag_var_dir":""}
{"timestamp":"080809","status":"A","lat":"3324.003","lat_dir":"N","lon":"11830.650","lon_dir":"W","spd_over_grnd":"20.19","true_course":"179.881638","datestamp":"150708","mag_variation":"","mag_var_dir":""}
{"timestamp":"080810","status":"A","lat":"3323.994","lat_dir":"N","lon":"11830.650","lon_dir":"W","spd_over_grnd":"20.19","true_course":"180.741348","datestamp":"150708","mag_variation":"","mag_var_dir":""}
{"timestamp":"080812","status":"A","lat":"3323.985","lat_dir":"N","lon":"11830.650","lon_dir":"W","spd_over_grnd":"20.19","true_course":"181.283936","datestamp":"150708","mag_variation":"","mag_var_dir":""}
{"timestamp":"080814","status":"A","lat":"3323.976","lat_dir":"N","lon":"11830.650","lon_dir":"W","spd_over_grnd":"20.19","true_course":"180.630966","datestamp":"150708","mag_variation":"","mag_var_dir":""}
{"timestamp":"080815","status":"A","lat":"3323.967","lat_dir":"N","lon":"11830.650","lon_dir":"W","spd_over_grnd":"20.20","true_course":"179.529343","datestamp":"150708","mag_variation":"","mag_var_dir":""}
{"timestamp":"080817","status":"A","lat":"3323.958","lat_dir":"N","lon":"11830.650","lon_dir":"W","spd_over_grnd":"20.20","true_course":"179.592255","datestamp":"150708","mag_variation":"","mag_var_dir":""}
{"timestamp":"080818","status":"A","lat":"3323.949","lat_dir":"N","lon":"11830.650","lon_dir":"W","spd_over_grnd":"20.20","true_course":"180.664444","datestamp":"150708","mag_variation":"","mag_var_dir":""}
{"timestamp":"080820","status":"A","lat":"3323.940","lat_dir":"N","lon":"11830.650","lon_dir":"W","spd_over_grnd":"20.20","true_course":"181.405304","datestamp":"150708","mag_variation":"","mag_var_dir":""}
{"timestamp":"080822","status":"A","lat":"3323.931","lat_dir":"N","lon":"11830.650","lon_dir":"W","spd_over_grnd":"20.20","true_course":"180.705856","datestamp":"150708","mag_variation":"","mag_var_dir":""}
{"timestamp":"080823","status":"A","lat":"3323.922","lat_dir":"N","lon":"11830.650","lon_dir":"W","spd_over_grnd":"20.20","true_course":"179.652359","datestamp":"150708","mag_variation":"","mag_var_dir":""}
{"timestamp":"080825","status":"A","lat":"3323.913","lat_dir":"N","lon":"11830.650","lon_dir":"W","spd_over_grnd":"20.20","true_course":"179.641617","datestamp":"150708","mag_variation":"","mag_var_dir":""}
{"timestamp":"080826","status":"A","lat":"3323.904","lat_dir":"N","lon":"11830.650","lon_dir":"W","spd_over_grnd":"20.20","true_course":"180.845367","datestamp":"150708","mag_variation":"","mag_var_dir":""}
{"timestamp":"080828","status":"A","lat":"3323.895","lat_dir":"N","lon":"11830.650","lon_dir":"W","spd_over_grnd":"20.20","true_course":"181.503662","datestamp":"150708","mag_variation":"","mag_var_dir":""}
{"timestamp":"080830","status":"A","lat":"3323.887","lat_dir":"N","lon":"11830.651","lon_dir":"W","spd_over_grnd":"20.20","true_course":"180.755768","datestamp":"150708","mag_variation":"","mag_var_dir":""}
{"timestamp":"080831","status":"A","lat":"3323.877","lat_dir":"N","lon":"11830.651","lon_dir":"W","spd_over_grnd":"20.20","true_course":"179.756165","datestamp":"150708","mag_variation":"","mag_var_dir":""}
{"timestamp":"080833","status":"A","lat":"3323.868","lat_dir":"N","lon":"11830.651","lon_dir":"W","spd_over_grnd":"20.20","true_course":"179.841049","datestamp":"150708","mag_variation":"","mag_var_dir":""}
{"timestamp":"080834","status":"A","lat":"3323.860","lat_dir":"N","lon":"11830.651","lon_dir":"W","spd_over_grnd":"20.20","true_course":"180.803925","datestamp":"150708","mag_variation":"","mag_var_dir":""}
{"timestamp":"080836","status":"A","lat":"3323.850","lat_dir":"N","lon":"11830.651","lon_dir":"W","spd_over_grnd":"20.20","true_course":"181.498596","datestamp":"150708","mag_variation":"","mag_var_dir":""}
{"timestamp":"080838","status":"A","lat":"3323.841","lat_dir":"N","lon":"11830.651","lon_dir":"W","spd_over_grnd":"20.20","true_course":"180.726593","datestamp":"150708","mag_variation":"","mag_var_dir":""}
{"timestamp":"080839","status":"A","lat":"3323.832","lat_dir":"N","lon":"11830.651","lon_dir":"W","spd_over_grnd":"20.20","true_course":"179.758255","datestamp":"150708","mag_variation":"","mag_var_dir":""}
{"timestamp":"080841","status":"A","lat":"3323.824","lat_dir":"N","lon":"11830.651","lon_dir":"W","spd_over_grnd":"20.20","true_course":"179.926346","datestamp":"150708","mag_variation":"","mag_var_dir":""}
{"timestamp":"080843","status":"A","lat":"3323.814","lat_dir":"N","lon":"11830.651","lon_dir":"W","spd_over_grnd":"20.20","true_course":"181.046097","datestamp":"150708","mag_variation":"","mag_var_dir":""}
{"timestamp":"080844","status":"A","lat":"3323.806","lat_dir":"N","lon":"11830.652","lon_dir":"W","spd_over_grnd":"20.20","true_course":"181.635651","datestamp":"150708","mag_variation":"","mag_var_dir":""}
{"timestamp":"080846","status":"A","lat":"3323.797","lat_dir":"N","lon":"11830.652","lon_dir":"W","spd_over_grnd":"20.20","true_course":"180.845047","datestamp":"150708","mag_variation":"","mag_var_dir":""}
{"timestamp":"080847","status":"A","lat":"3323.788","lat_dir":"N","lon":"11830.652","lon_dir":"W","spd_over_grnd":"20.20","true_course":"179.781876","datestamp":"150708","mag_variation":"","mag_var_dir":""}
{"timestamp":"080849","status":"A","lat":"3323.779","lat_dir":"N","lon":"11830.652","lon_dir":"W","spd_over_grnd":"20.20","true_course":"179.936127","datestamp":"150708","mag_variation":"","mag_var_dir":""}
{"timestamp":"080851","status":"A","lat":"3323.770","lat_dir":"N","lon":"11830.652","lon_dir":"W","spd_over_grnd":"20.20","true_course":"181.084305","datestamp":"150708","mag_variation":"","mag_var_dir":""}
{"timestamp":"080852","status":"A","lat":"3323.761","lat_dir":"N","lon":"11830.652","lon_dir":"W","spd_over_grnd":"20.20","true_course":"181.569550","datestamp":"150708","mag_variation":"","mag_var_dir":""}
{"timestamp":"080854","status":"A","lat":"3323.752","lat_dir":"N","lon":"11830.652","lon_dir":"W","spd_over_grnd":"20.20","true_course":"180.755768","datestamp":"150708","mag_variation":"","mag_var_dir":""}
{"timestamp":"080855","status":"A","lat":"3323.743","lat_dir":"N","lon":"11830.652","lon_dir":"W","spd_over_grnd":"20.20","true_course":"179.734573","datestamp":"150708","mag_variation":"","mag_var_dir":""}
{"timestamp":"080857","status":"A","lat":"3323.734","lat_dir":"N","lon":"11830.652","lon_dir":"W","spd_over_grnd":"20.20","true_course":"179.881088","datestamp":"150708","mag_variation":"","mag_var_dir":""}
{"timestamp":"080858","status":"A","lat":"3323.725","lat_dir":"N","lon":"11830.652","lon_dir":"W","spd_over_grnd":"20.20","true_course":"180.825577","datestamp":"150708","mag_variation":"","mag_var_dir":""}
{"timestamp":"080900","status":"A","lat":"3323.716","lat_dir":"N","lon":"11830.653","lon_dir":"W","spd_over_grnd":"20.20","true_course":"181.558060","datestamp":"150708","mag_variation":"","mag_var_dir":""}
{"timestamp":"080901","status":"A","lat":"3323.708","lat_dir":"N","lon":"11830.653","lon_dir":"W","spd_over_grnd":"20.20","true_course":"180.939285","datestamp":"150708","mag_variation":"","mag_var_dir":""}
{"timestamp":"080903","status":"A","lat":"3323.699","lat_dir":"N","lon":"11830.653","lon_dir":"W","spd_over_grnd":"20.20","true_course":"179.937820","datestamp":"150708","mag_variation":"","mag_var_dir":""}
{"timestamp":"080905","status":"A","lat":"3323.690","lat_dir":"N","lon":"11830.653","lon_dir":"W","spd_over_grnd":"20.20","true_course":"179.777618","datestamp":"150708","mag_variation":"","mag_var_dir":""}
{"timestamp":"080906","status":"A","lat":"3323.681","lat_dir":"N","lon":"11830.653","lon_dir":"W","spd_over_grnd":"20.20","true_course":"180.800140","datestamp":"150708","mag_variation":"","mag_var_dir":""}
{"timestamp":"080908","status":"A","lat":"3323.672","lat_dir":"N","lon":"11830.653","lon_dir":"W","spd_over_grnd":"20.20","true_course":"181.538498","datestamp":"150708","mag_variation":"","mag_var_dir":""}
{"timestamp":"080909","status":"A","lat":"3323.664","lat_dir":"N","lon":"11830.654","lon_dir":"W","spd_over_grnd":"20.20","true_course":"181.172150","datestamp":"150708","mag_variation":"","mag_var_dir":""}
{"timestamp":"080912","status":"A","lat":"3323.646","lat_dir":"N","lon":"11830.654","lon_dir":"W","spd_over_grnd":"20.20","true_course":"179.706726","datestamp":"150708","mag_variation":"","mag_var_dir":""}
{"timestamp":"080914","status":"A","lat":"3323.637","lat_dir":"N","lon":"11830.654","lon_dir":"W","spd_over_grnd":"20.20","true_course":"180.511566","datestamp":"150708","mag_variation":"","mag_var_dir":""}
{"timestamp":"080915","status":"A","lat":"3323.628","lat_dir":"N","lon":"11830.654","lon_dir":"W","spd_over_grnd":"20.20","true_course":"181.441269","datestamp":"150708","mag_variation":"","mag_var_dir":""}
{"timestamp":"080917","status":"A","lat":"3323.619","lat_dir":"N","lon":"11830.654","lon_dir":"W","spd_over_grnd":"20.20","true_course":"181.322067","datestamp":"150708","mag_variation":"","mag_var_dir":""}
{"timestamp":"080918","status":"A","lat":"3323.611","lat_dir":"N","lon":"11830.654","lon_dir":"W","spd_over_grnd":"20.20","true_course":"180.226059","datestamp":"150708","mag_variation":"","mag_var_dir":""}
{"timestamp":"080920","status":"A","lat":"3323.602","lat_dir":"N","lon":"11830.654","lon_dir":"W","spd_over_grnd":"20.20","true_course":"179.548538","datestamp":"150708","mag_variation":"","mag_var_dir":""}
{"timestamp":"080922","status":"A","lat":"3323.593","lat_dir":"N","lon":"11830.654","lon_dir":"W","spd_over_grnd":"20.20","true_course":"180.188370","datestamp":"150708","mag_variation":"","mag_var_dir":""}
{"timestamp":"080923","status":"A","lat":"3323.584","lat_dir":"N","lon":"11830.654","lon_dir":"W","spd_over_grnd":"20.20","true_course":"181.406982","datestamp":"150708","mag_variation":"","mag_var_dir":""}
{"timestamp":"080925","status":"A","lat":"3323.575","lat_dir":"N","lon":"11830.655","lon_dir":"W","spd_over_grnd":"20.20","true_course":"181.506683","datestamp":"150708","mag_variation":"","mag_var_dir":""}
{"timestamp":"080926","status":"A","lat":"3323.566","lat_dir":"N","lon":"11830.655","lon_dir":"W","spd_over_grnd":"20.20","true_course":"180.489914","datestamp":"150708","mag_variation":"","mag_var_dir":""}
{"timestamp":"080928","status":"A","lat":"3323.557","lat_dir":"N","lon":"11830.655","lon_dir":"W","spd_over_grnd":"20.20","true_course":"179.765930","datestamp":"150708","mag_variation":"","mag_var_dir":""}
{"timestamp":"080929","status":"A","lat":"3323.549","lat_dir":"N","lon":"11830.655","lon_dir":"W","spd_over_grnd":"20.20","true_course":"180.193375","datestamp":"150708","mag_variation":"","mag_var_dir":""}
{"timestamp":"080931","status":"A","lat":"3323.540","lat_dir":"N","lon":"11830.655","lon_dir":"W","spd_over_grnd":"20.20","true_course":"181.295746","datestamp":"150708","mag_variation":"","mag_var_dir":""}
{"timestamp":"080932","status":"A","lat":"3323.531","lat_dir":"N","lon":"11830.655","lon_dir":"W","spd_over_grnd":"20.20","true_course":"181.642517","datestamp":"150708","mag_variation":"","mag_var_dir":""}
{"timestamp":"080934","status":"A","lat":"3323.522","lat_dir":"N","lon":"11830.656","lon_dir":"W","spd_over_grnd":"20.20","true_course":"180.802200","datestamp":"150708","mag_variation":"","mag_var_dir":""}
{"timestamp":"080935","status":"A","lat":"3323.514","lat_dir":"N","lon":"11830.656","lon_dir":"W","spd_over_grnd":"20.20","true_course":"180.022888","datestamp":"150708","mag_variation":"","mag_var_dir":""}
{"timestamp":"080937","status":"A","lat":"3323.505","lat_dir":"N","lon":"11830.656","lon_dir":"W","spd_over_grnd":"20.20","true_course":"180.105133","datestamp":"150708","mag_variation":"","mag_var_dir":""}
{"timestamp":"080938","status":"A","lat":"3323.496","lat_dir":"N","lon":"11830.656","lon_dir":"W","spd_over_grnd":"20.20","true_course":"180.987030","datestamp":"150708","mag_variation":"","mag_var_dir":""}
{"timestamp":"080940","status":"A","lat":"3323.487","lat_dir":"N","lon":"11830.656","lon_dir":"W","spd_over_grnd":"20.20","true_course":"181.531677","datestamp":"150708","mag_variation":"","mag_var_dir":""}
{"timestamp":"080942","status":"A","lat":"3323.478","lat_dir":"N","lon":"11830.656","lon_dir":"W","spd_over_grnd":"20.20","true_course":"180.912262","datestamp":"150708","mag_variation":"","mag_var_dir":""}
{"timestamp":"080943","status":"A","lat":"3323.470","lat_dir":"N","lon":"11830.656","lon_dir":"W","spd_over_grnd":"20.20","true_course":"179.867828","datestamp":"150708","mag_variation":"","mag_var_dir":""}
{"timestamp":"080945","status":"A","lat":"3323.461","lat_dir":"N","lon":"11830.656","lon_dir":"W","spd_over_grnd":"20.20","true_course":"179.728363","datestamp":"150708","mag_variation":"","mag_var_dir":""}
{"timestamp":"080946","status":"A","lat":"3323.452","lat_dir":"N","lon":"11830.656","lon_dir":"W","spd_over_grnd":"20.20","true_course":"180.639206","datestamp":"150708","mag_variation":"","mag_var_dir":""}
{"timestamp":"080948","status":"A","lat":"3323.443","lat_dir":"N","lon":"11830.656","lon_dir":"W","spd_over_grnd":"20.20","true_course":"181.465897","datestamp":"150708","mag_variation":"","mag_var_dir":""}
{"timestamp":"080949","status":"A","lat":"3323.434","lat_dir":"N","lon":"11830.656","lon_dir":"W","spd_over_grnd":"20.20","true_course":"180.988419","datestamp":"150708","mag_variation":"","mag_var_dir":""}
{"timestamp":"080951","status":"A","lat":"3323.425","lat_dir":"N","lon":"11830.656","lon_dir":"W","spd_over_grnd":"20.20","true_course":"179.864777","datestamp":"150708","mag_variation":"","mag_var_dir":""}
{"timestamp":"080952","status":"A","lat":"3323.416","lat_dir":"N","lon":"11830.656","lon_dir":"W","spd_over_grnd":"20.20","true_course":"179.488815","datestamp":"150708","mag_variation":"","mag_var_dir":""}
{"timestamp":"080954","status":"A","lat":"3323.408","lat_dir":"N","lon":"11830.656","lon_dir":"W","spd_over_grnd":"20.20","true_course":"180.370209","datestamp":"150708","mag_variation":"","mag_var_dir":""}
{"timestamp":"080956","status":"A","lat":"3323.399","lat_dir":"N","lon":"11830.657","lon_dir":"W","spd_over_grnd":"20.20","true_course":"181.361115","datestamp":"150708","mag_variation":"","mag_var_dir":""}
{"timestamp":"080957","status":"A","lat":"3323.390","lat_dir":"N","lon":"11830.657","lon_dir":"W","spd_over_grnd":"20.20","true_course":"181.093094","datestamp":"150708","mag_variation":"","mag_var_dir":""}
{"timestamp":"080959","status":"A","lat":"3323.381","lat_dir":"N","lon":"11830.657","lon_dir":"W","spd_over_grnd":"20.20","true_course":"180.188004","datestamp":"150708","mag_variation":"","mag_var_dir":""}
{"timestamp":"081000","status":"A","lat":"3323.372","lat_dir":"N","lon":"11830.657","lon_dir":"W","spd_over_grnd":"20.20","true_course":"179.725128","datestamp":"150708","mag_variation":"","mag_var_dir":""}
{"timestamp":"081002","status":"A","lat":"3323.363","lat_dir":"N","lon":"11830.657","lon_dir":"W","spd_over_grnd":"20.20","true_course":"180.475906","datestamp":"150708","mag_variation":"","mag_var_dir":""}
{"timestamp":"081003","status":"A","lat":"3323.354","lat_dir":"N","lon":"11830.657","lon_dir":"W","spd_over_grnd":"20.20","true_course":"181.499985","datestamp":"150708","mag_variation":"","mag_var_dir":""}
{"timestamp":"081005","status":"A","lat":"3323.345","lat_dir":"N","lon":"11830.657","lon_dir":"W","spd_over_grnd":"20.20","true_course":"181.403336","datestamp":"150708","mag_variation":"","mag_var_dir":""}
{"timestamp":"081006","status":"A","lat":"3323.337","lat_dir":"N","lon":"11830.658","lon_dir":"W","spd_over_grnd":"20.20","true_course":"180.426437","datestamp":"150708","mag_variation":"","mag_var_dir":""}
{"timestamp":"081008","status":"A","lat":"3323.328","lat_dir":"N","lon":"11830.658","lon_dir":"W","spd_over_grnd":"20.20","true_course":"179.675354","datestamp":"150708","mag_variation":"","mag_var_dir":""}
{"timestamp":"081010","status":"A","lat":"3323.319","lat_dir":"N","lon":"11830.658","lon_dir":"W","spd_over_grnd":"20.20","true_course":"180.278244","datestamp":"150708","mag_variation":"","mag_var_dir":""}
{"timestamp":"081011","status":"A","lat":"3323.310","lat_dir":"N","lon":"11830.658","lon_dir":"W","spd_over_grnd":"20.20","true_course":"181.317764","datestamp":"150708","mag_variation":"","mag_var_dir":""}
{"timestamp":"081013","status":"A","lat":"3323.302","lat_dir":"N","lon":"11830.658","lon_dir":"W","spd_over_grnd":"20.20","true_course":"181.439056","datestamp":"150708","mag_variation":"","mag_var_dir":""}
{"timestamp":"081014","status":"A","lat":"3323.293","lat_dir":"N","lon":"11830.658","lon_dir":"W","spd_over_grnd":"20.20","true_course":"180.538742","datestamp":"150708","mag_variation":"","mag_var_dir":""}
{"timestamp":"081016","status":"A","lat":"3323.284","lat_dir":"N","lon":"11830.658","lon_dir":"W","spd_over_grnd":"20.20","true_course":"179.747360","datestamp":"150708","mag_variation":"","mag_var_dir":""}
{"timestamp":"081017","status":"A","lat":"3323.275","lat_dir":"N","lon":"11830.658","lon_dir":"W","spd_over_grnd":"20.20","true_course":"180.206055","datestamp":"150708","mag_variation":"","mag_var_dir":""}
{"timestamp":"081019","status":"A","lat":"3323.266","lat_dir":"N","lon":"11830.658","lon_dir":"W","spd_over_grnd":"20.20","true_course":"181.353043","datestamp":"150708","mag_variation":"","mag_var_dir":""}
{"timestamp":"081020","status":"A","lat":"3323.258","lat_dir":"N","lon":"11830.659","lon_dir":"W","spd_over_grnd":"20.20","true_course":"181.760803","datestamp":"150708","mag_variation":"","mag_var_dir":""}
{"timestamp":"081022","status":"A","lat":"3323.249","lat_dir":"N","lon":"11830.659","lon_dir":"W","spd_over_grnd":"20.20","true_course":"180.887634","datestamp":"150708","mag_variation":"","mag_var_dir":""}
{"timestamp":"081023","status":"A","lat":"3323.240","lat_dir":"N","lon":"11830.659","lon_dir":"W","spd_over_grnd":"20.20","true_course":"180.017593","datestamp":"150708","mag_variation":"","mag_var_dir":""}
{"timestamp":"081025","status":"A","lat":"3323.231","lat_dir":"N","lon":"11830.659","lon_dir":"W","spd_over_grnd":"20.20","true_course":"180.241165","datestamp":"150708","mag_variation":"","mag_var_dir":""}
{"timestamp":"081027","status":"A","lat":"3323.222","lat_dir":"N","lon":"11830.659","lon_dir":"W","spd_over_grnd":"20.20","true_course":"181.416702","datestamp":"150708","mag_variation":"","mag_var_dir":""}
{"timestamp":"081028","status":"A","lat":"3323.213","lat_dir":"N","lon":"11830.660","lon_dir":"W","spd_over_grnd":"20.20","true_course":"181.993271","datestamp":"150708","mag_variation":"","mag_var_dir":""}
{"timestamp":"081030","status":"A","lat":"3323.204","lat_dir":"N","lon":"11830.660","lon_dir":"W","spd_over_grnd":"20.20","true_course":"181.169510","datestamp":"150708","mag_variation":"","mag_var_dir":""}
{"timestamp":"081031","status":"A","lat":"3323.196","lat_dir":"N","lon":"11830.660","lon_dir":"W","spd_over_grnd":"20.20","true_course":"180.086548","datestamp":"150708","mag_variation":"","mag_var_dir":""}
{"timestamp":"081033","status":"A","lat":"3323.187","lat_dir":"N","lon":"11830.660","lon_dir":"W","spd_over_grnd":"20.20","true_course":"180.092285","datestamp":"150708","mag_variation":"","mag_var_dir":""}
{"timestamp":"081034","status":"A","lat":"3323.178","lat_dir":"N","lon":"11830.660","lon_dir":"W","spd_over_grnd":"20.20","true_course":"181.159424","datestamp":"150708","mag_variation":"","mag_var_dir":""}
{"timestamp":"081036","status":"A","lat":"3323.169","lat_dir":"N","lon":"11830.661","lon_dir":"W","spd_over_grnd":"20.20","true_course":"181.923584","datestamp":"150708","mag_variation":"","mag_var_dir":""}
{"timestamp":"081037","status":"A","lat":"3323.160","lat_dir":"N","lon":"11830.661","lon_dir":"W","spd_over_grnd":"20.20","true_course":"181.334290","datestamp":"150708","mag_variation":"","mag_var_dir":""}
{"timestamp":"081039","status":"A","lat":"3323.151","lat_dir":"N","lon":"11830.661","lon_dir":"W","spd_over_grnd":"20.20","true_course":"180.068298","datestamp":"150708","mag_variation":"","mag_var_dir":""}
{"timestamp":"081041","status":"A","lat":"3323.143","lat_dir":"N","lon":"11830.661","lon_dir":"W","spd_over_grnd":"20.20","true_course":"179.932587","datestamp":"150708","mag_variation":"","mag_var_dir":""}
{"timestamp":"081042","status":"A","lat":"3323.134","lat_dir":"N","lon":"11830.661","lon_dir":"W","spd_over_grnd":"20.20","true_course":"180.937057","datestamp":"150708","mag_variation":"","mag_var_dir":""}
{"timestamp":"081044","status":"A","lat":"3323.125","lat_dir":"N","lon":"11830.661","lon_dir":"W","spd_over_grnd":"20.20","true_course":"181.760117","datestamp":"150708","mag_variation":"","mag_var_dir":""}
{"timestamp":"081045","status":"A","lat":"3323.116","lat_dir":"N","lon":"11830.661","lon_dir":"W","spd_over_grnd":"20.20","true_course":"181.442780","datestamp":"150708","mag_variation":"","mag_var_dir":""}
{"timestamp":"081047","status":"A","lat":"3323.107","lat_dir":"N","lon":"11830.661","lon_dir":"W","spd_over_grnd":"20.20","true_course":"180.322296","datestamp":"150708","mag_variation":"","mag_var_dir":""}
{"timestamp":"081048","status":"A","lat":"3323.099","lat_dir":"N","lon":"11830.661","lon_dir":"W","spd_over_grnd":"20.20","true_course":"179.985855","datestamp":"150708","mag_variation":"","mag_var_dir":""}
{"timestamp":"081050","status":"A","lat":"3323.089","lat_dir":"N","lon":"11830.661","lon_dir":"W","spd_over_grnd":"20.20","true_course":"180.904175","datestamp":"150708","mag_variation":"","mag_var_dir":""}
{"timestamp":"081052","status":"A","lat":"3323.080","lat_dir":"N","lon":"11830.662","lon_dir":"W","spd_over_grnd":"20.20","true_course":"181.811432","datestamp":"150708","mag_variation":"","mag_var_dir":""}
{"timestamp":"081053","status":"A","lat":"3323.072","lat_dir":"N","lon":"11830.662","lon_dir":"W","spd_over_grnd":"20.20","true_course":"181.428558","datestamp":"150708","mag_variation":"","mag_var_dir":""}
{"timestamp":"081055","status":"A","lat":"3323.063","lat_dir":"N","lon":"11830.662","lon_dir":"W","spd_over_grnd":"20.20","true_course":"180.284500","datestamp":"150708","mag_variation":"","mag_var_dir":""}
{"timestamp":"081056","status":"A","lat":"3323.053","lat_dir":"N","lon":"11830.662","lon_dir":"W","spd_over_grnd":"20.20","true_course":"179.977371","datestamp":"150708","mag_variation":"","mag_var_dir":""}
{"timestamp":"081058","status":"A","lat":"3323.045","lat_dir":"N","lon":"11830.662","lon_dir":"W","spd_over_grnd":"20.20","true_course":"180.665482","datestamp":"150708","mag_variation":"","mag_var_dir":""}
{"timestamp":"081100","status":"A","lat":"3323.036","lat_dir":"N","lon":"11830.663","lon_dir":"W","spd_over_grnd":"20.20","true_course":"181.612885","datestamp":"150708","mag_variation":"","mag_var_dir":""}
{"timestamp":"081101","status":"A","lat":"3323.027","lat_dir":"N","lon":"11830.663","lon_dir":"W","spd_over_grnd":"20.20","true_course":"181.335526","datestamp":"150708","mag_variation":"","mag_var_dir":""}
{"timestamp":"081103","status":"A","lat":"3323.018","lat_dir":"N","lon":"11830.663","lon_dir":"W","spd_over_grnd":"20.20","true_course":"180.130447","datestamp":"150708","mag_variation":"","mag_var_dir":""}
{"timestamp":"081104","status":"A","lat":"3323.009","lat_dir":"N","lon":"11830.663","lon_dir":"W","spd_over_grnd":"20.20","true_course":"179.672607","datestamp":"150708","mag_variation":"","mag_var_dir":""}
{"timestamp":"081106","status":"A","lat":"3323.000","lat_dir":"N","lon":"11830.663","lon_dir":"W","spd_over_grnd":"20.20","true_course":"180.529694","datestamp":"150708","mag_variation":"","mag_var_dir":""}
{"timestamp":"081108","status":"A","lat":"3322.991","lat_dir":"N","lon":"11830.663","lon_dir":"W","spd_over_grnd":"20.20","true_course":"181.523422","datestamp":"150708","mag_variation":"","mag_var_dir":""}
{"timestamp":"081109","status":"A","lat":"3322.982","lat_dir":"N","lon":"11830.664","lon_dir":"W","spd_over_grnd":"20.20","true_course":"181.227005","datestamp":"150708","mag_variation":"","mag_var_dir":""}
{"timestamp":"081111","status":"A","lat":"3322.973","lat_dir":"N","lon":"11830.664","lon_dir":"W","spd_over_grnd":"20.20","true_course":"180.247070","datestamp":"150708","mag_variation":"","mag_var_dir":""}
{"timestamp":"081112","status":"A","lat":"3322.964","lat_dir":"N","lon":"11830.664","lon_dir":"W","spd_over_grnd":"20.20","true_course":"179.709976","datestamp":"150708","mag_variation":"","mag_var_dir":""}
{"timestamp":"081114","status":"A","lat":"3322.955","lat_dir":"N","lon":"11830.664","lon_dir":"W","spd_over_grnd":"20.20","true_course":"180.637543","datestamp":"150708","mag_variation":"","mag_var_dir":""}
{"timestamp":"081115","status":"A","lat":"3322.947","lat_dir":"N","lon":"11830.664","lon_dir":"W","spd_over_grnd":"20.20","true_course":"181.606003","datestamp":"150708","mag_variation":"","mag_var_dir":""}
{"timestamp":"081117","status":"A","lat":"3322.937","lat_dir":"N","lon":"11830.664","lon_dir":"W","spd_over_grnd":"20.20","true_course":"181.432999","datestamp":"150708","mag_variation":"","mag_var_dir":""}
{"timestamp":"081119","status":"A","lat":"3322.929","lat_dir":"N","lon":"11830.664","lon_dir":"W","spd_over_grnd":"20.20","true_course":"180.339874","datestamp":"150708","mag_variation":"","mag_var_dir":""}
{"timestamp":"081120","status":"A","lat":"3322.920","lat_dir":"N","lon":"11830.664","lon_dir":"W","spd_over_grnd":"20.20","true_course":"179.818497","datestamp":"150708","mag_variation":"","mag_var_dir":""}
{"timestamp":"081122","status":"A","lat":"3322.911","lat_dir":"N","lon":"11830.664","lon_dir":"W","spd_over_grnd":"20.20","true_course":"180.432327","datestamp":"150708","mag_variation":"","mag_var_dir":""}
{"timestamp":"081123","status":"A","lat":"3322.902","lat_dir":"N","lon":"11830.665","lon_dir":"W","spd_over_grnd":"20.20","true_course":"181.560013","datestamp":"150708","mag_variation":"","mag_var_dir":""}
{"timestamp":"081125","status":"A","lat":"3322.893","lat_dir":"N","lon":"11830.665","lon_dir":"W","spd_over_grnd":"20.20","true_course":"181.518616","datestamp":"150708","mag_variation":"","mag_var_dir":""}
{"timestamp":"081126","status":"A","lat":"3322.884","lat_dir":"N","lon":"11830.665","lon_dir":"W","spd_over_grnd":"20.20","true_course":"180.404892","datestamp":"150708","mag_variation":"","mag_var_dir":""}
{"timestamp":"081128","status":"A","lat":"3322.875","lat_dir":"N","lon":"11830.665","lon_dir":"W","spd_over_grnd":"20.20","true_course":"179.744446","datestamp":"150708","mag_variation":"","mag_var_dir":""}
{"timestamp":"081130","status":"A","lat":"3322.866","lat_dir":"N","lon":"11830.665","lon_dir":"W","spd_over_grnd":"20.20","true_course":"180.438385","datestamp":"150708","mag_variation":"","mag_var_dir":""}
{"timestamp":"081131","status":"A","lat":"3322.857","lat_dir":"N","lon":"11830.665","lon_dir":"W","spd_over_grnd":"20.20","true_course":"181.492477","datestamp":"150708","mag_variation":"","mag_var_dir":""}
{"timestamp":"081133","status":"A","lat":"3322.848","lat_dir":"N","lon":"11830.666","lon_dir":"W","spd_over_grnd":"20.20","true_course":"181.355835","datestamp":"150708","mag_variation":"","mag_var_dir":""}
{"timestamp":"081134","status":"A","lat":"3322.839","lat_dir":"N","lon":"11830.666","lon_dir":"W","spd_over_grnd":"20.20","true_course":"180.406845","datestamp":"150708","mag_variation":"","mag_var_dir":""}
{"timestamp":"081136","status":"A","lat":"3322.830","lat_dir":"N","lon":"11830.666","lon_dir":"W","spd_over_grnd":"20.20","true_course":"179.785019","datestamp":"150708","mag_variation":"","mag_var_dir":""}
{"timestamp":"081138","status":"A","lat":"3322.821","lat_dir":"N","lon":"11830.666","lon_dir":"W","spd_over_grnd":"20.20","true_course":"180.547104","datestamp":"150708","mag_variation":"","mag_var_dir":""}
{"timestamp":"081139","status":"A","lat":"3322.812","lat_dir":"N","lon":"11830.666","lon_dir":"W","spd_over_grnd":"20.20","true_course":"181.589478","datestamp":"150708","mag_variation":"","mag_var_dir":""}
{"timestamp":"081141","status":"A","lat":"3322.803","lat_dir":"N","lon":"11830.666","lon_dir":"W","spd_over_grnd":"20.20","true_course":"181.421448","datestamp":"150708","mag_variation":"","mag_var_dir":""}
{"timestamp":"081142","status":"A","lat":"3322.795","lat_dir":"N","lon":"11830.667","lon_dir":"W","spd_over_grnd":"20.20","true_course":"180.450760","datestamp":"150708","mag_variation":"","mag_var_dir":""}
{"timestamp":"081144","status":"A","lat":"3322.786","lat_dir":"N","lon":"11830.667","lon_dir":"W","spd_over_grnd":"20.20","true_course":"179.726562","datestamp":"150708","mag_variation":"","mag_var_dir":""}
{"timestamp":"081145","status":"A","lat":"3322.777","lat_dir":"N","lon":"11830.667","lon_dir":"W","spd_over_grnd":"20.20","true_course":"180.350983","datestamp":"150708","mag_variation":"","mag_var_dir":""}
{"timestamp":"081147","status":"A","lat":"3322.768","lat_dir":"N","lon":"11830.667","lon_dir":"W","spd_over_grnd":"20.20","true_course":"181.449295","datestamp":"150708","mag_variation":"","mag_var_dir":""}
{"timestamp":"081148","status":"A","lat":"3322.760","lat_dir":"N","lon":"11830.667","lon_dir":"W","spd_over_grnd":"20.20","true_course":"181.746429","datestamp":"150708","mag_variation":"","mag_var_dir":""}
{"timestamp":"081150","status":"A","lat":"3322.751","lat_dir":"N","lon":"11830.667","lon_dir":"W","spd_over_grnd":"20.20","true_course":"180.891754","datestamp":"150708","mag_variation":"","mag_var_dir":""}
{"timestamp":"081151","status":"A","lat":"3322.742","lat_dir":"N","lon":"11830.667","lon_dir":"W","spd_over_grnd":"20.20","true_course":"180.027115","datestamp":"150708","mag_variation":"","mag_var_dir":""}
{"timestamp":"081153","status":"A","lat":"3322.733","lat_dir":"N","lon":"11830.667","lon_dir":"W","spd_over_grnd":"20.20","true_course":"180.150650","datestamp":"150708","mag_variation":"","mag_var_dir":""}
{"timestamp":"081154","status":"A","lat":"3322.725","lat_dir":"N","lon":"11830.667","lon_dir":"W","spd_over_grnd":"20.20","true_course":"181.309219","datestamp":"150708","mag_variation":"","mag_var_dir":""}
{"timestamp":"081156","status":"A","lat":"3322.716","lat_dir":"N","lon":"11830.667","lon_dir":"W","spd_over_grnd":"20.20","true_course":"181.987091","datestamp":"150708","mag_variation":"","mag_var_dir":""}
{"timestamp":"081158","status":"A","lat":"3322.707","lat_dir":"N","lon":"11830.668","lon_dir":"W","spd_over_grnd":"20.20","true_course":"181.402054","datestamp":"150708","mag_variation":"","mag_var_dir":""}
{"timestamp":"081159","status":"A","lat":"3322.698","lat_dir":"N","lon":"11830.668","lon_dir":"W","spd_over_grnd":"20.20","true_course":"180.288269","datestamp":"150708","mag_variation":"","mag_var_dir":""}
{"timestamp":"081201","status":"A","lat":"3322.690","lat_dir":"N","lon":"11830.668","lon_dir":"W","spd_over_grnd":"20.20","true_course":"180.114349","datestamp":"150708","mag_variation":"","mag_var_dir":""}
{"timestamp":"081202","status":"A","lat":"3322.681","lat_dir":"N","lon":"11830.668","lon_dir":"W","spd_over_grnd":"20.20","true_course":"181.103806","datestamp":"150708","mag_variation":"","mag_var_dir":""}
{"timestamp":"081204","status":"A","lat":"3322.672","lat_dir":"N","lon":"11830.668","lon_dir":"W","spd_over_grnd":"20.20","true_course":"182.171204","datestamp":"150708","mag_variation":"","mag_var_dir":""}
{"timestamp":"081205","status":"A","lat":"3322.663","lat_dir":"N","lon":"11830.669","lon_dir":"W","spd_over_grnd":"20.20","true_course":"181.875122","datestamp":"150708","mag_variation":"","mag_var_dir":""}
{"timestamp":"081207","status":"A","lat":"3322.655","lat_dir":"N","lon":"11830.669","lon_dir":"W","spd_over_grnd":"20.20","true_course":"180.850159","datestamp":"150708","mag_variation":"","mag_var_dir":""}
{"timestamp":"081208","status":"A","lat":"3322.646","lat_dir":"N","lon":"11830.669","lon_dir":"W","spd_over_grnd":"20.20","true_course":"180.387009","datestamp":"150708","mag_variation":"","mag_var_dir":""}
