{"timestamp":"170226","status":"A","lat":"3323.542","lat_dir":"N","lon":"11838.068","lon_dir":"W","spd_over_grnd":"22.27","true_course":"49.686722","datestamp":"150708","mag_variation":"","mag_var_dir":""}
{"timestamp":"170228","status":"A","lat":"3323.548","lat_dir":"N","lon":"11838.058","lon_dir":"W","spd_over_grnd":"22.27","true_course":"50.476494","datestamp":"150708","mag_variation":"","mag_var_dir":""}
{"timestamp":"170229","status":"A","lat":"3323.555","lat_dir":"N","lon":"11838.049","lon_dir":"W","spd_over_grnd":"22.27","true_course":"49.742310","datestamp":"150708","mag_variation":"","mag_var_dir":""}
{"timestamp":"170231","status":"A","lat":"3323.561","lat_dir":"N","lon":"11838.040","lon_dir":"W","spd_over_grnd":"22.27","true_course":"48.346039","datestamp":"150708","mag_variation":"","mag_var_dir":""}
{"timestamp":"170233","status":"A","lat":"3323.568","lat_dir":"N","lon":"11838.031","lon_dir":"W","spd_over_grnd":"22.27","true_course":"47.841827","datestamp":"150708","mag_variation":"","mag_var_dir":""}
{"timestamp":"170234","status":"A","lat":"3323.574","lat_dir":"N","lon":"11838.023","lon_dir":"W","spd_over_grnd":"22.27","true_course":"48.354584","datestamp":"150708","mag_variation":"","mag_var_dir":""}
{"timestamp":"170236","status":"A","lat":"3323.580","lat_dir":"N","lon":"11838.015","lon_dir":"W","spd_over_grnd":"22.27","true_course":"48.850166","datestamp":"150708","mag_variation":"","mag_var_dir":""}
{"timestamp":"170237","status":"A","lat":"3323.587","lat_dir":"N","lon":"11838.006","lon_dir":"W","spd_over_grnd":"22.27","true_course":"48.092319","datestamp":"150708","mag_variation":"","mag_var_dir":""}
{"timestamp":"170239","status":"A","lat":"3323.593","lat_dir":"N","lon":"11837.998","lon_dir":"W","spd_over_grnd":"22.27","true_course":"46.747044","datestamp":"150708","mag_variation":"","mag_var_dir":""}
{"timestamp":"170240","status":"A","lat":"3323.600","lat_dir":"N","lon":"11837.989","lon_dir":"W","spd_over_grnd":"22.27","true_course":"46.077442","datestamp":"150708","mag_variation":"","mag_var_dir":""}
{"timestamp":"170242","status":"A","lat":"3323.607","lat_dir":"N","lon":"11837.981","lon_dir":"W","spd_over_grnd":"22.27","true_course":"46.595100","datestamp":"150708","mag_variation":"","mag_var_dir":""}
{"timestamp":"170243","status":"A","lat":"3323.613","lat_dir":"N","lon":"11837.972","lon_dir":"W","spd_over_grnd":"22.27","true_course":"47.066418","datestamp":"150708","mag_variation":"","mag_var_dir":""}
{"timestamp":"170245","status":"A","lat":"3323.619","lat_dir":"N","lon":"11837.964","lon_dir":"W","spd_over_grnd":"22.27","true_course":"46.442745","datestamp":"150708","mag_variation":"","mag_var_dir":""}
{"timestamp":"170247","status":"A","lat":"3323.626","lat_dir":"N","lon":"11837.956","lon_dir":"W","spd_over_grnd":"22.27","true_course":"44.906082","datestamp":"150708","mag_variation":"","mag_var_dir":""}
{"timestamp":"170248","status":"A","lat":"3323.633","lat_dir":"N","lon":"11837.948","lon_dir":"W","spd_over_grnd":"22.27","true_course":"44.022236","datestamp":"150708","mag_variation":"","mag_var_dir":""}
{"timestamp":"170250","status":"A","lat":"3323.640","lat_dir":"N","lon":"11837.940","lon_dir":"W","spd_over_grnd":"22.27","true_course":"44.422104","datestamp":"150708","mag_variation":"","mag_var_dir":""}
{"timestamp":"170251","status":"A","lat":"3323.647","lat_dir":"N","lon":"11837.932","lon_dir":"W","spd_over_grnd":"22.27","true_course":"45.006599","datestamp":"150708","mag_variation":"","mag_var_dir":""}
{"timestamp":"170253","status":"A","lat":"3323.654","lat_dir":"N","lon":"11837.924","lon_dir":"W","spd_over_grnd":"22.27","true_course":"44.501938","datestamp":"150708","mag_variation":"","mag_var_dir":""}
{"timestamp":"170254","status":"A","lat":"3323.661","lat_dir":"N","lon":"11837.916","lon_dir":"W","spd_over_grnd":"22.27","true_course":"43.083477","datestamp":"150708","mag_variation":"","mag_var_dir":""}
{"timestamp":"170256","status":"A","lat":"3323.668","lat_dir":"N","lon":"11837.908","lon_dir":"W","spd_over_grnd":"22.27","true_course":"42.037922","datestamp":"150708","mag_variation":"","mag_var_dir":""}
{"timestamp":"170258","status":"A","lat":"3323.675","lat_dir":"N","lon":"11837.901","lon_dir":"W","spd_over_grnd":"22.26","true_course":"42.308075","datestamp":"150708","mag_variation":"","mag_var_dir":""}
{"timestamp":"170259","status":"A","lat":"3323.682","lat_dir":"N","lon":"11837.893","lon_dir":"W","spd_over_grnd":"22.26","true_course":"42.997574","datestamp":"150708","mag_variation":"","mag_var_dir":""}
{"timestamp":"170301","status":"A","lat":"3323.689","lat_dir":"N","lon":"11837.885","lon_dir":"W","spd_over_grnd":"22.26","true_course":"42.664391","datestamp":"150708","mag_variation":"","mag_var_dir":""}
{"timestamp":"170302","status":"A","lat":"3323.696","lat_dir":"N","lon":"11837.877","lon_dir":"W","spd_over_grnd":"22.26","true_course":"41.088764","datestamp":"150708","mag_variation":"","mag_var_dir":""}
{"timestamp":"170304","status":"A","lat":"3323.703","lat_dir":"N","lon":"11837.870","lon_dir":"W","spd_over_grnd":"22.26","true_course":"39.907475","datestamp":"150708","mag_variation":"","mag_var_dir":""}
{"timestamp":"170305","status":"A","lat":"3323.711","lat_dir":"N","lon":"11837.863","lon_dir":"W","spd_over_grnd":"22.26","true_course":"39.992817","datestamp":"150708","mag_variation":"","mag_var_dir":""}
{"timestamp":"170307","status":"A","lat":"3323.718","lat_dir":"N","lon":"11837.855","lon_dir":"W","spd_over_grnd":"22.26","true_course":"40.747532","datestamp":"150708","mag_variation":"","mag_var_dir":""}
{"timestamp":"170309","status":"A","lat":"3323.725","lat_dir":"N","lon":"11837.848","lon_dir":"W","spd_over_grnd":"22.26","true_course":"40.537846","datestamp":"150708","mag_variation":"","mag_var_dir":""}
{"timestamp":"170310","status":"A","lat":"3323.733","lat_dir":"N","lon":"11837.841","lon_dir":"W","spd_over_grnd":"22.26","true_course":"39.072960","datestamp":"150708","mag_variation":"","mag_var_dir":""}
{"timestamp":"170312","status":"A","lat":"3323.740","lat_dir":"N","lon":"11837.833","lon_dir":"W","spd_over_grnd":"22.26","true_course":"37.831951","datestamp":"150708","mag_variation":"","mag_var_dir":""}
{"timestamp":"170313","status":"A","lat":"3323.748","lat_dir":"N","lon":"11837.826","lon_dir":"W","spd_over_grnd":"22.26","true_course":"37.886936","datestamp":"150708","mag_variation":"","mag_var_dir":""}
{"timestamp":"170315","status":"A","lat":"3323.755","lat_dir":"N","lon":"11837.819","lon_dir":"W","spd_over_grnd":"22.26","true_course":"38.714565","datestamp":"150708","mag_variation":"","mag_var_dir":""}
{"timestamp":"170316","status":"A","lat":"3323.763","lat_dir":"N","lon":"11837.812","lon_dir":"W","spd_over_grnd":"22.26","true_course":"38.616810","datestamp":"150708","mag_variation":"","mag_var_dir":""}
{"timestamp":"170318","status":"A","lat":"3323.770","lat_dir":"N","lon":"11837.805","lon_dir":"W","spd_over_grnd":"22.26","true_course":"37.307346","datestamp":"150708","mag_variation":"","mag_var_dir":""}
{"timestamp":"170319","status":"A","lat":"3323.778","lat_dir":"N","lon":"11837.798","lon_dir":"W","spd_over_grnd":"22.26","true_course":"35.944553","datestamp":"150708","mag_variation":"","mag_var_dir":""}
{"timestamp":"170321","status":"A","lat":"3323.786","lat_dir":"N","lon":"11837.792","lon_dir":"W","spd_over_grnd":"22.26","true_course":"35.815163","datestamp":"150708","mag_variation":"","mag_var_dir":""}
{"timestamp":"170323","status":"A","lat":"3323.793","lat_dir":"N","lon":"11837.785","lon_dir":"W","spd_over_grnd":"22.26","true_course":"36.471275","datestamp":"150708","mag_variation":"","mag_var_dir":""}
{"timestamp":"170324","status":"A","lat":"3323.801","lat_dir":"N","lon":"11837.778","lon_dir":"W","spd_over_grnd":"22.26","true_course":"36.565342","datestamp":"150708","mag_variation":"","mag_var_dir":""}
{"timestamp":"170326","status":"A","lat":"3323.809","lat_dir":"N","lon":"11837.771","lon_dir":"W","spd_over_grnd":"22.26","true_course":"35.424374","datestamp":"150708","mag_variation":"","mag_var_dir":""}
{"timestamp":"170327","status":"A","lat":"3323.817","lat_dir":"N","lon":"11837.765","lon_dir":"W","spd_over_grnd":"22.26","true_course":"33.888206","datestamp":"150708","mag_variation":"","mag_var_dir":""}
{"timestamp":"170329","status":"A","lat":"3323.825","lat_dir":"N","lon":"11837.759","lon_dir":"W","spd_over_grnd":"22.26","true_course":"33.499523","datestamp":"150708","mag_variation":"","mag_var_dir":""}
{"timestamp":"170330","status":"A","lat":"3323.833","lat_dir":"N","lon":"11837.752","lon_dir":"W","spd_over_grnd":"22.26","true_course":"34.173435","datestamp":"150708","mag_variation":"","mag_var_dir":""}
{"timestamp":"170332","status":"A","lat":"3323.840","lat_dir":"N","lon":"11837.746","lon_dir":"W","spd_over_grnd":"22.26","true_course":"34.359089","datestamp":"150708","mag_variation":"","mag_var_dir":""}
{"timestamp":"170333","status":"A","lat":"3323.848","lat_dir":"N","lon":"11837.740","lon_dir":"W","spd_over_grnd":"22.26","true_course":"33.391693","datestamp":"150708","mag_variation":"","mag_var_dir":""}
{"timestamp":"170335","status":"A","lat":"3323.856","lat_dir":"N","lon":"11837.733","lon_dir":"W","spd_over_grnd":"22.26","true_course":"31.965172","datestamp":"150708","mag_variation":"","mag_var_dir":""}
{"timestamp":"170337","status":"A","lat":"3323.864","lat_dir":"N","lon":"11837.728","lon_dir":"W","spd_over_grnd":"22.26","true_course":"31.388870","datestamp":"150708","mag_variation":"","mag_var_dir":""}
{"timestamp":"170338","status":"A","lat":"3323.873","lat_dir":"N","lon":"11837.722","lon_dir":"W","spd_over_grnd":"22.26","true_course":"31.797407","datestamp":"150708","mag_variation":"","mag_var_dir":""}
{"timestamp":"170340","status":"A","lat":"3323.881","lat_dir":"N","lon":"11837.716","lon_dir":"W","spd_over_grnd":"22.26","true_course":"32.204071","datestamp":"150708","mag_variation":"","mag_var_dir":""}
{"timestamp":"170341","status":"A","lat":"3323.889","lat_dir":"N","lon":"11837.710","lon_dir":"W","spd_over_grnd":"22.26","true_course":"31.435057","datestamp":"150708","mag_variation":"","mag_var_dir":""}
{"timestamp":"170343","status":"A","lat":"3323.897","lat_dir":"N","lon":"11837.704","lon_dir":"W","spd_over_grnd":"22.26","true_course":"29.789165","datestamp":"150708","mag_variation":"","mag_var_dir":""}
{"timestamp":"170344","status":"A","lat":"3323.905","lat_dir":"N","lon":"11837.698","lon_dir":"W","spd_over_grnd":"22.26","true_course":"29.049507","datestamp":"150708","mag_variation":"","mag_var_dir":""}
{"timestamp":"170346","status":"A","lat":"3323.914","lat_dir":"N","lon":"11837.692","lon_dir":"W","spd_over_grnd":"22.26","true_course":"29.496262","datestamp":"150708","mag_variation":"","mag_var_dir":""}
{"timestamp":"170347","status":"A","lat":"3323.922","lat_dir":"N","lon":"11837.687","lon_dir":"W","spd_over_grnd":"22.26","true_course":"30.018141","datestamp":"150708","mag_variation":"","mag_var_dir":""}
{"timestamp":"170349","status":"A","lat":"3323.930","lat_dir":"N","lon":"11837.681","lon_dir":"W","spd_over_grnd":"22.26","true_course":"29.319473","datestamp":"150708","mag_variation":"","mag_var_dir":""}
{"timestamp":"170351","status":"A","lat":"3323.939","lat_dir":"N","lon":"11837.676","lon_dir":"W","spd_over_grnd":"22.26","true_course":"27.610821","datestamp":"150708","mag_variation":"","mag_var_dir":""}
{"timestamp":"170352","status":"A","lat":"3323.947","lat_dir":"N","lon":"11837.670","lon_dir":"W","spd_over_grnd":"22.26","true_course":"26.696135","datestamp":"150708","mag_variation":"","mag_var_dir":""}
{"timestamp":"170354","status":"A","lat":"3323.956","lat_dir":"N","lon":"11837.665","lon_dir":"W","spd_over_grnd":"22.26","true_course":"27.057873","datestamp":"150708","mag_variation":"","mag_var_dir":""}
{"timestamp":"170355","status":"A","lat":"3323.965","lat_dir":"N","lon":"11837.660","lon_dir":"W","spd_over_grnd":"22.26","true_course":"27.968967","datestamp":"150708","mag_variation":"","mag_var_dir":""}
{"timestamp":"170357","status":"A","lat":"3323.973","lat_dir":"N","lon":"11837.654","lon_dir":"W","spd_over_grnd":"22.26","true_course":"27.905539","datestamp":"150708","mag_variation":"","mag_var_dir":""}
{"timestamp":"170358","status":"A","lat":"3323.982","lat_dir":"N","lon":"11837.649","lon_dir":"W","spd_over_grnd":"22.26","true_course":"27.074751","datestamp":"150708","mag_variation":"","mag_var_dir":""}
{"timestamp":"170400","status":"A","lat":"3323.991","lat_dir":"N","lon":"11837.643","lon_dir":"W","spd_over_grnd":"22.26","true_course":"26.858030","datestamp":"150708","mag_variation":"","mag_var_dir":""}
{"timestamp":"170402","status":"A","lat":"3324.000","lat_dir":"N","lon":"11837.638","lon_dir":"W","spd_over_grnd":"22.26","true_course":"27.735653","datestamp":"150708","mag_variation":"","mag_var_dir":""}
{"timestamp":"170403","status":"A","lat":"3324.008","lat_dir":"N","lon":"11837.633","lon_dir":"W","spd_over_grnd":"22.26","true_course":"29.200684","datestamp":"150708","mag_variation":"","mag_var_dir":""}
{"timestamp":"170405","status":"A","lat":"3324.016","lat_dir":"N","lon":"11837.627","lon_dir":"W","spd_over_grnd":"22.26","true_course":"30.031706","datestamp":"150708","mag_variation":"","mag_var_dir":""}
{"timestamp":"170406","status":"A","lat":"3324.024","lat_dir":"N","lon":"11837.622","lon_dir":"W","spd_over_grnd":"22.26","true_course":"30.120979","datestamp":"150708","mag_variation":"","mag_var_dir":""}
{"timestamp":"170408","status":"A","lat":"3324.032","lat_dir":"N","lon":"11837.616","lon_dir":"W","spd_over_grnd":"22.26","true_course":"30.688046","datestamp":"150708","mag_variation":"","mag_var_dir":""}
{"timestamp":"170409","status":"A","lat":"3324.040","lat_dir":"N","lon":"11837.610","lon_dir":"W","spd_over_grnd":"22.26","true_course":"32.772644","datestamp":"150708","mag_variation":"","mag_var_dir":""}
{"timestamp":"170411","status":"A","lat":"3324.048","lat_dir":"N","lon":"11837.603","lon_dir":"W","spd_over_grnd":"22.26","true_course":"35.453407","datestamp":"150708","mag_variation":"","mag_var_dir":""}
{"timestamp":"170413","status":"A","lat":"3324.056","lat_dir":"N","lon":"11837.597","lon_dir":"W","spd_over_grnd":"22.26","true_course":"37.521343","datestamp":"150708","mag_variation":"","mag_var_dir":""}
{"timestamp":"170414","status":"A","lat":"3324.063","lat_dir":"N","lon":"11837.590","lon_dir":"W","spd_over_grnd":"22.26","true_course":"38.004330","datestamp":"150708","mag_variation":"","mag_var_dir":""}
{"timestamp":"170416","status":"A","lat":"3324.071","lat_dir":"N","lon":"11837.583","lon_dir":"W","spd_over_grnd":"22.26","true_course":"38.251385","datestamp":"150708","mag_variation":"","mag_var_dir":""}
{"timestamp":"170417","status":"A","lat":"3324.079","lat_dir":"N","lon":"11837.576","lon_dir":"W","spd_over_grnd":"22.26","true_course":"39.451630","datestamp":"150708","mag_variation":"","mag_var_dir":""}
{"timestamp":"170419","status":"A","lat":"3324.086","lat_dir":"N","lon":"11837.568","lon_dir":"W","spd_over_grnd":"22.26","true_course":"41.308632","datestamp":"150708","mag_variation":"","mag_var_dir":""}
{"timestamp":"170420","status":"A","lat":"3324.093","lat_dir":"N","lon":"11837.560","lon_dir":"W","spd_over_grnd":"22.26","true_course":"42.111267","datestamp":"150708","mag_variation":"","mag_var_dir":""}
{"timestamp":"170422","status":"A","lat":"3324.101","lat_dir":"N","lon":"11837.552","lon_dir":"W","spd_over_grnd":"22.26","true_course":"41.596024","datestamp":"150708","mag_variation":"","mag_var_dir":""}
{"timestamp":"170423","status":"A","lat":"3324.108","lat_dir":"N","lon":"11837.545","lon_dir":"W","spd_over_grnd":"22.26","true_course":"40.944370","datestamp":"150708","mag_variation":"","mag_var_dir":""}
{"timestamp":"170425","status":"A","lat":"3324.115","lat_dir":"N","lon":"11837.538","lon_dir":"W","spd_over_grnd":"22.26","true_course":"41.271931","datestamp":"150708","mag_variation":"","mag_var_dir":""}
{"timestamp":"170427","status":"A","lat":"3324.122","lat_dir":"N","lon":"11837.530","lon_dir":"W","spd_over_grnd":"22.26","true_course":"42.481400","datestamp":"150708","mag_variation":"","mag_var_dir":""}
{"timestamp":"170428","status":"A","lat":"3324.129","lat_dir":"N","lon":"11837.522","lon_dir":"W","spd_over_grnd":"22.26","true_course":"42.944870","datestamp":"150708","mag_variation":"","mag_var_dir":""}
{"timestamp":"170430","status":"A","lat":"3324.136","lat_dir":"N","lon":"11837.514","lon_dir":"W","spd_over_grnd":"22.26","true_course":"42.113159","datestamp":"150708","mag_variation":"","mag_var_dir":""}
{"timestamp":"170431","status":"A","lat":"3324.143","lat_dir":"N","lon":"11837.507","lon_dir":"W","spd_over_grnd":"22.26","true_course":"40.862888","datestamp":"150708","mag_variation":"","mag_var_dir":""}
{"timestamp":"170433","status":"A","lat":"3324.150","lat_dir":"N","lon":"11837.500","lon_dir":"W","spd_over_grnd":"22.26","true_course":"40.721485","datestamp":"150708","mag_variation":"","mag_var_dir":""}
{"timestamp":"170434","status":"A","lat":"3324.158","lat_dir":"N","lon":"11837.492","lon_dir":"W","spd_over_grnd":"22.26","true_course":"41.536938","datestamp":"150708","mag_variation":"","mag_var_dir":""}
{"timestamp":"170436","status":"A","lat":"3324.165","lat_dir":"N","lon":"11837.484","lon_dir":"W","spd_over_grnd":"22.26","true_course":"42.088047","datestamp":"150708","mag_variation":"","mag_var_dir":""}
{"timestamp":"170438","status":"A","lat":"3324.172","lat_dir":"N","lon":"11837.477","lon_dir":"W","spd_over_grnd":"22.26","true_course":"41.287643","datestamp":"150708","mag_variation":"","mag_var_dir":""}
{"timestamp":"170439","status":"A","lat":"3324.179","lat_dir":"N","lon":"11837.469","lon_dir":"W","spd_over_grnd":"22.26","true_course":"39.952942","datestamp":"150708","mag_variation":"","mag_var_dir":""}
{"timestamp":"170441","status":"A","lat":"3324.187","lat_dir":"N","lon":"11837.462","lon_dir":"W","spd_over_grnd":"22.26","true_course":"39.461617","datestamp":"150708","mag_variation":"","mag_var_dir":""}
{"timestamp":"170442","status":"A","lat":"3324.194","lat_dir":"N","lon":"11837.455","lon_dir":"W","spd_over_grnd":"22.26","true_course":"40.028675","datestamp":"150708","mag_variation":"","mag_var_dir":""}
{"timestamp":"170444","status":"A","lat":"3324.201","lat_dir":"N","lon":"11837.447","lon_dir":"W","spd_over_grnd":"22.26","true_course":"40.382858","datestamp":"150708","mag_variation":"","mag_var_dir":""}
{"timestamp":"170445","status":"A","lat":"3324.208","lat_dir":"N","lon":"11837.440","lon_dir":"W","spd_over_grnd":"22.26","true_course":"39.621986","datestamp":"150708","mag_variation":"","mag_var_dir":""}
{"timestamp":"170447","status":"A","lat":"3324.216","lat_dir":"N","lon":"11837.433","lon_dir":"W","spd_over_grnd":"22.26","true_course":"38.194035","datestamp":"150708","mag_variation":"","mag_var_dir":""}
{"timestamp":"170448","status":"A","lat":"3324.223","lat_dir":"N","lon":"11837.426","lon_dir":"W","spd_over_grnd":"22.26","true_course":"37.393059","datestamp":"150708","mag_variation":"","mag_var_dir":""}
{"timestamp":"170450","status":"A","lat":"3324.231","lat_dir":"N","lon":"11837.419","lon_dir":"W","spd_over_grnd":"22.26","true_course":"37.864288","datestamp":"150708","mag_variation":"","mag_var_dir":""}
{"timestamp":"170451","status":"A","lat":"3324.238","lat_dir":"N","lon":"11837.412","lon_dir":"W","spd_over_grnd":"22.26","true_course":"38.431999","datestamp":"150708","mag_variation":"","mag_var_dir":""}
{"timestamp":"170453","status":"A","lat":"3324.246","lat_dir":"N","lon":"11837.405","lon_dir":"W","spd_over_grnd":"22.26","true_course":"37.880569","datestamp":"150708","mag_variation":"","mag_var_dir":""}
{"timestamp":"170455","status":"A","lat":"3324.253","lat_dir":"N","lon":"11837.398","lon_dir":"W","spd_over_grnd":"22.26","true_course":"36.316048","datestamp":"150708","mag_variation":"","mag_var_dir":""}
{"timestamp":"170456","status":"A","lat":"3324.261","lat_dir":"N","lon":"11837.392","lon_dir":"W","spd_over_grnd":"22.26","true_course":"35.239082","datestamp":"150708","mag_variation":"","mag_var_dir":""}
{"timestamp":"170458","status":"A","lat":"3324.269","lat_dir":"N","lon":"11837.385","lon_dir":"W","spd_over_grnd":"22.26","true_course":"35.451630","datestamp":"150708","mag_variation":"","mag_var_dir":""}
{"timestamp":"170459","status":"A","lat":"3324.277","lat_dir":"N","lon":"11837.378","lon_dir":"W","spd_over_grnd":"22.26","true_course":"36.073811","datestamp":"150708","mag_variation":"","mag_var_dir":""}
{"timestamp":"170501","status":"A","lat":"3324.284","lat_dir":"N","lon":"11837.372","lon_dir":"W","spd_over_grnd":"22.26","true_course":"35.685577","datestamp":"150708","mag_variation":"","mag_var_dir":""}
{"timestamp":"170502","status":"A","lat":"3324.292","lat_dir":"N","lon":"11837.365","lon_dir":"W","spd_over_grnd":"22.26","true_course":"34.265568","datestamp":"150708","mag_variation":"","mag_var_dir":""}
{"timestamp":"170504","status":"A","lat":"3324.300","lat_dir":"N","lon":"11837.359","lon_dir":"W","spd_over_grnd":"22.26","true_course":"33.036846","datestamp":"150708","mag_variation":"","mag_var_dir":""}
{"timestamp":"170505","status":"A","lat":"3324.308","lat_dir":"N","lon":"11837.353","lon_dir":"W","spd_over_grnd":"22.26","true_course":"33.047188","datestamp":"150708","mag_variation":"","mag_var_dir":""}
{"timestamp":"170507","status":"A","lat":"3324.316","lat_dir":"N","lon":"11837.347","lon_dir":"W","spd_over_grnd":"22.26","true_course":"33.770306","datestamp":"150708","mag_variation":"","mag_var_dir":""}
{"timestamp":"170508","status":"A","lat":"3324.324","lat_dir":"N","lon":"11837.340","lon_dir":"W","spd_over_grnd":"22.26","true_course":"33.621964","datestamp":"150708","mag_variation":"","mag_var_dir":""}
{"timestamp":"170510","status":"A","lat":"3324.332","lat_dir":"N","lon":"11837.334","lon_dir":"W","spd_over_grnd":"22.26","true_course":"32.175358","datestamp":"150708","mag_variation":"","mag_var_dir":""}
{"timestamp":"170512","status":"A","lat":"3324.340","lat_dir":"N","lon":"11837.328","lon_dir":"W","spd_over_grnd":"22.26","true_course":"30.993265","datestamp":"150708","mag_variation":"","mag_var_dir":""}
{"timestamp":"170513","status":"A","lat":"3324.349","lat_dir":"N","lon":"11837.322","lon_dir":"W","spd_over_grnd":"22.26","true_course":"30.949436","datestamp":"150708","mag_variation":"","mag_var_dir":""}
{"timestamp":"170515","status":"A","lat":"3324.357","lat_dir":"N","lon":"11837.316","lon_dir":"W","spd_over_grnd":"22.26","true_course":"31.707952","datestamp":"150708","mag_variation":"","mag_var_dir":""}
{"timestamp":"170517","status":"A","lat":"3324.366","lat_dir":"N","lon":"11837.309","lon_dir":"W","spd_over_grnd":"22.26","true_course":"31.539722","datestamp":"150708","mag_variation":"","mag_var_dir":""}
{"timestamp":"170518","status":"A","lat":"3324.374","lat_dir":"N","lon":"11837.303","lon_dir":"W","spd_over_grnd":"22.26","true_course":"30.094986","datestamp":"150708","mag_variation":"","mag_var_dir":""}
{"timestamp":"170520","status":"A","lat":"3324.383","lat_dir":"N","lon":"11837.298","lon_dir":"W","spd_over_grnd":"22.26","true_course":"28.836245","datestamp":"150708","mag_variation":"","mag_var_dir":""}
{"timestamp":"170521","status":"A","lat":"3324.391","lat_dir":"N","lon":"11837.292","lon_dir":"W","spd_over_grnd":"22.26","true_course":"28.821323","datestamp":"150708","mag_variation":"","mag_var_dir":""}
{"timestamp":"170523","status":"A","lat":"3324.400","lat_dir":"N","lon":"11837.286","lon_dir":"W","spd_over_grnd":"22.26","true_course":"29.726669","datestamp":"150708","mag_variation":"","mag_var_dir":""}
{"timestamp":"170525","status":"A","lat":"3324.408","lat_dir":"N","lon":"11837.280","lon_dir":"W","spd_over_grnd":"22.26","true_course":"29.579779","datestamp":"150708","mag_variation":"","mag_var_dir":""}
{"timestamp":"170526","status":"A","lat":"3324.417","lat_dir":"N","lon":"11837.275","lon_dir":"W","spd_over_grnd":"22.26","true_course":"28.332747","datestamp":"150708","mag_variation":"","mag_var_dir":""}
{"timestamp":"170528","status":"A","lat":"3324.426","lat_dir":"N","lon":"11837.269","lon_dir":"W","spd_over_grnd":"22.26","true_course":"27.115683","datestamp":"150708","mag_variation":"","mag_var_dir":""}
{"timestamp":"170529","status":"A","lat":"3324.435","lat_dir":"N","lon":"11837.264","lon_dir":"W","spd_over_grnd":"22.26","true_course":"27.166576","datestamp":"150708","mag_variation":"","mag_var_dir":""}
{"timestamp":"170531","status":"A","lat":"3324.443","lat_dir":"N","lon":"11837.258","lon_dir":"W","spd_over_grnd":"22.26","true_course":"27.865709","datestamp":"150708","mag_variation":"","mag_var_dir":""}
{"timestamp":"170532","status":"A","lat":"3324.452","lat_dir":"N","lon":"11837.253","lon_dir":"W","spd_over_grnd":"22.26","true_course":"27.717752","datestamp":"150708","mag_variation":"","mag_var_dir":""}
{"timestamp":"170534","status":"A","lat":"3324.460","lat_dir":"N","lon":"11837.248","lon_dir":"W","spd_over_grnd":"22.26","true_course":"26.256826","datestamp":"150708","mag_variation":"","mag_var_dir":""}
{"timestamp":"170536","status":"A","lat":"3324.469","lat_dir":"N","lon":"11837.243","lon_dir":"W","spd_over_grnd":"22.26","true_course":"24.824764","datestamp":"150708","mag_variation":"","mag_var_dir":""}
{"timestamp":"170537","status":"A","lat":"3324.478","lat_dir":"N","lon":"11837.238","lon_dir":"W","spd_over_grnd":"22.26","true_course":"24.762915","datestamp":"150708","mag_variation":"","mag_var_dir":""}
{"timestamp":"170539","status":"A","lat":"3324.486","lat_dir":"N","lon":"11837.233","lon_dir":"W","spd_over_grnd":"22.26","true_course":"25.422333","datestamp":"150708","mag_variation":"","mag_var_dir":""}
{"timestamp":"170540","status":"A","lat":"3324.495","lat_dir":"N","lon":"11837.228","lon_dir":"W","spd_over_grnd":"22.26","true_course":"25.413128","datestamp":"150708","mag_variation":"","mag_var_dir":""}
{"timestamp":"170542","status":"A","lat":"3324.504","lat_dir":"N","lon":"11837.224","lon_dir":"W","spd_over_grnd":"22.26","true_course":"24.136801","datestamp":"150708","mag_variation":"","mag_var_dir":""}
{"timestamp":"170544","status":"A","lat":"3324.513","lat_dir":"N","lon":"11837.219","lon_dir":"W","spd_over_grnd":"22.26","true_course":"22.787920","datestamp":"150708","mag_variation":"","mag_var_dir":""}
{"timestamp":"170545","status":"A","lat":"3324.522","lat_dir":"N","lon":"11837.214","lon_dir":"W","spd_over_grnd":"22.26","true_course":"22.621235","datestamp":"150708","mag_variation":"","mag_var_dir":""}
{"timestamp":"170547","status":"A","lat":"3324.531","lat_dir":"N","lon":"11837.210","lon_dir":"W","spd_over_grnd":"22.26","true_course":"23.242659","datestamp":"150708","mag_variation":"","mag_var_dir":""}
{"timestamp":"170548","status":"A","lat":"3324.540","lat_dir":"N","lon":"11837.205","lon_dir":"W","spd_over_grnd":"22.26","true_course":"23.174889","datestamp":"150708","mag_variation":"","mag_var_dir":""}
{"timestamp":"170550","status":"A","lat":"3324.549","lat_dir":"N","lon":"11837.201","lon_dir":"W","spd_over_grnd":"22.26","true_course":"21.862625","datestamp":"150708","mag_variation":"","mag_var_dir":""}
{"timestamp":"170552","status":"A","lat":"3324.558","lat_dir":"N","lon":"11837.197","lon_dir":"W","spd_over_grnd":"22.26","true_course":"20.550898","datestamp":"150708","mag_variation":"","mag_var_dir":""}
{"timestamp":"170553","status":"A","lat":"3324.567","lat_dir":"N","lon":"11837.192","lon_dir":"W","spd_over_grnd":"22.26","true_course":"20.460682","datestamp":"150708","mag_variation":"","mag_var_dir":""}
{"timestamp":"170555","status":"A","lat":"3324.576","lat_dir":"N","lon":"11837.188","lon_dir":"W","spd_over_grnd":"22.26","true_course":"21.156279","datestamp":"150708","mag_variation":"","mag_var_dir":""}
{"timestamp":"170556","status":"A","lat":"3324.585","lat_dir":"N","lon":"11837.184","lon_dir":"W","spd_over_grnd":"22.26","true_course":"21.147856","datestamp":"150708","mag_variation":"","mag_var_dir":""}
{"timestamp":"170558","status":"A","lat":"3324.595","lat_dir":"N","lon":"11837.180","lon_dir":"W","spd_over_grnd":"22.26","true_course":"19.869532","datestamp":"150708","mag_variation":"","mag_var_dir":""}
{"timestamp":"170559","status":"A","lat":"3324.604","lat_dir":"N","lon":"11837.176","lon_dir":"W","spd_over_grnd":"22.26","true_course":"18.533136","datestamp":"150708","mag_variation":"","mag_var_dir":""}
{"timestamp":"170601","status":"A","lat":"3324.613","lat_dir":"N","lon":"11837.172","lon_dir":"W","spd_over_grnd":"22.26","true_course":"18.362677","datestamp":"150708","mag_variation":"","mag_var_dir":""}
{"timestamp":"170603","status":"A","lat":"3324.622","lat_dir":"N","lon":"11837.169","lon_dir":"W","spd_over_grnd":"22.26","true_course":"18.999449","datestamp":"150708","mag_variation":"","mag_var_dir":""}
{"timestamp":"170604","status":"A","lat":"3324.631","lat_dir":"N","lon":"11837.165","lon_dir":"W","spd_over_grnd":"22.26","true_course":"19.128582","datestamp":"150708","mag_variation":"","mag_var_dir":""}
{"timestamp":"170606","status":"A","lat":"3324.641","lat_dir":"N","lon":"11837.161","lon_dir":"W","spd_over_grnd":"22.26","true_course":"17.870266","datestamp":"150708","mag_variation":"","mag_var_dir":""}
{"timestamp":"170607","status":"A","lat":"3324.650","lat_dir":"N","lon":"11837.158","lon_dir":"W","spd_over_grnd":"22.26","true_course":"16.490780","datestamp":"150708","mag_variation":"","mag_var_dir":""}
{"timestamp":"170609","status":"A","lat":"3324.660","lat_dir":"N","lon":"11837.154","lon_dir":"W","spd_over_grnd":"22.26","true_course":"16.318365","datestamp":"150708","mag_variation":"","mag_var_dir":""}
{"timestamp":"170611","status":"A","lat":"3324.669","lat_dir":"N","lon":"11837.151","lon_dir":"W","spd_over_grnd":"22.26","true_course":"16.918934","datestamp":"150708","mag_variation":"","mag_var_dir":""}
{"timestamp":"170612","status":"A","lat":"3324.678","lat_dir":"N","lon":"11837.148","lon_dir":"W","spd_over_grnd":"22.26","true_course":"16.925537","datestamp":"150708","mag_variation":"","mag_var_dir":""}
{"timestamp":"170614","status":"A","lat":"3324.688","lat_dir":"N","lon":"11837.144","lon_dir":"W","spd_over_grnd":"22.26","true_course":"15.699759","datestamp":"150708","mag_variation":"","mag_var_dir":""}
{"timestamp":"170615","status":"A","lat":"3324.697","lat_dir":"N","lon":"11837.142","lon_dir":"W","spd_over_grnd":"22.26","true_course":"14.301266","datestamp":"150708","mag_variation":"","mag_var_dir":""}
{"timestamp":"170617","status":"A","lat":"3324.706","lat_dir":"N","lon":"11837.139","lon_dir":"W","spd_over_grnd":"22.26","true_course":"14.014620","datestamp":"150708","mag_variation":"","mag_var_dir":""}
{"timestamp":"170619","status":"A","lat":"3324.716","lat_dir":"N","lon":"11837.136","lon_dir":"W","spd_over_grnd":"22.26","true_course":"14.644555","datestamp":"150708","mag_variation":"","mag_var_dir":""}
{"timestamp":"170620","status":"A","lat":"3324.725","lat_dir":"N","lon":"11837.133","lon_dir":"W","spd_over_grnd":"22.26","true_course":"14.735868","datestamp":"150708","mag_variation":"","mag_var_dir":""}
{"timestamp":"170622","status":"A","lat":"3324.734","lat_dir":"N","lon":"11837.130","lon_dir":"W","spd_over_grnd":"22.26","true_course":"13.600820","datestamp":"150708","mag_variation":"","mag_var_dir":""}
{"timestamp":"170623","status":"A","lat":"3324.744","lat_dir":"N","lon":"11837.127","lon_dir":"W","spd_over_grnd":"22.26","true_course":"12.350686","datestamp":"150708","mag_variation":"","mag_var_dir":""}
{"timestamp":"170625","status":"A","lat":"3324.753","lat_dir":"N","lon":"11837.125","lon_dir":"W","spd_over_grnd":"22.26","true_course":"12.279490","datestamp":"150708","mag_variation":"","mag_var_dir":""}
{"timestamp":"170626","status":"A","lat":"3324.763","lat_dir":"N","lon":"11837.122","lon_dir":"W","spd_over_grnd":"22.26","true_course":"13.782395","datestamp":"150708","mag_variation":"","mag_var_dir":""}
{"timestamp":"170628","status":"A","lat":"3324.772","lat_dir":"N","lon":"11837.120","lon_dir":"W","spd_over_grnd":"22.26","true_course":"15.245542","datestamp":"150708","mag_variation":"","mag_var_dir":""}
{"timestamp":"170630","status":"A","lat":"3324.782","lat_dir":"N","lon":"11837.116","lon_dir":"W","spd_over_grnd":"22.26","true_course":"15.770073","datestamp":"150708","mag_variation":"","mag_var_dir":""}
{"timestamp":"170631","status":"A","lat":"3324.791","lat_dir":"N","lon":"11837.113","lon_dir":"W","spd_over_grnd":"22.26","true_course":"16.063831","datestamp":"150708","mag_variation":"","mag_var_dir":""}
{"timestamp":"170633","status":"A","lat":"3324.800","lat_dir":"N","lon":"11837.110","lon_dir":"W","spd_over_grnd":"22.26","true_course":"17.561028","datestamp":"150708","mag_variation":"","mag_var_dir":""}
{"timestamp":"170634","status":"A","lat":"3324.810","lat_dir":"N","lon":"11837.106","lon_dir":"W","spd_over_grnd":"22.26","true_course":"20.462692","datestamp":"150708","mag_variation":"","mag_var_dir":""}
{"timestamp":"170636","status":"A","lat":"3324.819","lat_dir":"N","lon":"11837.102","lon_dir":"W","spd_over_grnd":"22.26","true_course":"22.884027","datestamp":"150708","mag_variation":"","mag_var_dir":""}
{"timestamp":"170638","status":"A","lat":"3324.828","lat_dir":"N","lon":"11837.097","lon_dir":"W","spd_over_grnd":"22.26","true_course":"24.279259","datestamp":"150708","mag_variation":"","mag_var_dir":""}
{"timestamp":"170639","status":"A","lat":"3324.837","lat_dir":"N","lon":"11837.092","lon_dir":"W","spd_over_grnd":"22.26","true_course":"25.120964","datestamp":"150708","mag_variation":"","mag_var_dir":""}
{"timestamp":"170641","status":"A","lat":"3324.845","lat_dir":"N","lon":"11837.087","lon_dir":"W","spd_over_grnd":"22.26","true_course":"27.003925","datestamp":"150708","mag_variation":"","mag_var_dir":""}
{"timestamp":"170642","status":"A","lat":"3324.854","lat_dir":"N","lon":"11837.082","lon_dir":"W","spd_over_grnd":"22.26","true_course":"30.217386","datestamp":"150708","mag_variation":"","mag_var_dir":""}
{"timestamp":"170644","status":"A","lat":"3324.863","lat_dir":"N","lon":"11837.075","lon_dir":"W","spd_over_grnd":"22.26","true_course":"33.070881","datestamp":"150708","mag_variation":"","mag_var_dir":""}
{"timestamp":"170645","status":"A","lat":"3324.871","lat_dir":"N","lon":"11837.069","lon_dir":"W","spd_over_grnd":"22.26","true_course":"34.567738","datestamp":"150708","mag_variation":"","mag_var_dir":""}
{"timestamp":"170647","status":"A","lat":"3324.879","lat_dir":"N","lon":"11837.062","lon_dir":"W","spd_over_grnd":"22.26","true_course":"35.098347","datestamp":"150708","mag_variation":"","mag_var_dir":""}
