{"timestamp":"093217","status":"A","lat":"5002.683","lat_dir":"N","lon":"01004.691","lon_dir":"W","spd_over_grnd":"19.60","true_course":"240.302948","datestamp":"010115","mag_variation":"","mag_var_dir":""}
{"timestamp":"093218","status":"A","lat":"5002.679","lat_dir":"N","lon":"01004.702","lon_dir":"W","spd_over_grnd":"19.60","true_course":"241.342270","datestamp":"010115","mag_variation":"","mag_var_dir":""}
{"timestamp":"093220","status":"A","lat":"5002.675","lat_dir":"N","lon":"01004.714","lon_dir":"W","spd_over_grnd":"19.60","true_course":"241.982742","datestamp":"010115","mag_variation":"","mag_var_dir":""}
{"timestamp":"093222","status":"A","lat":"5002.671","lat_dir":"N","lon":"01004.725","lon_dir":"W","spd_over_grnd":"19.60","true_course":"241.393738","datestamp":"010115","mag_variation":"","mag_var_dir":""}
{"timestamp":"093223","status":"A","lat":"5002.667","lat_dir":"N","lon":"01004.737","lon_dir":"W","spd_over_grnd":"19.60","true_course":"240.199463","datestamp":"010115","mag_variation":"","mag_var_dir":""}
{"timestamp":"093225","status":"A","lat":"5002.663","lat_dir":"N","lon":"01004.748","lon_dir":"W","spd_over_grnd":"19.60","true_course":"240.018188","datestamp":"010115","mag_variation":"","mag_var_dir":""}
{"timestamp":"093226","status":"A","lat":"5002.658","lat_dir":"N","lon":"01004.760","lon_dir":"W","spd_over_grnd":"19.60","true_course":"240.928741","datestamp":"010115","mag_variation":"","mag_var_dir":""}
{"timestamp":"093228","status":"A","lat":"5002.654","lat_dir":"N","lon":"01004.771","lon_dir":"W","spd_over_grnd":"19.60","true_course":"241.531708","datestamp":"010115","mag_variation":"","mag_var_dir":""}
{"timestamp":"093229","status":"A","lat":"5002.650","lat_dir":"N","lon":"01004.783","lon_dir":"W","spd_over_grnd":"19.60","true_course":"240.978973","datestamp":"010115","mag_variation":"","mag_var_dir":""}
{"timestamp":"093231","status":"A","lat":"5002.646","lat_dir":"N","lon":"01004.794","lon_dir":"W","spd_over_grnd":"19.60","true_course":"239.812531","datestamp":"010115","mag_variation":"","mag_var_dir":""}
{"timestamp":"093232","status":"A","lat":"5002.642","lat_dir":"N","lon":"01004.806","lon_dir":"W","spd_over_grnd":"19.60","true_course":"239.297028","datestamp":"010115","mag_variation":"","mag_var_dir":""}
{"timestamp":"093234","status":"A","lat":"5002.637","lat_dir":"N","lon":"01004.817","lon_dir":"W","spd_over_grnd":"19.60","true_course":"240.051575","datestamp":"010115","mag_variation":"","mag_var_dir":""}
{"timestamp":"093235","status":"A","lat":"5002.633","lat_dir":"N","lon":"01004.829","lon_dir":"W","spd_over_grnd":"19.60","true_course":"240.871658","datestamp":"010115","mag_variation":"","mag_var_dir":""}
{"timestamp":"093237","status":"A","lat":"5002.629","lat_dir":"N","lon":"01004.841","lon_dir":"W","spd_over_grnd":"19.60","true_course":"240.455673","datestamp":"010115","mag_variation":"","mag_var_dir":""}
{"timestamp":"093239","status":"A","lat":"5002.625","lat_dir":"N","lon":"01004.852","lon_dir":"W","spd_over_grnd":"19.60","true_course":"238.928085","datestamp":"010115","mag_variation":"","mag_var_dir":""}
{"timestamp":"093240","status":"A","lat":"5002.620","lat_dir":"N","lon":"01004.864","lon_dir":"W","spd_over_grnd":"19.60","true_course":"238.180344","datestamp":"010115","mag_variation":"","mag_var_dir":""}
{"timestamp":"093242","status":"A","lat":"5002.616","lat_dir":"N","lon":"01004.875","lon_dir":"W","spd_over_grnd":"19.60","true_course":"238.743286","datestamp":"010115","mag_variation":"","mag_var_dir":""}
{"timestamp":"093243","status":"A","lat":"5002.611","lat_dir":"N","lon":"01004.887","lon_dir":"W","spd_over_grnd":"19.60","true_course":"239.343201","datestamp":"010115","mag_variation":"","mag_var_dir":""}
{"timestamp":"093245","status":"A","lat":"5002.607","lat_dir":"N","lon":"01004.898","lon_dir":"W","spd_over_grnd":"19.60","true_course":"239.151108","datestamp":"010115","mag_variation":"","mag_var_dir":""}
{"timestamp":"093246","status":"A","lat":"5002.603","lat_dir":"N","lon":"01004.909","lon_dir":"W","spd_over_grnd":"19.60","true_course":"237.727859","datestamp":"010115","mag_variation":"","mag_var_dir":""}
{"timestamp":"093248","status":"A","lat":"5002.598","lat_dir":"N","lon":"01004.920","lon_dir":"W","spd_over_grnd":"19.60","true_course":"236.770416","datestamp":"010115","mag_variation":"","mag_var_dir":""}
{"timestamp":"093249","status":"A","lat":"5002.593","lat_dir":"N","lon":"01004.931","lon_dir":"W","spd_over_grnd":"19.60","true_course":"237.055450","datestamp":"010115","mag_variation":"","mag_var_dir":""}
{"timestamp":"093251","status":"A","lat":"5002.589","lat_dir":"N","lon":"01004.942","lon_dir":"W","spd_over_grnd":"19.60","true_course":"237.689011","datestamp":"010115","mag_variation":"","mag_var_dir":""}
{"timestamp":"093252","status":"A","lat":"5002.584","lat_dir":"N","lon":"01004.953","lon_dir":"W","spd_over_grnd":"19.60","true_course":"237.856461","datestamp":"010115","mag_variation":"","mag_var_dir":""}
{"timestamp":"093254","status":"A","lat":"5002.580","lat_dir":"N","lon":"01004.964","lon_dir":"W","spd_over_grnd":"19.60","true_course":"236.724884","datestamp":"010115","mag_variation":"","mag_var_dir":""}
{"timestamp":"093255","status":"A","lat":"5002.575","lat_dir":"N","lon":"01004.975","lon_dir":"W","spd_over_grnd":"19.60","true_course":"235.573013","datestamp":"010115","mag_variation":"","mag_var_dir":""}
{"timestamp":"093257","status":"A","lat":"5002.570","lat_dir":"N","lon":"01004.986","lon_dir":"W","spd_over_grnd":"19.60","true_course":"235.531403","datestamp":"010115","mag_variation":"","mag_var_dir":""}
{"timestamp":"093259","status":"A","lat":"5002.565","lat_dir":"N","lon":"01004.997","lon_dir":"W","spd_over_grnd":"19.60","true_course":"236.351547","datestamp":"010115","mag_variation":"","mag_var_dir":""}
{"timestamp":"093300","status":"A","lat":"5002.561","lat_dir":"N","lon":"01005.008","lon_dir":"W","spd_over_grnd":"19.60","true_course":"236.772339","datestamp":"010115","mag_variation":"","mag_var_dir":""}
{"timestamp":"093302","status":"A","lat":"5002.556","lat_dir":"N","lon":"01005.019","lon_dir":"W","spd_over_grnd":"19.60","true_course":"235.722443","datestamp":"010115","mag_variation":"","mag_var_dir":""}
{"timestamp":"093303","status":"A","lat":"5002.551","lat_dir":"N","lon":"01005.030","lon_dir":"W","spd_over_grnd":"19.60","true_course":"234.407349","datestamp":"010115","mag_variation":"","mag_var_dir":""}
{"timestamp":"093305","status":"A","lat":"5002.546","lat_dir":"N","lon":"01005.041","lon_dir":"W","spd_over_grnd":"19.60","true_course":"234.249115","datestamp":"010115","mag_variation":"","mag_var_dir":""}
{"timestamp":"093306","status":"A","lat":"5002.541","lat_dir":"N","lon":"01005.052","lon_dir":"W","spd_over_grnd":"19.60","true_course":"235.074005","datestamp":"010115","mag_variation":"","mag_var_dir":""}
{"timestamp":"093308","status":"A","lat":"5002.536","lat_dir":"N","lon":"01005.063","lon_dir":"W","spd_over_grnd":"19.60","true_course":"235.567413","datestamp":"010115","mag_variation":"","mag_var_dir":""}
{"timestamp":"093310","status":"A","lat":"5002.531","lat_dir":"N","lon":"01005.074","lon_dir":"W","spd_over_grnd":"19.60","true_course":"234.791626","datestamp":"010115","mag_variation":"","mag_var_dir":""}
{"timestamp":"093311","status":"A","lat":"5002.526","lat_dir":"N","lon":"01005.085","lon_dir":"W","spd_over_grnd":"19.60","true_course":"233.467834","datestamp":"010115","mag_variation":"","mag_var_dir":""}
{"timestamp":"093313","status":"A","lat":"5002.521","lat_dir":"N","lon":"01005.096","lon_dir":"W","spd_over_grnd":"19.60","true_course":"233.179108","datestamp":"010115","mag_variation":"","mag_var_dir":""}
{"timestamp":"093314","status":"A","lat":"5002.516","lat_dir":"N","lon":"01005.106","lon_dir":"W","spd_over_grnd":"19.60","true_course":"233.898407","datestamp":"010115","mag_variation":"","mag_var_dir":""}
{"timestamp":"093316","status":"A","lat":"5002.511","lat_dir":"N","lon":"01005.117","lon_dir":"W","spd_over_grnd":"19.60","true_course":"234.552734","datestamp":"010115","mag_variation":"","mag_var_dir":""}
{"timestamp":"093317","status":"A","lat":"5002.506","lat_dir":"N","lon":"01005.128","lon_dir":"W","spd_over_grnd":"19.60","true_course":"233.986603","datestamp":"010115","mag_variation":"","mag_var_dir":""}
{"timestamp":"093319","status":"A","lat":"5002.501","lat_dir":"N","lon":"01005.139","lon_dir":"W","spd_over_grnd":"19.60","true_course":"232.662048","datestamp":"010115","mag_variation":"","mag_var_dir":""}
{"timestamp":"093320","status":"A","lat":"5002.495","lat_dir":"N","lon":"01005.149","lon_dir":"W","spd_over_grnd":"19.60","true_course":"232.064209","datestamp":"010115","mag_variation":"","mag_var_dir":""}
{"timestamp":"093322","status":"A","lat":"5002.490","lat_dir":"N","lon":"01005.160","lon_dir":"W","spd_over_grnd":"19.60","true_course":"232.687378","datestamp":"010115","mag_variation":"","mag_var_dir":""}
{"timestamp":"093323","status":"A","lat":"5002.485","lat_dir":"N","lon":"01005.171","lon_dir":"W","spd_over_grnd":"19.60","true_course":"233.461884","datestamp":"010115","mag_variation":"","mag_var_dir":""}
{"timestamp":"093325","status":"A","lat":"5002.480","lat_dir":"N","lon":"01005.182","lon_dir":"W","spd_over_grnd":"19.60","true_course":"233.143768","datestamp":"010115","mag_variation":"","mag_var_dir":""}
{"timestamp":"093326","status":"A","lat":"5002.475","lat_dir":"N","lon":"01005.192","lon_dir":"W","spd_over_grnd":"19.60","true_course":"231.842499","datestamp":"010115","mag_variation":"","mag_var_dir":""}
{"timestamp":"093328","status":"A","lat":"5002.469","lat_dir":"N","lon":"01005.202","lon_dir":"W","spd_over_grnd":"19.60","true_course":"230.850433","datestamp":"010115","mag_variation":"","mag_var_dir":""}
{"timestamp":"093329","status":"A","lat":"5002.464","lat_dir":"N","lon":"01005.213","lon_dir":"W","spd_over_grnd":"19.60","true_course":"231.086945","datestamp":"010115","mag_variation":"","mag_var_dir":""}
{"timestamp":"093331","status":"A","lat":"5002.459","lat_dir":"N","lon":"01005.223","lon_dir":"W","spd_over_grnd":"19.60","true_course":"232.000076","datestamp":"010115","mag_variation":"","mag_var_dir":""}
{"timestamp":"093333","status":"A","lat":"5002.453","lat_dir":"N","lon":"01005.234","lon_dir":"W","spd_over_grnd":"19.60","true_course":"232.021271","datestamp":"010115","mag_variation":"","mag_var_dir":""}
{"timestamp":"093334","status":"A","lat":"5002.448","lat_dir":"N","lon":"01005.245","lon_dir":"W","spd_over_grnd":"19.60","true_course":"230.846451","datestamp":"010115","mag_variation":"","mag_var_dir":""}
{"timestamp":"093336","status":"A","lat":"5002.442","lat_dir":"N","lon":"01005.255","lon_dir":"W","spd_over_grnd":"19.60","true_course":"229.669281","datestamp":"010115","mag_variation":"","mag_var_dir":""}
{"timestamp":"093337","status":"A","lat":"5002.437","lat_dir":"N","lon":"01005.265","lon_dir":"W","spd_over_grnd":"19.60","true_course":"229.702713","datestamp":"010115","mag_variation":"","mag_var_dir":""}
{"timestamp":"093339","status":"A","lat":"5002.431","lat_dir":"N","lon":"01005.275","lon_dir":"W","spd_over_grnd":"19.60","true_course":"230.651642","datestamp":"010115","mag_variation":"","mag_var_dir":""}
{"timestamp":"093340","status":"A","lat":"5002.426","lat_dir":"N","lon":"01005.285","lon_dir":"W","spd_over_grnd":"19.60","true_course":"230.997742","datestamp":"010115","mag_variation":"","mag_var_dir":""}
{"timestamp":"093341","status":"A","lat":"5002.421","lat_dir":"N","lon":"01005.295","lon_dir":"W","spd_over_grnd":"19.60","true_course":"230.210663","datestamp":"010115","mag_variation":"","mag_var_dir":""}
{"timestamp":"093343","status":"A","lat":"5002.415","lat_dir":"N","lon":"01005.305","lon_dir":"W","spd_over_grnd":"19.60","true_course":"228.910400","datestamp":"010115","mag_variation":"","mag_var_dir":""}
{"timestamp":"093345","status":"A","lat":"5002.410","lat_dir":"N","lon":"01005.315","lon_dir":"W","spd_over_grnd":"19.60","true_course":"228.552887","datestamp":"010115","mag_variation":"","mag_var_dir":""}
{"timestamp":"093346","status":"A","lat":"5002.404","lat_dir":"N","lon":"01005.325","lon_dir":"W","spd_over_grnd":"19.60","true_course":"229.449677","datestamp":"010115","mag_variation":"","mag_var_dir":""}
{"timestamp":"093348","status":"A","lat":"5002.398","lat_dir":"N","lon":"01005.335","lon_dir":"W","spd_over_grnd":"19.60","true_course":"230.093430","datestamp":"010115","mag_variation":"","mag_var_dir":""}
{"timestamp":"093349","status":"A","lat":"5002.393","lat_dir":"N","lon":"01005.346","lon_dir":"W","spd_over_grnd":"19.60","true_course":"229.612640","datestamp":"010115","mag_variation":"","mag_var_dir":""}
{"timestamp":"093351","status":"A","lat":"5002.387","lat_dir":"N","lon":"01005.355","lon_dir":"W","spd_over_grnd":"19.60","true_course":"228.180206","datestamp":"010115","mag_variation":"","mag_var_dir":""}
{"timestamp":"093352","status":"A","lat":"5002.382","lat_dir":"N","lon":"01005.365","lon_dir":"W","spd_over_grnd":"19.60","true_course":"227.441437","datestamp":"010115","mag_variation":"","mag_var_dir":""}
{"timestamp":"093354","status":"A","lat":"5002.376","lat_dir":"N","lon":"01005.375","lon_dir":"W","spd_over_grnd":"19.60","true_course":"227.931595","datestamp":"010115","mag_variation":"","mag_var_dir":""}
{"timestamp":"093355","status":"A","lat":"5002.371","lat_dir":"N","lon":"01005.385","lon_dir":"W","spd_over_grnd":"19.60","true_course":"228.895264","datestamp":"010115","mag_variation":"","mag_var_dir":""}
{"timestamp":"093357","status":"A","lat":"5002.365","lat_dir":"N","lon":"01005.395","lon_dir":"W","spd_over_grnd":"19.60","true_course":"228.756943","datestamp":"010115","mag_variation":"","mag_var_dir":""}
{"timestamp":"093358","status":"A","lat":"5002.359","lat_dir":"N","lon":"01005.405","lon_dir":"W","spd_over_grnd":"19.60","true_course":"227.558701","datestamp":"010115","mag_variation":"","mag_var_dir":""}
{"timestamp":"093400","status":"A","lat":"5002.353","lat_dir":"N","lon":"01005.415","lon_dir":"W","spd_over_grnd":"19.60","true_course":"226.589447","datestamp":"010115","mag_variation":"","mag_var_dir":""}
{"timestamp":"093401","status":"A","lat":"5002.347","lat_dir":"N","lon":"01005.425","lon_dir":"W","spd_over_grnd":"19.60","true_course":"226.677002","datestamp":"010115","mag_variation":"","mag_var_dir":""}
{"timestamp":"093403","status":"A","lat":"5002.341","lat_dir":"N","lon":"01005.435","lon_dir":"W","spd_over_grnd":"19.60","true_course":"227.545181","datestamp":"010115","mag_variation":"","mag_var_dir":""}
{"timestamp":"093404","status":"A","lat":"5002.336","lat_dir":"N","lon":"01005.445","lon_dir":"W","spd_over_grnd":"19.60","true_course":"227.781357","datestamp":"010115","mag_variation":"","mag_var_dir":""}
{"timestamp":"093406","status":"A","lat":"5002.330","lat_dir":"N","lon":"01005.454","lon_dir":"W","spd_over_grnd":"19.60","true_course":"226.758179","datestamp":"010115","mag_variation":"","mag_var_dir":""}
{"timestamp":"093407","status":"A","lat":"5002.324","lat_dir":"N","lon":"01005.464","lon_dir":"W","spd_over_grnd":"19.60","true_course":"225.693817","datestamp":"010115","mag_variation":"","mag_var_dir":""}
{"timestamp":"093409","status":"A","lat":"5002.318","lat_dir":"N","lon":"01005.473","lon_dir":"W","spd_over_grnd":"19.60","true_course":"225.484665","datestamp":"010115","mag_variation":"","mag_var_dir":""}
{"timestamp":"093410","status":"A","lat":"5002.312","lat_dir":"N","lon":"01005.482","lon_dir":"W","spd_over_grnd":"19.60","true_course":"226.244461","datestamp":"010115","mag_variation":"","mag_var_dir":""}
{"timestamp":"093412","status":"A","lat":"5002.306","lat_dir":"N","lon":"01005.492","lon_dir":"W","spd_over_grnd":"19.60","true_course":"226.678268","datestamp":"010115","mag_variation":"","mag_var_dir":""}
{"timestamp":"093413","status":"A","lat":"5002.300","lat_dir":"N","lon":"01005.502","lon_dir":"W","spd_over_grnd":"19.60","true_course":"226.013763","datestamp":"010115","mag_variation":"","mag_var_dir":""}
{"timestamp":"093415","status":"A","lat":"5002.295","lat_dir":"N","lon":"01005.511","lon_dir":"W","spd_over_grnd":"19.60","true_course":"224.665024","datestamp":"010115","mag_variation":"","mag_var_dir":""}
{"timestamp":"093416","status":"A","lat":"5002.288","lat_dir":"N","lon":"01005.520","lon_dir":"W","spd_over_grnd":"19.60","true_course":"224.172714","datestamp":"010115","mag_variation":"","mag_var_dir":""}
{"timestamp":"093418","status":"A","lat":"5002.282","lat_dir":"N","lon":"01005.530","lon_dir":"W","spd_over_grnd":"19.60","true_course":"224.910065","datestamp":"010115","mag_variation":"","mag_var_dir":""}
{"timestamp":"093419","status":"A","lat":"5002.276","lat_dir":"N","lon":"01005.539","lon_dir":"W","spd_over_grnd":"19.60","true_course":"225.626099","datestamp":"010115","mag_variation":"","mag_var_dir":""}
{"timestamp":"093421","status":"A","lat":"5002.270","lat_dir":"N","lon":"01005.549","lon_dir":"W","spd_over_grnd":"19.60","true_course":"225.206955","datestamp":"010115","mag_variation":"","mag_var_dir":""}
{"timestamp":"093422","status":"A","lat":"5002.264","lat_dir":"N","lon":"01005.558","lon_dir":"W","spd_over_grnd":"19.60","true_course":"223.811813","datestamp":"010115","mag_variation":"","mag_var_dir":""}
{"timestamp":"093424","status":"A","lat":"5002.258","lat_dir":"N","lon":"01005.567","lon_dir":"W","spd_over_grnd":"19.60","true_course":"222.930573","datestamp":"010115","mag_variation":"","mag_var_dir":""}
{"timestamp":"093426","status":"A","lat":"5002.252","lat_dir":"N","lon":"01005.576","lon_dir":"W","spd_over_grnd":"19.60","true_course":"223.355072","datestamp":"010115","mag_variation":"","mag_var_dir":""}
{"timestamp":"093427","status":"A","lat":"5002.245","lat_dir":"N","lon":"01005.586","lon_dir":"W","spd_over_grnd":"19.60","true_course":"224.242294","datestamp":"010115","mag_variation":"","mag_var_dir":""}
{"timestamp":"093429","status":"A","lat":"5002.239","lat_dir":"N","lon":"01005.595","lon_dir":"W","spd_over_grnd":"19.60","true_course":"224.178635","datestamp":"010115","mag_variation":"","mag_var_dir":""}
{"timestamp":"093430","status":"A","lat":"5002.233","lat_dir":"N","lon":"01005.604","lon_dir":"W","spd_over_grnd":"19.60","true_course":"222.901260","datestamp":"010115","mag_variation":"","mag_var_dir":""}
{"timestamp":"093432","status":"A","lat":"5002.227","lat_dir":"N","lon":"01005.613","lon_dir":"W","spd_over_grnd":"19.60","true_course":"221.875504","datestamp":"010115","mag_variation":"","mag_var_dir":""}
{"timestamp":"093433","status":"A","lat":"5002.220","lat_dir":"N","lon":"01005.622","lon_dir":"W","spd_over_grnd":"19.60","true_course":"222.138000","datestamp":"010115","mag_variation":"","mag_var_dir":""}
{"timestamp":"093435","status":"A","lat":"5002.214","lat_dir":"N","lon":"01005.631","lon_dir":"W","spd_over_grnd":"19.60","true_course":"222.899368","datestamp":"010115","mag_variation":"","mag_var_dir":""}
{"timestamp":"093436","status":"A","lat":"5002.208","lat_dir":"N","lon":"01005.640","lon_dir":"W","spd_over_grnd":"19.60","true_course":"223.035919","datestamp":"010115","mag_variation":"","mag_var_dir":""}
{"timestamp":"093438","status":"A","lat":"5002.201","lat_dir":"N","lon":"01005.649","lon_dir":"W","spd_over_grnd":"19.60","true_course":"221.846695","datestamp":"010115","mag_variation":"","mag_var_dir":""}
{"timestamp":"093439","status":"A","lat":"5002.195","lat_dir":"N","lon":"01005.658","lon_dir":"W","spd_over_grnd":"19.60","true_course":"220.659317","datestamp":"010115","mag_variation":"","mag_var_dir":""}
{"timestamp":"093441","status":"A","lat":"5002.188","lat_dir":"N","lon":"01005.667","lon_dir":"W","spd_over_grnd":"19.60","true_course":"220.652176","datestamp":"010115","mag_variation":"","mag_var_dir":""}
{"timestamp":"093443","status":"A","lat":"5002.182","lat_dir":"N","lon":"01005.675","lon_dir":"W","spd_over_grnd":"19.60","true_course":"221.627441","datestamp":"010115","mag_variation":"","mag_var_dir":""}
{"timestamp":"093444","status":"A","lat":"5002.176","lat_dir":"N","lon":"01005.684","lon_dir":"W","spd_over_grnd":"19.60","true_course":"221.932892","datestamp":"010115","mag_variation":"","mag_var_dir":""}
{"timestamp":"093446","status":"A","lat":"5002.169","lat_dir":"N","lon":"01005.693","lon_dir":"W","spd_over_grnd":"19.60","true_course":"221.090210","datestamp":"010115","mag_variation":"","mag_var_dir":""}
{"timestamp":"093447","status":"A","lat":"5002.163","lat_dir":"N","lon":"01005.702","lon_dir":"W","spd_over_grnd":"19.60","true_course":"219.748428","datestamp":"010115","mag_variation":"","mag_var_dir":""}
{"timestamp":"093449","status":"A","lat":"5002.156","lat_dir":"N","lon":"01005.710","lon_dir":"W","spd_over_grnd":"19.60","true_course":"219.487488","datestamp":"010115","mag_variation":"","mag_var_dir":""}
{"timestamp":"093450","status":"A","lat":"5002.150","lat_dir":"N","lon":"01005.719","lon_dir":"W","spd_over_grnd":"19.60","true_course":"220.321960","datestamp":"010115","mag_variation":"","mag_var_dir":""}
{"timestamp":"093452","status":"A","lat":"5002.143","lat_dir":"N","lon":"01005.727","lon_dir":"W","spd_over_grnd":"19.60","true_course":"220.882858","datestamp":"010115","mag_variation":"","mag_var_dir":""}
{"timestamp":"093453","status":"A","lat":"5002.136","lat_dir":"N","lon":"01005.736","lon_dir":"W","spd_over_grnd":"19.60","true_course":"220.194855","datestamp":"010115","mag_variation":"","mag_var_dir":""}
{"timestamp":"093455","status":"A","lat":"5002.130","lat_dir":"N","lon":"01005.745","lon_dir":"W","spd_over_grnd":"19.60","true_course":"218.753830","datestamp":"010115","mag_variation":"","mag_var_dir":""}
{"timestamp":"093456","status":"A","lat":"5002.123","lat_dir":"N","lon":"01005.753","lon_dir":"W","spd_over_grnd":"19.60","true_course":"218.235077","datestamp":"010115","mag_variation":"","mag_var_dir":""}
{"timestamp":"093458","status":"A","lat":"5002.116","lat_dir":"N","lon":"01005.762","lon_dir":"W","spd_over_grnd":"19.60","true_course":"218.737198","datestamp":"010115","mag_variation":"","mag_var_dir":""}
{"timestamp":"093459","status":"A","lat":"5002.110","lat_dir":"N","lon":"01005.770","lon_dir":"W","spd_over_grnd":"19.60","true_course":"219.413956","datestamp":"010115","mag_variation":"","mag_var_dir":""}
{"timestamp":"093501","status":"A","lat":"5002.103","lat_dir":"N","lon":"01005.779","lon_dir":"W","spd_over_grnd":"19.60","true_course":"218.910889","datestamp":"010115","mag_variation":"","mag_var_dir":""}
{"timestamp":"093503","status":"A","lat":"5002.096","lat_dir":"N","lon":"01005.787","lon_dir":"W","spd_over_grnd":"19.60","true_course":"217.728638","datestamp":"010115","mag_variation":"","mag_var_dir":""}
{"timestamp":"093504","status":"A","lat":"5002.089","lat_dir":"N","lon":"01005.795","lon_dir":"W","spd_over_grnd":"19.60","true_course":"216.984787","datestamp":"010115","mag_variation":"","mag_var_dir":""}
{"timestamp":"093506","status":"A","lat":"5002.082","lat_dir":"N","lon":"01005.803","lon_dir":"W","spd_over_grnd":"19.60","true_course":"217.488831","datestamp":"010115","mag_variation":"","mag_var_dir":""}
{"timestamp":"093507","status":"A","lat":"5002.075","lat_dir":"N","lon":"01005.811","lon_dir":"W","spd_over_grnd":"19.60","true_course":"218.326279","datestamp":"010115","mag_variation":"","mag_var_dir":""}
{"timestamp":"093509","status":"A","lat":"5002.068","lat_dir":"N","lon":"01005.820","lon_dir":"W","spd_over_grnd":"19.60","true_course":"218.098175","datestamp":"010115","mag_variation":"","mag_var_dir":""}
{"timestamp":"093510","status":"A","lat":"5002.062","lat_dir":"N","lon":"01005.828","lon_dir":"W","spd_over_grnd":"19.60","true_course":"216.885391","datestamp":"010115","mag_variation":"","mag_var_dir":""}
{"timestamp":"093512","status":"A","lat":"5002.055","lat_dir":"N","lon":"01005.836","lon_dir":"W","spd_over_grnd":"19.60","true_course":"215.924591","datestamp":"010115","mag_variation":"","mag_var_dir":""}
{"timestamp":"093513","status":"A","lat":"5002.048","lat_dir":"N","lon":"01005.844","lon_dir":"W","spd_over_grnd":"19.60","true_course":"216.202286","datestamp":"010115","mag_variation":"","mag_var_dir":""}
{"timestamp":"093515","status":"A","lat":"5002.041","lat_dir":"N","lon":"01005.852","lon_dir":"W","spd_over_grnd":"19.60","true_course":"217.039444","datestamp":"010115","mag_variation":"","mag_var_dir":""}
{"timestamp":"093517","status":"A","lat":"5002.034","lat_dir":"N","lon":"01005.860","lon_dir":"W","spd_over_grnd":"19.60","true_course":"217.002151","datestamp":"010115","mag_variation":"","mag_var_dir":""}
{"timestamp":"093518","status":"A","lat":"5002.027","lat_dir":"N","lon":"01005.868","lon_dir":"W","spd_over_grnd":"19.60","true_course":"215.888245","datestamp":"010115","mag_variation":"","mag_var_dir":""}
{"timestamp":"093520","status":"A","lat":"5002.020","lat_dir":"N","lon":"01005.876","lon_dir":"W","spd_over_grnd":"19.60","true_course":"214.826035","datestamp":"010115","mag_variation":"","mag_var_dir":""}
{"timestamp":"093521","status":"A","lat":"5002.013","lat_dir":"N","lon":"01005.883","lon_dir":"W","spd_over_grnd":"19.60","true_course":"214.905807","datestamp":"010115","mag_variation":"","mag_var_dir":""}
{"timestamp":"093523","status":"A","lat":"5002.006","lat_dir":"N","lon":"01005.891","lon_dir":"W","spd_over_grnd":"19.60","true_course":"215.704819","datestamp":"010115","mag_variation":"","mag_var_dir":""}
{"timestamp":"093524","status":"A","lat":"5001.999","lat_dir":"N","lon":"01005.899","lon_dir":"W","spd_over_grnd":"19.60","true_course":"215.980637","datestamp":"010115","mag_variation":"","mag_var_dir":""}
{"timestamp":"093526","status":"A","lat":"5001.992","lat_dir":"N","lon":"01005.907","lon_dir":"W","spd_over_grnd":"19.60","true_course":"214.934708","datestamp":"010115","mag_variation":"","mag_var_dir":""}
{"timestamp":"093527","status":"A","lat":"5001.985","lat_dir":"N","lon":"01005.914","lon_dir":"W","spd_over_grnd":"19.60","true_course":"213.801315","datestamp":"010115","mag_variation":"","mag_var_dir":""}
{"timestamp":"093529","status":"A","lat":"5001.978","lat_dir":"N","lon":"01005.922","lon_dir":"W","spd_over_grnd":"19.60","true_course":"213.607300","datestamp":"010115","mag_variation":"","mag_var_dir":""}
{"timestamp":"093530","status":"A","lat":"5001.970","lat_dir":"N","lon":"01005.929","lon_dir":"W","spd_over_grnd":"19.60","true_course":"214.518280","datestamp":"010115","mag_variation":"","mag_var_dir":""}
{"timestamp":"093532","status":"A","lat":"5001.963","lat_dir":"N","lon":"01005.937","lon_dir":"W","spd_over_grnd":"19.60","true_course":"215.019913","datestamp":"010115","mag_variation":"","mag_var_dir":""}
{"timestamp":"093533","status":"A","lat":"5001.956","lat_dir":"N","lon":"01005.945","lon_dir":"W","spd_over_grnd":"19.60","true_course":"214.235550","datestamp":"010115","mag_variation":"","mag_var_dir":""}
{"timestamp":"093535","status":"A","lat":"5001.949","lat_dir":"N","lon":"01005.952","lon_dir":"W","spd_over_grnd":"19.60","true_course":"212.876862","datestamp":"010115","mag_variation":"","mag_var_dir":""}
{"timestamp":"093537","status":"A","lat":"5001.942","lat_dir":"N","lon":"01005.959","lon_dir":"W","spd_over_grnd":"19.60","true_course":"212.476685","datestamp":"010115","mag_variation":"","mag_var_dir":""}
{"timestamp":"093538","status":"A","lat":"5001.935","lat_dir":"N","lon":"01005.967","lon_dir":"W","spd_over_grnd":"19.60","true_course":"213.305450","datestamp":"010115","mag_variation":"","mag_var_dir":""}
{"timestamp":"093540","status":"A","lat":"5001.927","lat_dir":"N","lon":"01005.974","lon_dir":"W","spd_over_grnd":"19.60","true_course":"214.010742","datestamp":"010115","mag_variation":"","mag_var_dir":""}
{"timestamp":"093541","status":"A","lat":"5001.920","lat_dir":"N","lon":"01005.982","lon_dir":"W","spd_over_grnd":"19.60","true_course":"213.481735","datestamp":"010115","mag_variation":"","mag_var_dir":""}
{"timestamp":"093543","status":"A","lat":"5001.913","lat_dir":"N","lon":"01005.989","lon_dir":"W","spd_over_grnd":"19.60","true_course":"212.094559","datestamp":"010115","mag_variation":"","mag_var_dir":""}
{"timestamp":"093544","status":"A","lat":"5001.906","lat_dir":"N","lon":"01005.996","lon_dir":"W","spd_over_grnd":"19.60","true_course":"211.515930","datestamp":"010115","mag_variation":"","mag_var_dir":""}
{"timestamp":"093546","status":"A","lat":"5001.898","lat_dir":"N","lon":"01006.003","lon_dir":"W","spd_over_grnd":"19.60","true_course":"212.265198","datestamp":"010115","mag_variation":"","mag_var_dir":""}
{"timestamp":"093547","status":"A","lat":"5001.891","lat_dir":"N","lon":"01006.010","lon_dir":"W","spd_over_grnd":"19.60","true_course":"213.140259","datestamp":"010115","mag_variation":"","mag_var_dir":""}
{"timestamp":"093549","status":"A","lat":"5001.884","lat_dir":"N","lon":"01006.017","lon_dir":"W","spd_over_grnd":"19.60","true_course":"212.789337","datestamp":"010115","mag_variation":"","mag_var_dir":""}
{"timestamp":"093550","status":"A","lat":"5001.877","lat_dir":"N","lon":"01006.025","lon_dir":"W","spd_over_grnd":"19.60","true_course":"211.551468","datestamp":"010115","mag_variation":"","mag_var_dir":""}
{"timestamp":"093552","status":"A","lat":"5001.869","lat_dir":"N","lon":"01006.031","lon_dir":"W","spd_over_grnd":"19.60","true_course":"210.686554","datestamp":"010115","mag_variation":"","mag_var_dir":""}
{"timestamp":"093554","status":"A","lat":"5001.862","lat_dir":"N","lon":"01006.038","lon_dir":"W","spd_over_grnd":"19.60","true_course":"211.024292","datestamp":"010115","mag_variation":"","mag_var_dir":""}
{"timestamp":"093555","status":"A","lat":"5001.855","lat_dir":"N","lon":"01006.045","lon_dir":"W","spd_over_grnd":"19.60","true_course":"211.921432","datestamp":"010115","mag_variation":"","mag_var_dir":""}
{"timestamp":"093557","status":"A","lat":"5001.847","lat_dir":"N","lon":"01006.052","lon_dir":"W","spd_over_grnd":"19.60","true_course":"211.795563","datestamp":"010115","mag_variation":"","mag_var_dir":""}
{"timestamp":"093558","status":"A","lat":"5001.840","lat_dir":"N","lon":"01006.059","lon_dir":"W","spd_over_grnd":"19.60","true_course":"210.702835","datestamp":"010115","mag_variation":"","mag_var_dir":""}
{"timestamp":"093600","status":"A","lat":"5001.833","lat_dir":"N","lon":"01006.066","lon_dir":"W","spd_over_grnd":"19.60","true_course":"209.741669","datestamp":"010115","mag_variation":"","mag_var_dir":""}
{"timestamp":"093601","status":"A","lat":"5001.825","lat_dir":"N","lon":"01006.072","lon_dir":"W","spd_over_grnd":"19.60","true_course":"209.905106","datestamp":"010115","mag_variation":"","mag_var_dir":""}
{"timestamp":"093603","status":"A","lat":"5001.818","lat_dir":"N","lon":"01006.079","lon_dir":"W","spd_over_grnd":"19.60","true_course":"210.758575","datestamp":"010115","mag_variation":"","mag_var_dir":""}
{"timestamp":"093604","status":"A","lat":"5001.810","lat_dir":"N","lon":"01006.086","lon_dir":"W","spd_over_grnd":"19.60","true_course":"210.921585","datestamp":"010115","mag_variation":"","mag_var_dir":""}
{"timestamp":"093606","status":"A","lat":"5001.803","lat_dir":"N","lon":"01006.093","lon_dir":"W","spd_over_grnd":"19.60","true_course":"209.902084","datestamp":"010115","mag_variation":"","mag_var_dir":""}
{"timestamp":"093607","status":"A","lat":"5001.795","lat_dir":"N","lon":"01006.099","lon_dir":"W","spd_over_grnd":"19.60","true_course":"208.755844","datestamp":"010115","mag_variation":"","mag_var_dir":""}
{"timestamp":"093609","status":"A","lat":"5001.788","lat_dir":"N","lon":"01006.106","lon_dir":"W","spd_over_grnd":"19.60","true_course":"208.750168","datestamp":"010115","mag_variation":"","mag_var_dir":""}
{"timestamp":"093610","status":"A","lat":"5001.780","lat_dir":"N","lon":"01006.112","lon_dir":"W","spd_over_grnd":"19.60","true_course":"209.641098","datestamp":"010115","mag_variation":"","mag_var_dir":""}
{"timestamp":"093612","status":"A","lat":"5001.773","lat_dir":"N","lon":"01006.119","lon_dir":"W","spd_over_grnd":"19.60","true_course":"210.017578","datestamp":"010115","mag_variation":"","mag_var_dir":""}
{"timestamp":"093614","status":"A","lat":"5001.766","lat_dir":"N","lon":"01006.126","lon_dir":"W","spd_over_grnd":"19.60","true_course":"209.049957","datestamp":"010115","mag_variation":"","mag_var_dir":""}
{"timestamp":"093615","status":"A","lat":"5001.758","lat_dir":"N","lon":"01006.132","lon_dir":"W","spd_over_grnd":"19.60","true_course":"207.781937","datestamp":"010115","mag_variation":"","mag_var_dir":""}
{"timestamp":"093617","status":"A","lat":"5001.750","lat_dir":"N","lon":"01006.138","lon_dir":"W","spd_over_grnd":"19.60","true_course":"207.534943","datestamp":"010115","mag_variation":"","mag_var_dir":""}
{"timestamp":"093618","status":"A","lat":"5001.743","lat_dir":"N","lon":"01006.144","lon_dir":"W","spd_over_grnd":"19.60","true_course":"208.356888","datestamp":"010115","mag_variation":"","mag_var_dir":""}
{"timestamp":"093620","status":"A","lat":"5001.735","lat_dir":"N","lon":"01006.151","lon_dir":"W","spd_over_grnd":"19.60","true_course":"209.061890","datestamp":"010115","mag_variation":"","mag_var_dir":""}
{"timestamp":"093621","status":"A","lat":"5001.728","lat_dir":"N","lon":"01006.157","lon_dir":"W","spd_over_grnd":"19.60","true_course":"208.305878","datestamp":"010115","mag_variation":"","mag_var_dir":""}
{"timestamp":"093623","status":"A","lat":"5001.720","lat_dir":"N","lon":"01006.163","lon_dir":"W","spd_over_grnd":"19.60","true_course":"207.075775","datestamp":"010115","mag_variation":"","mag_var_dir":""}
{"timestamp":"093624","status":"A","lat":"5001.713","lat_dir":"N","lon":"01006.169","lon_dir":"W","spd_over_grnd":"19.60","true_course":"206.590607","datestamp":"010115","mag_variation":"","mag_var_dir":""}
{"timestamp":"093626","status":"A","lat":"5001.705","lat_dir":"N","lon":"01006.175","lon_dir":"W","spd_over_grnd":"19.60","true_course":"207.299637","datestamp":"010115","mag_variation":"","mag_var_dir":""}
{"timestamp":"093628","status":"A","lat":"5001.697","lat_dir":"N","lon":"01006.182","lon_dir":"W","spd_over_grnd":"19.60","true_course":"208.125748","datestamp":"010115","mag_variation":"","mag_var_dir":""}
{"timestamp":"093629","status":"A","lat":"5001.690","lat_dir":"N","lon":"01006.188","lon_dir":"W","spd_over_grnd":"19.60","true_course":"207.608398","datestamp":"010115","mag_variation":"","mag_var_dir":""}
{"timestamp":"093631","status":"A","lat":"5001.682","lat_dir":"N","lon":"01006.194","lon_dir":"W","spd_over_grnd":"19.60","true_course":"206.240677","datestamp":"010115","mag_variation":"","mag_var_dir":""}
{"timestamp":"093632","status":"A","lat":"5001.674","lat_dir":"N","lon":"01006.200","lon_dir":"W","spd_over_grnd":"19.60","true_course":"205.592987","datestamp":"010115","mag_variation":"","mag_var_dir":""}
