{"timestamp":"170812","status":"A","lat":"3325.267","lat_dir":"N","lon":"11837.316","lon_dir":"W","spd_over_grnd":"21.06","true_course":"322.528534","datestamp":"150708","mag_variation":"","mag_var_dir":""}
{"timestamp":"170814","status":"A","lat":"3325.274","lat_dir":"N","lon":"11837.322","lon_dir":"W","spd_over_grnd":"21.02","true_course":"322.434753","datestamp":"150708","mag_variation":"","mag_var_dir":""}
{"timestamp":"170815","status":"A","lat":"3325.281","lat_dir":"N","lon":"11837.329","lon_dir":"W","spd_over_grnd":"20.99","true_course":"321.760559","datestamp":"150708","mag_variation":"","mag_var_dir":""}
{"timestamp":"170817","status":"A","lat":"3325.288","lat_dir":"N","lon":"11837.336","lon_dir":"W","spd_over_grnd":"20.96","true_course":"322.157898","datestamp":"150708","mag_variation":"","mag_var_dir":""}
{"timestamp":"170818","status":"A","lat":"3325.296","lat_dir":"N","lon":"11837.343","lon_dir":"W","spd_over_grnd":"20.93","true_course":"323.461395","datestamp":"150708","mag_variation":"","mag_var_dir":""}
{"timestamp":"170820","status":"A","lat":"3325.303","lat_dir":"N","lon":"11837.348","lon_dir":"W","spd_over_grnd":"20.91","true_course":"324.437683","datestamp":"150708","mag_variation":"","mag_var_dir":""}
{"timestamp":"170821","status":"A","lat":"3325.310","lat_dir":"N","lon":"11837.355","lon_dir":"W","spd_over_grnd":"20.90","true_course":"324.169434","datestamp":"150708","mag_variation":"","mag_var_dir":""}
{"timestamp":"170823","status":"A","lat":"3325.318","lat_dir":"N","lon":"11837.361","lon_dir":"W","spd_over_grnd":"20.88","true_course":"323.480377","datestamp":"150708","mag_variation":"","mag_var_dir":""}
{"timestamp":"170825","status":"A","lat":"3325.325","lat_dir":"N","lon":"11837.368","lon_dir":"W","spd_over_grnd":"20.87","true_course":"323.637207","datestamp":"150708","mag_variation":"","mag_var_dir":""}
{"timestamp":"170826","status":"A","lat":"3325.332","lat_dir":"N","lon":"11837.374","lon_dir":"W","spd_over_grnd":"20.86","true_course":"324.825867","datestamp":"150708","mag_variation":"","mag_var_dir":""}
{"timestamp":"170828","status":"A","lat":"3325.340","lat_dir":"N","lon":"11837.380","lon_dir":"W","spd_over_grnd":"20.85","true_course":"325.858948","datestamp":"150708","mag_variation":"","mag_var_dir":""}
{"timestamp":"170829","status":"A","lat":"3325.347","lat_dir":"N","lon":"11837.386","lon_dir":"W","spd_over_grnd":"20.84","true_course":"325.627472","datestamp":"150708","mag_variation":"","mag_var_dir":""}
{"timestamp":"170831","status":"A","lat":"3325.354","lat_dir":"N","lon":"11837.392","lon_dir":"W","spd_over_grnd":"20.83","true_course":"324.886536","datestamp":"150708","mag_variation":"","mag_var_dir":""}
{"timestamp":"170832","status":"A","lat":"3325.362","lat_dir":"N","lon":"11837.398","lon_dir":"W","spd_over_grnd":"20.83","true_course":"324.865356","datestamp":"150708","mag_variation":"","mag_var_dir":""}
{"timestamp":"170834","status":"A","lat":"3325.369","lat_dir":"N","lon":"11837.405","lon_dir":"W","spd_over_grnd":"20.82","true_course":"325.947479","datestamp":"150708","mag_variation":"","mag_var_dir":""}
{"timestamp":"170836","status":"A","lat":"3325.376","lat_dir":"N","lon":"11837.410","lon_dir":"W","spd_over_grnd":"20.82","true_course":"327.037384","datestamp":"150708","mag_variation":"","mag_var_dir":""}
{"timestamp":"170837","status":"A","lat":"3325.384","lat_dir":"N","lon":"11837.416","lon_dir":"W","spd_over_grnd":"20.81","true_course":"327.045227","datestamp":"150708","mag_variation":"","mag_var_dir":""}
{"timestamp":"170839","status":"A","lat":"3325.391","lat_dir":"N","lon":"11837.422","lon_dir":"W","spd_over_grnd":"20.81","true_course":"326.322327","datestamp":"150708","mag_variation":"","mag_var_dir":""}
{"timestamp":"170840","status":"A","lat":"3325.399","lat_dir":"N","lon":"11837.428","lon_dir":"W","spd_over_grnd":"20.81","true_course":"326.044312","datestamp":"150708","mag_variation":"","mag_var_dir":""}
{"timestamp":"170842","status":"A","lat":"3325.407","lat_dir":"N","lon":"11837.434","lon_dir":"W","spd_over_grnd":"20.80","true_course":"327.167114","datestamp":"150708","mag_variation":"","mag_var_dir":""}
{"timestamp":"170843","status":"A","lat":"3325.414","lat_dir":"N","lon":"11837.440","lon_dir":"W","spd_over_grnd":"20.80","true_course":"328.253357","datestamp":"150708","mag_variation":"","mag_var_dir":""}
{"timestamp":"170845","status":"A","lat":"3325.422","lat_dir":"N","lon":"11837.446","lon_dir":"W","spd_over_grnd":"20.80","true_course":"328.185730","datestamp":"150708","mag_variation":"","mag_var_dir":""}
{"timestamp":"170847","status":"A","lat":"3325.430","lat_dir":"N","lon":"11837.451","lon_dir":"W","spd_over_grnd":"20.80","true_course":"327.459351","datestamp":"150708","mag_variation":"","mag_var_dir":""}
{"timestamp":"170848","status":"A","lat":"3325.437","lat_dir":"N","lon":"11837.457","lon_dir":"W","spd_over_grnd":"20.80","true_course":"327.224915","datestamp":"150708","mag_variation":"","mag_var_dir":""}
{"timestamp":"170850","status":"A","lat":"3325.445","lat_dir":"N","lon":"11837.463","lon_dir":"W","spd_over_grnd":"20.80","true_course":"328.313599","datestamp":"150708","mag_variation":"","mag_var_dir":""}
{"timestamp":"170851","status":"A","lat":"3325.453","lat_dir":"N","lon":"11837.469","lon_dir":"W","spd_over_grnd":"20.80","true_course":"329.438721","datestamp":"150708","mag_variation":"","mag_var_dir":""}
{"timestamp":"170853","status":"A","lat":"3325.461","lat_dir":"N","lon":"11837.474","lon_dir":"W","spd_over_grnd":"20.80","true_course":"329.466614","datestamp":"150708","mag_variation":"","mag_var_dir":""}
{"timestamp":"170855","status":"A","lat":"3325.469","lat_dir":"N","lon":"11837.480","lon_dir":"W","spd_over_grnd":"20.79","true_course":"328.661835","datestamp":"150708","mag_variation":"","mag_var_dir":""}
{"timestamp":"170856","status":"A","lat":"3325.477","lat_dir":"N","lon":"11837.486","lon_dir":"W","spd_over_grnd":"20.79","true_course":"328.388123","datestamp":"150708","mag_variation":"","mag_var_dir":""}
{"timestamp":"170858","status":"A","lat":"3325.484","lat_dir":"N","lon":"11837.491","lon_dir":"W","spd_over_grnd":"20.79","true_course":"329.448059","datestamp":"150708","mag_variation":"","mag_var_dir":""}
{"timestamp":"170859","status":"A","lat":"3325.492","lat_dir":"N","lon":"11837.496","lon_dir":"W","spd_over_grnd":"20.79","true_course":"330.703644","datestamp":"150708","mag_variation":"","mag_var_dir":""}
{"timestamp":"170901","status":"A","lat":"3325.499","lat_dir":"N","lon":"11837.501","lon_dir":"W","spd_over_grnd":"20.79","true_course":"330.903900","datestamp":"150708","mag_variation":"","mag_var_dir":""}
{"timestamp":"170902","status":"A","lat":"3325.508","lat_dir":"N","lon":"11837.507","lon_dir":"W","spd_over_grnd":"20.79","true_course":"330.169647","datestamp":"150708","mag_variation":"","mag_var_dir":""}
{"timestamp":"170904","status":"A","lat":"3325.515","lat_dir":"N","lon":"11837.512","lon_dir":"W","spd_over_grnd":"20.79","true_course":"329.729370","datestamp":"150708","mag_variation":"","mag_var_dir":""}
{"timestamp":"170906","status":"A","lat":"3325.523","lat_dir":"N","lon":"11837.517","lon_dir":"W","spd_over_grnd":"20.79","true_course":"330.529053","datestamp":"150708","mag_variation":"","mag_var_dir":""}
{"timestamp":"170907","status":"A","lat":"3325.531","lat_dir":"N","lon":"11837.523","lon_dir":"W","spd_over_grnd":"20.79","true_course":"331.728119","datestamp":"150708","mag_variation":"","mag_var_dir":""}
{"timestamp":"170909","status":"A","lat":"3325.539","lat_dir":"N","lon":"11837.528","lon_dir":"W","spd_over_grnd":"20.79","true_course":"332.073395","datestamp":"150708","mag_variation":"","mag_var_dir":""}
{"timestamp":"170910","status":"A","lat":"3325.547","lat_dir":"N","lon":"11837.533","lon_dir":"W","spd_over_grnd":"20.79","true_course":"331.380157","datestamp":"150708","mag_variation":"","mag_var_dir":""}
{"timestamp":"170912","status":"A","lat":"3325.555","lat_dir":"N","lon":"11837.538","lon_dir":"W","spd_over_grnd":"20.79","true_course":"330.871277","datestamp":"150708","mag_variation":"","mag_var_dir":""}
{"timestamp":"170913","status":"A","lat":"3325.563","lat_dir":"N","lon":"11837.543","lon_dir":"W","spd_over_grnd":"20.79","true_course":"331.578400","datestamp":"150708","mag_variation":"","mag_var_dir":""}
{"timestamp":"170915","status":"A","lat":"3325.571","lat_dir":"N","lon":"11837.549","lon_dir":"W","spd_over_grnd":"20.79","true_course":"332.886353","datestamp":"150708","mag_variation":"","mag_var_dir":""}
{"timestamp":"170917","status":"A","lat":"3325.579","lat_dir":"N","lon":"11837.554","lon_dir":"W","spd_over_grnd":"20.79","true_course":"333.213043","datestamp":"150708","mag_variation":"","mag_var_dir":""}
{"timestamp":"170918","status":"A","lat":"3325.587","lat_dir":"N","lon":"11837.559","lon_dir":"W","spd_over_grnd":"20.79","true_course":"332.508240","datestamp":"150708","mag_variation":"","mag_var_dir":""}
{"timestamp":"170920","status":"A","lat":"3325.596","lat_dir":"N","lon":"11837.564","lon_dir":"W","spd_over_grnd":"20.79","true_course":"332.139099","datestamp":"150708","mag_variation":"","mag_var_dir":""}
{"timestamp":"170922","status":"A","lat":"3325.604","lat_dir":"N","lon":"11837.569","lon_dir":"W","spd_over_grnd":"20.79","true_course":"332.954132","datestamp":"150708","mag_variation":"","mag_var_dir":""}
{"timestamp":"170923","status":"A","lat":"3325.612","lat_dir":"N","lon":"11837.574","lon_dir":"W","spd_over_grnd":"20.79","true_course":"334.302979","datestamp":"150708","mag_variation":"","mag_var_dir":""}
{"timestamp":"170925","status":"A","lat":"3325.620","lat_dir":"N","lon":"11837.578","lon_dir":"W","spd_over_grnd":"20.79","true_course":"334.633881","datestamp":"150708","mag_variation":"","mag_var_dir":""}
{"timestamp":"170926","status":"A","lat":"3325.628","lat_dir":"N","lon":"11837.583","lon_dir":"W","spd_over_grnd":"20.79","true_course":"333.876160","datestamp":"150708","mag_variation":"","mag_var_dir":""}
{"timestamp":"170928","status":"A","lat":"3325.636","lat_dir":"N","lon":"11837.587","lon_dir":"W","spd_over_grnd":"20.79","true_course":"333.179626","datestamp":"150708","mag_variation":"","mag_var_dir":""}
{"timestamp":"170929","status":"A","lat":"3325.644","lat_dir":"N","lon":"11837.592","lon_dir":"W","spd_over_grnd":"20.79","true_course":"333.968689","datestamp":"150708","mag_variation":"","mag_var_dir":""}
{"timestamp":"170931","status":"A","lat":"3325.652","lat_dir":"N","lon":"11837.597","lon_dir":"W","spd_over_grnd":"20.79","true_course":"335.235321","datestamp":"150708","mag_variation":"","mag_var_dir":""}
{"timestamp":"170933","status":"A","lat":"3325.661","lat_dir":"N","lon":"11837.602","lon_dir":"W","spd_over_grnd":"20.79","true_course":"335.645233","datestamp":"150708","mag_variation":"","mag_var_dir":""}
{"timestamp":"170934","status":"A","lat":"3325.669","lat_dir":"N","lon":"11837.606","lon_dir":"W","spd_over_grnd":"20.79","true_course":"334.895660","datestamp":"150708","mag_variation":"","mag_var_dir":""}
{"timestamp":"170936","status":"A","lat":"3325.677","lat_dir":"N","lon":"11837.611","lon_dir":"W","spd_over_grnd":"20.79","true_course":"334.270142","datestamp":"150708","mag_variation":"","mag_var_dir":""}
{"timestamp":"170937","status":"A","lat":"3325.686","lat_dir":"N","lon":"11837.616","lon_dir":"W","spd_over_grnd":"20.79","true_course":"334.930237","datestamp":"150708","mag_variation":"","mag_var_dir":""}
{"timestamp":"170939","status":"A","lat":"3325.694","lat_dir":"N","lon":"11837.620","lon_dir":"W","spd_over_grnd":"20.79","true_course":"336.283051","datestamp":"150708","mag_variation":"","mag_var_dir":""}
{"timestamp":"170941","status":"A","lat":"3325.702","lat_dir":"N","lon":"11837.625","lon_dir":"W","spd_over_grnd":"20.79","true_course":"336.762238","datestamp":"150708","mag_variation":"","mag_var_dir":""}
{"timestamp":"170942","status":"A","lat":"3325.711","lat_dir":"N","lon":"11837.629","lon_dir":"W","spd_over_grnd":"20.79","true_course":"335.953033","datestamp":"150708","mag_variation":"","mag_var_dir":""}
{"timestamp":"170944","status":"A","lat":"3325.719","lat_dir":"N","lon":"11837.633","lon_dir":"W","spd_over_grnd":"20.79","true_course":"335.449860","datestamp":"150708","mag_variation":"","mag_var_dir":""}
{"timestamp":"170945","status":"A","lat":"3325.727","lat_dir":"N","lon":"11837.638","lon_dir":"W","spd_over_grnd":"20.79","true_course":"336.125061","datestamp":"150708","mag_variation":"","mag_var_dir":""}
{"timestamp":"170947","status":"A","lat":"3325.735","lat_dir":"N","lon":"11837.642","lon_dir":"W","spd_over_grnd":"20.79","true_course":"337.471069","datestamp":"150708","mag_variation":"","mag_var_dir":""}
{"timestamp":"170948","status":"A","lat":"3325.744","lat_dir":"N","lon":"11837.646","lon_dir":"W","spd_over_grnd":"20.79","true_course":"338.035126","datestamp":"150708","mag_variation":"","mag_var_dir":""}
{"timestamp":"170950","status":"A","lat":"3325.752","lat_dir":"N","lon":"11837.650","lon_dir":"W","spd_over_grnd":"20.79","true_course":"337.264954","datestamp":"150708","mag_variation":"","mag_var_dir":""}
{"timestamp":"170952","status":"A","lat":"3325.761","lat_dir":"N","lon":"11837.655","lon_dir":"W","spd_over_grnd":"20.79","true_course":"336.684692","datestamp":"150708","mag_variation":"","mag_var_dir":""}
{"timestamp":"170953","status":"A","lat":"3325.770","lat_dir":"N","lon":"11837.659","lon_dir":"W","spd_over_grnd":"20.79","true_course":"337.295807","datestamp":"150708","mag_variation":"","mag_var_dir":""}
{"timestamp":"170955","status":"A","lat":"3325.778","lat_dir":"N","lon":"11837.663","lon_dir":"W","spd_over_grnd":"20.79","true_course":"338.540863","datestamp":"150708","mag_variation":"","mag_var_dir":""}
{"timestamp":"170956","status":"A","lat":"3325.787","lat_dir":"N","lon":"11837.667","lon_dir":"W","spd_over_grnd":"20.79","true_course":"339.112915","datestamp":"150708","mag_variation":"","mag_var_dir":""}
{"timestamp":"170958","status":"A","lat":"3325.795","lat_dir":"N","lon":"11837.671","lon_dir":"W","spd_over_grnd":"20.79","true_course":"338.559509","datestamp":"150708","mag_variation":"","mag_var_dir":""}
{"timestamp":"171000","status":"A","lat":"3325.804","lat_dir":"N","lon":"11837.675","lon_dir":"W","spd_over_grnd":"20.79","true_course":"337.844604","datestamp":"150708","mag_variation":"","mag_var_dir":""}
{"timestamp":"171001","status":"A","lat":"3325.812","lat_dir":"N","lon":"11837.679","lon_dir":"W","spd_over_grnd":"20.79","true_course":"338.359406","datestamp":"150708","mag_variation":"","mag_var_dir":""}
{"timestamp":"171003","status":"A","lat":"3325.820","lat_dir":"N","lon":"11837.683","lon_dir":"W","spd_over_grnd":"20.79","true_course":"339.657501","datestamp":"150708","mag_variation":"","mag_var_dir":""}
{"timestamp":"171004","status":"A","lat":"3325.829","lat_dir":"N","lon":"11837.686","lon_dir":"W","spd_over_grnd":"20.79","true_course":"340.228882","datestamp":"150708","mag_variation":"","mag_var_dir":""}
{"timestamp":"171006","status":"A","lat":"3325.837","lat_dir":"N","lon":"11837.690","lon_dir":"W","spd_over_grnd":"20.79","true_course":"339.692413","datestamp":"150708","mag_variation":"","mag_var_dir":""}
{"timestamp":"171007","status":"A","lat":"3325.846","lat_dir":"N","lon":"11837.694","lon_dir":"W","spd_over_grnd":"20.79","true_course":"338.999390","datestamp":"150708","mag_variation":"","mag_var_dir":""}
{"timestamp":"171009","status":"A","lat":"3325.854","lat_dir":"N","lon":"11837.698","lon_dir":"W","spd_over_grnd":"20.79","true_course":"339.474487","datestamp":"150708","mag_variation":"","mag_var_dir":""}
{"timestamp":"171011","status":"A","lat":"3325.863","lat_dir":"N","lon":"11837.702","lon_dir":"W","spd_over_grnd":"20.79","true_course":"340.840790","datestamp":"150708","mag_variation":"","mag_var_dir":""}
{"timestamp":"171012","status":"A","lat":"3325.872","lat_dir":"N","lon":"11837.705","lon_dir":"W","spd_over_grnd":"20.79","true_course":"341.553101","datestamp":"150708","mag_variation":"","mag_var_dir":""}
{"timestamp":"171014","status":"A","lat":"3325.880","lat_dir":"N","lon":"11837.709","lon_dir":"W","spd_over_grnd":"20.79","true_course":"341.075165","datestamp":"150708","mag_variation":"","mag_var_dir":""}
{"timestamp":"171015","status":"A","lat":"3325.889","lat_dir":"N","lon":"11837.712","lon_dir":"W","spd_over_grnd":"20.79","true_course":"340.268799","datestamp":"150708","mag_variation":"","mag_var_dir":""}
{"timestamp":"171017","status":"A","lat":"3325.898","lat_dir":"N","lon":"11837.716","lon_dir":"W","spd_over_grnd":"20.79","true_course":"340.610138","datestamp":"150708","mag_variation":"","mag_var_dir":""}
{"timestamp":"171018","status":"A","lat":"3325.906","lat_dir":"N","lon":"11837.719","lon_dir":"W","spd_over_grnd":"20.79","true_course":"341.906921","datestamp":"150708","mag_variation":"","mag_var_dir":""}
{"timestamp":"171020","status":"A","lat":"3325.915","lat_dir":"N","lon":"11837.722","lon_dir":"W","spd_over_grnd":"20.79","true_course":"342.776245","datestamp":"150708","mag_variation":"","mag_var_dir":""}
{"timestamp":"171022","status":"A","lat":"3325.923","lat_dir":"N","lon":"11837.726","lon_dir":"W","spd_over_grnd":"20.79","true_course":"342.182495","datestamp":"150708","mag_variation":"","mag_var_dir":""}
{"timestamp":"171023","status":"A","lat":"3325.932","lat_dir":"N","lon":"11837.729","lon_dir":"W","spd_over_grnd":"20.79","true_course":"341.224152","datestamp":"150708","mag_variation":"","mag_var_dir":""}
{"timestamp":"171025","status":"A","lat":"3325.941","lat_dir":"N","lon":"11837.733","lon_dir":"W","spd_over_grnd":"20.79","true_course":"341.476013","datestamp":"150708","mag_variation":"","mag_var_dir":""}
{"timestamp":"171026","status":"A","lat":"3325.949","lat_dir":"N","lon":"11837.736","lon_dir":"W","spd_over_grnd":"20.79","true_course":"342.812469","datestamp":"150708","mag_variation":"","mag_var_dir":""}
{"timestamp":"171028","status":"A","lat":"3325.958","lat_dir":"N","lon":"11837.739","lon_dir":"W","spd_over_grnd":"20.79","true_course":"343.648071","datestamp":"150708","mag_variation":"","mag_var_dir":""}
{"timestamp":"171030","status":"A","lat":"3325.967","lat_dir":"N","lon":"11837.743","lon_dir":"W","spd_over_grnd":"20.79","true_course":"343.253052","datestamp":"150708","mag_variation":"","mag_var_dir":""}
{"timestamp":"171031","status":"A","lat":"3325.976","lat_dir":"N","lon":"11837.746","lon_dir":"W","spd_over_grnd":"20.79","true_course":"342.386475","datestamp":"150708","mag_variation":"","mag_var_dir":""}
{"timestamp":"171033","status":"A","lat":"3325.984","lat_dir":"N","lon":"11837.749","lon_dir":"W","spd_over_grnd":"20.79","true_course":"342.497833","datestamp":"150708","mag_variation":"","mag_var_dir":""}
{"timestamp":"171034","status":"A","lat":"3325.993","lat_dir":"N","lon":"11837.752","lon_dir":"W","spd_over_grnd":"20.79","true_course":"343.767487","datestamp":"150708","mag_variation":"","mag_var_dir":""}
{"timestamp":"171036","status":"A","lat":"3326.002","lat_dir":"N","lon":"11837.755","lon_dir":"W","spd_over_grnd":"20.79","true_course":"344.764709","datestamp":"150708","mag_variation":"","mag_var_dir":""}
{"timestamp":"171037","status":"A","lat":"3326.011","lat_dir":"N","lon":"11837.758","lon_dir":"W","spd_over_grnd":"20.79","true_course":"344.486877","datestamp":"150708","mag_variation":"","mag_var_dir":""}
{"timestamp":"171039","status":"A","lat":"3326.020","lat_dir":"N","lon":"11837.761","lon_dir":"W","spd_over_grnd":"20.79","true_course":"343.576965","datestamp":"150708","mag_variation":"","mag_var_dir":""}
{"timestamp":"171041","status":"A","lat":"3326.028","lat_dir":"N","lon":"11837.764","lon_dir":"W","spd_over_grnd":"20.79","true_course":"343.634460","datestamp":"150708","mag_variation":"","mag_var_dir":""}
{"timestamp":"171042","status":"A","lat":"3326.037","lat_dir":"N","lon":"11837.767","lon_dir":"W","spd_over_grnd":"20.79","true_course":"344.705994","datestamp":"150708","mag_variation":"","mag_var_dir":""}
{"timestamp":"171044","status":"A","lat":"3326.046","lat_dir":"N","lon":"11837.770","lon_dir":"W","spd_over_grnd":"20.79","true_course":"345.807159","datestamp":"150708","mag_variation":"","mag_var_dir":""}
{"timestamp":"171045","status":"A","lat":"3326.055","lat_dir":"N","lon":"11837.772","lon_dir":"W","spd_over_grnd":"20.79","true_course":"345.494995","datestamp":"150708","mag_variation":"","mag_var_dir":""}
{"timestamp":"171047","status":"A","lat":"3326.064","lat_dir":"N","lon":"11837.776","lon_dir":"W","spd_over_grnd":"20.79","true_course":"344.559814","datestamp":"150708","mag_variation":"","mag_var_dir":""}
{"timestamp":"171049","status":"A","lat":"3326.073","lat_dir":"N","lon":"11837.778","lon_dir":"W","spd_over_grnd":"20.79","true_course":"344.570343","datestamp":"150708","mag_variation":"","mag_var_dir":""}
{"timestamp":"171050","status":"A","lat":"3326.081","lat_dir":"N","lon":"11837.781","lon_dir":"W","spd_over_grnd":"20.79","true_course":"345.753204","datestamp":"150708","mag_variation":"","mag_var_dir":""}
{"timestamp":"171052","status":"A","lat":"3326.090","lat_dir":"N","lon":"11837.784","lon_dir":"W","spd_over_grnd":"20.79","true_course":"346.883240","datestamp":"150708","mag_variation":"","mag_var_dir":""}
{"timestamp":"171053","status":"A","lat":"3326.099","lat_dir":"N","lon":"11837.786","lon_dir":"W","spd_over_grnd":"20.79","true_course":"346.759613","datestamp":"150708","mag_variation":"","mag_var_dir":""}
{"timestamp":"171055","status":"A","lat":"3326.108","lat_dir":"N","lon":"11837.789","lon_dir":"W","spd_over_grnd":"20.79","true_course":"345.761993","datestamp":"150708","mag_variation":"","mag_var_dir":""}
{"timestamp":"171056","status":"A","lat":"3326.117","lat_dir":"N","lon":"11837.792","lon_dir":"W","spd_over_grnd":"20.79","true_course":"345.693298","datestamp":"150708","mag_variation":"","mag_var_dir":""}
{"timestamp":"171058","status":"A","lat":"3326.126","lat_dir":"N","lon":"11837.794","lon_dir":"W","spd_over_grnd":"20.79","true_course":"346.903778","datestamp":"150708","mag_variation":"","mag_var_dir":""}
{"timestamp":"171100","status":"A","lat":"3326.135","lat_dir":"N","lon":"11837.797","lon_dir":"W","spd_over_grnd":"20.79","true_course":"348.144714","datestamp":"150708","mag_variation":"","mag_var_dir":""}
{"timestamp":"171101","status":"A","lat":"3326.144","lat_dir":"N","lon":"11837.798","lon_dir":"W","spd_over_grnd":"20.79","true_course":"347.978149","datestamp":"150708","mag_variation":"","mag_var_dir":""}
{"timestamp":"171103","status":"A","lat":"3326.153","lat_dir":"N","lon":"11837.801","lon_dir":"W","spd_over_grnd":"20.79","true_course":"347.210968","datestamp":"150708","mag_variation":"","mag_var_dir":""}
{"timestamp":"171104","status":"A","lat":"3326.162","lat_dir":"N","lon":"11837.803","lon_dir":"W","spd_over_grnd":"20.79","true_course":"347.094757","datestamp":"150708","mag_variation":"","mag_var_dir":""}
{"timestamp":"171106","status":"A","lat":"3326.171","lat_dir":"N","lon":"11837.806","lon_dir":"W","spd_over_grnd":"20.79","true_course":"348.132935","datestamp":"150708","mag_variation":"","mag_var_dir":""}
{"timestamp":"171108","status":"A","lat":"3326.180","lat_dir":"N","lon":"11837.808","lon_dir":"W","spd_over_grnd":"20.79","true_course":"349.234680","datestamp":"150708","mag_variation":"","mag_var_dir":""}
{"timestamp":"171109","status":"A","lat":"3326.189","lat_dir":"N","lon":"11837.810","lon_dir":"W","spd_over_grnd":"20.79","true_course":"349.137939","datestamp":"150708","mag_variation":"","mag_var_dir":""}
{"timestamp":"171111","status":"A","lat":"3326.198","lat_dir":"N","lon":"11837.812","lon_dir":"W","spd_over_grnd":"20.79","true_course":"348.292603","datestamp":"150708","mag_variation":"","mag_var_dir":""}
{"timestamp":"171112","status":"A","lat":"3326.207","lat_dir":"N","lon":"11837.814","lon_dir":"W","spd_over_grnd":"20.79","true_course":"348.094116","datestamp":"150708","mag_variation":"","mag_var_dir":""}
{"timestamp":"171114","status":"A","lat":"3326.216","lat_dir":"N","lon":"11837.816","lon_dir":"W","spd_over_grnd":"20.79","true_course":"349.057983","datestamp":"150708","mag_variation":"","mag_var_dir":""}
{"timestamp":"171115","status":"A","lat":"3326.225","lat_dir":"N","lon":"11837.819","lon_dir":"W","spd_over_grnd":"20.79","true_course":"350.318939","datestamp":"150708","mag_variation":"","mag_var_dir":""}
{"timestamp":"171117","status":"A","lat":"3326.234","lat_dir":"N","lon":"11837.820","lon_dir":"W","spd_over_grnd":"20.79","true_course":"350.402130","datestamp":"150708","mag_variation":"","mag_var_dir":""}
{"timestamp":"171119","status":"A","lat":"3326.243","lat_dir":"N","lon":"11837.822","lon_dir":"W","spd_over_grnd":"20.79","true_course":"349.484222","datestamp":"150708","mag_variation":"","mag_var_dir":""}
{"timestamp":"171120","status":"A","lat":"3326.252","lat_dir":"N","lon":"11837.824","lon_dir":"W","spd_over_grnd":"20.79","true_course":"349.185150","datestamp":"150708","mag_variation":"","mag_var_dir":""}
{"timestamp":"171122","status":"A","lat":"3326.261","lat_dir":"N","lon":"11837.826","lon_dir":"W","spd_over_grnd":"20.79","true_course":"350.192108","datestamp":"150708","mag_variation":"","mag_var_dir":""}
{"timestamp":"171123","status":"A","lat":"3326.270","lat_dir":"N","lon":"11837.828","lon_dir":"W","spd_over_grnd":"20.79","true_course":"351.351776","datestamp":"150708","mag_variation":"","mag_var_dir":""}
{"timestamp":"171125","status":"A","lat":"3326.279","lat_dir":"N","lon":"11837.830","lon_dir":"W","spd_over_grnd":"20.79","true_course":"351.437561","datestamp":"150708","mag_variation":"","mag_var_dir":""}
{"timestamp":"171126","status":"A","lat":"3326.287","lat_dir":"N","lon":"11837.831","lon_dir":"W","spd_over_grnd":"20.79","true_course":"350.628387","datestamp":"150708","mag_variation":"","mag_var_dir":""}
{"timestamp":"171128","status":"A","lat":"3326.296","lat_dir":"N","lon":"11837.833","lon_dir":"W","spd_over_grnd":"20.79","true_course":"350.234802","datestamp":"150708","mag_variation":"","mag_var_dir":""}
{"timestamp":"171130","status":"A","lat":"3326.305","lat_dir":"N","lon":"11837.835","lon_dir":"W","spd_over_grnd":"20.79","true_course":"351.194519","datestamp":"150708","mag_variation":"","mag_var_dir":""}
{"timestamp":"171131","status":"A","lat":"3326.314","lat_dir":"N","lon":"11837.836","lon_dir":"W","spd_over_grnd":"20.79","true_course":"352.341156","datestamp":"150708","mag_variation":"","mag_var_dir":""}
{"timestamp":"171133","status":"A","lat":"3326.323","lat_dir":"N","lon":"11837.838","lon_dir":"W","spd_over_grnd":"20.79","true_course":"352.554474","datestamp":"150708","mag_variation":"","mag_var_dir":""}
{"timestamp":"171134","status":"A","lat":"3326.332","lat_dir":"N","lon":"11837.839","lon_dir":"W","spd_over_grnd":"20.79","true_course":"351.648926","datestamp":"150708","mag_variation":"","mag_var_dir":""}
{"timestamp":"171136","status":"A","lat":"3326.341","lat_dir":"N","lon":"11837.841","lon_dir":"W","spd_over_grnd":"20.79","true_course":"351.253479","datestamp":"150708","mag_variation":"","mag_var_dir":""}
{"timestamp":"171138","status":"A","lat":"3326.350","lat_dir":"N","lon":"11837.842","lon_dir":"W","spd_over_grnd":"20.79","true_course":"352.147064","datestamp":"150708","mag_variation":"","mag_var_dir":""}
{"timestamp":"171139","status":"A","lat":"3326.360","lat_dir":"N","lon":"11837.844","lon_dir":"W","spd_over_grnd":"20.79","true_course":"353.454468","datestamp":"150708","mag_variation":"","mag_var_dir":""}
{"timestamp":"171141","status":"A","lat":"3326.369","lat_dir":"N","lon":"11837.845","lon_dir":"W","spd_over_grnd":"20.79","true_course":"353.697845","datestamp":"150708","mag_variation":"","mag_var_dir":""}
{"timestamp":"171142","status":"A","lat":"3326.378","lat_dir":"N","lon":"11837.846","lon_dir":"W","spd_over_grnd":"20.79","true_course":"352.839813","datestamp":"150708","mag_variation":"","mag_var_dir":""}
{"timestamp":"171144","status":"A","lat":"3326.387","lat_dir":"N","lon":"11837.847","lon_dir":"W","spd_over_grnd":"20.79","true_course":"352.386444","datestamp":"150708","mag_variation":"","mag_var_dir":""}
{"timestamp":"171146","status":"A","lat":"3326.396","lat_dir":"N","lon":"11837.849","lon_dir":"W","spd_over_grnd":"20.79","true_course":"353.348999","datestamp":"150708","mag_variation":"","mag_var_dir":""}
{"timestamp":"171147","status":"A","lat":"3326.405","lat_dir":"N","lon":"11837.850","lon_dir":"W","spd_over_grnd":"20.79","true_course":"354.613892","datestamp":"150708","mag_variation":"","mag_var_dir":""}
{"timestamp":"171149","status":"A","lat":"3326.415","lat_dir":"N","lon":"11837.851","lon_dir":"W","spd_over_grnd":"20.79","true_course":"354.837677","datestamp":"150708","mag_variation":"","mag_var_dir":""}
{"timestamp":"171150","status":"A","lat":"3326.424","lat_dir":"N","lon":"11837.852","lon_dir":"W","spd_over_grnd":"20.79","true_course":"353.906372","datestamp":"150708","mag_variation":"","mag_var_dir":""}
{"timestamp":"171152","status":"A","lat":"3326.433","lat_dir":"N","lon":"11837.853","lon_dir":"W","spd_over_grnd":"20.79","true_course":"353.587738","datestamp":"150708","mag_variation":"","mag_var_dir":""}
{"timestamp":"171154","status":"A","lat":"3326.442","lat_dir":"N","lon":"11837.855","lon_dir":"W","spd_over_grnd":"20.79","true_course":"354.521790","datestamp":"150708","mag_variation":"","mag_var_dir":""}
{"timestamp":"171155","status":"A","lat":"3326.451","lat_dir":"N","lon":"11837.856","lon_dir":"W","spd_over_grnd":"20.79","true_course":"355.770142","datestamp":"150708","mag_variation":"","mag_var_dir":""}
{"timestamp":"171157","status":"A","lat":"3326.460","lat_dir":"N","lon":"11837.856","lon_dir":"W","spd_over_grnd":"20.79","true_course":"356.070404","datestamp":"150708","mag_variation":"","mag_var_dir":""}
{"timestamp":"171158","status":"A","lat":"3326.469","lat_dir":"N","lon":"11837.857","lon_dir":"W","spd_over_grnd":"20.79","true_course":"355.222961","datestamp":"150708","mag_variation":"","mag_var_dir":""}
{"timestamp":"171200","status":"A","lat":"3326.478","lat_dir":"N","lon":"11837.858","lon_dir":"W","spd_over_grnd":"20.79","true_course":"354.718109","datestamp":"150708","mag_variation":"","mag_var_dir":""}
{"timestamp":"171201","status":"A","lat":"3326.487","lat_dir":"N","lon":"11837.859","lon_dir":"W","spd_over_grnd":"20.79","true_course":"355.412292","datestamp":"150708","mag_variation":"","mag_var_dir":""}
{"timestamp":"171203","status":"A","lat":"3326.496","lat_dir":"N","lon":"11837.860","lon_dir":"W","spd_over_grnd":"20.79","true_course":"356.881958","datestamp":"150708","mag_variation":"","mag_var_dir":""}
{"timestamp":"171205","status":"A","lat":"3326.505","lat_dir":"N","lon":"11837.860","lon_dir":"W","spd_over_grnd":"20.79","true_course":"357.328339","datestamp":"150708","mag_variation":"","mag_var_dir":""}
{"timestamp":"171206","status":"A","lat":"3326.514","lat_dir":"N","lon":"11837.861","lon_dir":"W","spd_over_grnd":"20.79","true_course":"356.512787","datestamp":"150708","mag_variation":"","mag_var_dir":""}
{"timestamp":"171208","status":"A","lat":"3326.523","lat_dir":"N","lon":"11837.862","lon_dir":"W","spd_over_grnd":"20.79","true_course":"355.944824","datestamp":"150708","mag_variation":"","mag_var_dir":""}
{"timestamp":"171209","status":"A","lat":"3326.532","lat_dir":"N","lon":"11837.862","lon_dir":"W","spd_over_grnd":"20.79","true_course":"356.631439","datestamp":"150708","mag_variation":"","mag_var_dir":""}
{"timestamp":"171211","status":"A","lat":"3326.541","lat_dir":"N","lon":"11837.863","lon_dir":"W","spd_over_grnd":"20.79","true_course":"357.919830","datestamp":"150708","mag_variation":"","mag_var_dir":""}
{"timestamp":"171212","status":"A","lat":"3326.551","lat_dir":"N","lon":"11837.863","lon_dir":"W","spd_over_grnd":"20.79","true_course":"358.453339","datestamp":"150708","mag_variation":"","mag_var_dir":""}
{"timestamp":"171214","status":"A","lat":"3326.560","lat_dir":"N","lon":"11837.863","lon_dir":"W","spd_over_grnd":"20.79","true_course":"357.808044","datestamp":"150708","mag_variation":"","mag_var_dir":""}
{"timestamp":"171216","status":"A","lat":"3326.569","lat_dir":"N","lon":"11837.864","lon_dir":"W","spd_over_grnd":"20.79","true_course":"357.124207","datestamp":"150708","mag_variation":"","mag_var_dir":""}
{"timestamp":"171217","status":"A","lat":"3326.578","lat_dir":"N","lon":"11837.864","lon_dir":"W","spd_over_grnd":"20.79","true_course":"357.766296","datestamp":"150708","mag_variation":"","mag_var_dir":""}
{"timestamp":"171219","status":"A","lat":"3326.587","lat_dir":"N","lon":"11837.865","lon_dir":"W","spd_over_grnd":"20.79","true_course":"358.986847","datestamp":"150708","mag_variation":"","mag_var_dir":""}
{"timestamp":"171221","status":"A","lat":"3326.596","lat_dir":"N","lon":"11837.865","lon_dir":"W","spd_over_grnd":"20.79","true_course":"359.384033","datestamp":"150708","mag_variation":"","mag_var_dir":""}
{"timestamp":"171222","status":"A","lat":"3326.605","lat_dir":"N","lon":"11837.865","lon_dir":"W","spd_over_grnd":"20.79","true_course":"358.476166","datestamp":"150708","mag_variation":"","mag_var_dir":""}
{"timestamp":"171224","status":"A","lat":"3326.615","lat_dir":"N","lon":"11837.865","lon_dir":"W","spd_over_grnd":"20.79","true_course":"358.050568","datestamp":"150708","mag_variation":"","mag_var_dir":""}
{"timestamp":"171226","status":"A","lat":"3326.624","lat_dir":"N","lon":"11837.866","lon_dir":"W","spd_over_grnd":"20.79","true_course":"358.874817","datestamp":"150708","mag_variation":"","mag_var_dir":""}
{"timestamp":"171227","status":"A","lat":"3326.633","lat_dir":"N","lon":"11837.866","lon_dir":"W","spd_over_grnd":"20.79","true_course":"0.193169","datestamp":"150708","mag_variation":"","mag_var_dir":""}
{"timestamp":"171229","status":"A","lat":"3326.642","lat_dir":"N","lon":"11837.866","lon_dir":"W","spd_over_grnd":"20.79","true_course":"0.369924","datestamp":"150708","mag_variation":"","mag_var_dir":""}
{"timestamp":"171231","status":"A","lat":"3326.651","lat_dir":"N","lon":"11837.866","lon_dir":"W","spd_over_grnd":"20.79","true_course":"359.454407","datestamp":"150708","mag_variation":"","mag_var_dir":""}
{"timestamp":"171232","status":"A","lat":"3326.660","lat_dir":"N","lon":"11837.866","lon_dir":"W","spd_over_grnd":"20.79","true_course":"359.135376","datestamp":"150708","mag_variation":"","mag_var_dir":""}
{"timestamp":"171234","status":"A","lat":"3326.670","lat_dir":"N","lon":"11837.866","lon_dir":"W","spd_over_grnd":"20.79","true_course":"0.181751","datestamp":"150708","mag_variation":"","mag_var_dir":""}
{"timestamp":"171236","status":"A","lat":"3326.679","lat_dir":"N","lon":"11837.866","lon_dir":"W","spd_over_grnd":"20.79","true_course":"1.289643","datestamp":"150708","mag_variation":"","mag_var_dir":""}
