{"timestamp":"091905","status":"A","lat":"3317.069","lat_dir":"N","lon":"11838.648","lon_dir":"W","spd_over_grnd":"30.00","true_course":"355.901428","datestamp":"150708","mag_variation":"","mag_var_dir":""}
{"timestamp":"091907","status":"A","lat":"3317.083","lat_dir":"N","lon":"11838.649","lon_dir":"W","spd_over_grnd":"30.00","true_course":"357.068237","datestamp":"150708","mag_variation":"","mag_var_dir":""}
{"timestamp":"091908","status":"A","lat":"3317.096","lat_dir":"N","lon":"11838.649","lon_dir":"W","spd_over_grnd":"30.00","true_course":"357.481781","datestamp":"150708","mag_variation":"","mag_var_dir":""}
{"timestamp":"091910","status":"A","lat":"3317.109","lat_dir":"N","lon":"11838.650","lon_dir":"W","spd_over_grnd":"30.00","true_course":"356.710083","datestamp":"150708","mag_variation":"","mag_var_dir":""}
{"timestamp":"091912","status":"A","lat":"3317.122","lat_dir":"N","lon":"11838.651","lon_dir":"W","spd_over_grnd":"30.00","true_course":"355.864288","datestamp":"150708","mag_variation":"","mag_var_dir":""}
{"timestamp":"091913","status":"A","lat":"3317.135","lat_dir":"N","lon":"11838.652","lon_dir":"W","spd_over_grnd":"30.00","true_course":"356.165314","datestamp":"150708","mag_variation":"","mag_var_dir":""}
{"timestamp":"091915","status":"A","lat":"3317.149","lat_dir":"N","lon":"11838.653","lon_dir":"W","spd_over_grnd":"30.00","true_course":"357.379517","datestamp":"150708","mag_variation":"","mag_var_dir":""}
{"timestamp":"091916","status":"A","lat":"3317.162","lat_dir":"N","lon":"11838.654","lon_dir":"W","spd_over_grnd":"30.00","true_course":"357.682892","datestamp":"150708","mag_variation":"","mag_var_dir":""}
{"timestamp":"091918","status":"A","lat":"3317.175","lat_dir":"N","lon":"11838.654","lon_dir":"W","spd_over_grnd":"30.00","true_course":"356.666321","datestamp":"150708","mag_variation":"","mag_var_dir":""}
{"timestamp":"091920","status":"A","lat":"3317.188","lat_dir":"N","lon":"11838.655","lon_dir":"W","spd_over_grnd":"30.00","true_course":"355.776825","datestamp":"150708","mag_variation":"","mag_var_dir":""}
{"timestamp":"091921","status":"A","lat":"3317.201","lat_dir":"N","lon":"11838.657","lon_dir":"W","spd_over_grnd":"30.00","true_course":"356.152618","datestamp":"150708","mag_variation":"","mag_var_dir":""}
{"timestamp":"091923","status":"A","lat":"3317.214","lat_dir":"N","lon":"11838.658","lon_dir":"W","spd_over_grnd":"30.00","true_course":"357.109619","datestamp":"150708","mag_variation":"","mag_var_dir":""}
{"timestamp":"091924","status":"A","lat":"3317.227","lat_dir":"N","lon":"11838.658","lon_dir":"W","spd_over_grnd":"30.00","true_course":"357.489990","datestamp":"150708","mag_variation":"","mag_var_dir":""}
{"timestamp":"091926","status":"A","lat":"3317.240","lat_dir":"N","lon":"11838.659","lon_dir":"W","spd_over_grnd":"30.00","true_course":"356.477783","datestamp":"150708","mag_variation":"","mag_var_dir":""}
{"timestamp":"091928","status":"A","lat":"3317.253","lat_dir":"N","lon":"11838.660","lon_dir":"W","spd_over_grnd":"30.00","true_course":"355.419861","datestamp":"150708","mag_variation":"","mag_var_dir":""}
{"timestamp":"091929","status":"A","lat":"3317.266","lat_dir":"N","lon":"11838.661","lon_dir":"W","spd_over_grnd":"30.00","true_course":"355.685455","datestamp":"150708","mag_variation":"","mag_var_dir":""}
{"timestamp":"091931","status":"A","lat":"3317.279","lat_dir":"N","lon":"11838.662","lon_dir":"W","spd_over_grnd":"30.00","true_course":"356.682922","datestamp":"150708","mag_variation":"","mag_var_dir":""}
{"timestamp":"091932","status":"A","lat":"3317.292","lat_dir":"N","lon":"11838.663","lon_dir":"W","spd_over_grnd":"30.00","true_course":"357.020966","datestamp":"150708","mag_variation":"","mag_var_dir":""}
{"timestamp":"091934","status":"A","lat":"3317.305","lat_dir":"N","lon":"11838.664","lon_dir":"W","spd_over_grnd":"30.00","true_course":"356.206360","datestamp":"150708","mag_variation":"","mag_var_dir":""}
{"timestamp":"091935","status":"A","lat":"3317.318","lat_dir":"N","lon":"11838.665","lon_dir":"W","spd_over_grnd":"30.00","true_course":"355.412872","datestamp":"150708","mag_variation":"","mag_var_dir":""}
{"timestamp":"091937","status":"A","lat":"3317.332","lat_dir":"N","lon":"11838.666","lon_dir":"W","spd_over_grnd":"30.00","true_course":"355.621277","datestamp":"150708","mag_variation":"","mag_var_dir":""}
{"timestamp":"091939","status":"A","lat":"3317.345","lat_dir":"N","lon":"11838.668","lon_dir":"W","spd_over_grnd":"30.00","true_course":"356.693146","datestamp":"150708","mag_variation":"","mag_var_dir":""}
{"timestamp":"091940","status":"A","lat":"3317.360","lat_dir":"N","lon":"11838.669","lon_dir":"W","spd_over_grnd":"30.00","true_course":"357.058014","datestamp":"150708","mag_variation":"","mag_var_dir":""}
{"timestamp":"091942","status":"A","lat":"3317.373","lat_dir":"N","lon":"11838.670","lon_dir":"W","spd_over_grnd":"30.00","true_course":"356.071564","datestamp":"150708","mag_variation":"","mag_var_dir":""}
{"timestamp":"091944","status":"A","lat":"3317.386","lat_dir":"N","lon":"11838.671","lon_dir":"W","spd_over_grnd":"30.00","true_course":"355.117523","datestamp":"150708","mag_variation":"","mag_var_dir":""}
{"timestamp":"091945","status":"A","lat":"3317.399","lat_dir":"N","lon":"11838.672","lon_dir":"W","spd_over_grnd":"30.00","true_course":"355.457214","datestamp":"150708","mag_variation":"","mag_var_dir":""}
{"timestamp":"091947","status":"A","lat":"3317.412","lat_dir":"N","lon":"11838.673","lon_dir":"W","spd_over_grnd":"30.00","true_course":"356.666473","datestamp":"150708","mag_variation":"","mag_var_dir":""}
{"timestamp":"091948","status":"A","lat":"3317.425","lat_dir":"N","lon":"11838.674","lon_dir":"W","spd_over_grnd":"30.00","true_course":"357.055176","datestamp":"150708","mag_variation":"","mag_var_dir":""}
{"timestamp":"091950","status":"A","lat":"3317.439","lat_dir":"N","lon":"11838.675","lon_dir":"W","spd_over_grnd":"30.00","true_course":"356.101593","datestamp":"150708","mag_variation":"","mag_var_dir":""}
{"timestamp":"091951","status":"A","lat":"3317.452","lat_dir":"N","lon":"11838.676","lon_dir":"W","spd_over_grnd":"30.00","true_course":"355.153534","datestamp":"150708","mag_variation":"","mag_var_dir":""}
{"timestamp":"091953","status":"A","lat":"3317.465","lat_dir":"N","lon":"11838.677","lon_dir":"W","spd_over_grnd":"30.00","true_course":"355.435822","datestamp":"150708","mag_variation":"","mag_var_dir":""}
{"timestamp":"091955","status":"A","lat":"3317.478","lat_dir":"N","lon":"11838.678","lon_dir":"W","spd_over_grnd":"30.00","true_course":"356.493317","datestamp":"150708","mag_variation":"","mag_var_dir":""}
{"timestamp":"091956","status":"A","lat":"3317.491","lat_dir":"N","lon":"11838.679","lon_dir":"W","spd_over_grnd":"30.00","true_course":"356.920319","datestamp":"150708","mag_variation":"","mag_var_dir":""}
{"timestamp":"091958","status":"A","lat":"3317.504","lat_dir":"N","lon":"11838.680","lon_dir":"W","spd_over_grnd":"30.00","true_course":"356.194336","datestamp":"150708","mag_variation":"","mag_var_dir":""}
{"timestamp":"091959","status":"A","lat":"3317.517","lat_dir":"N","lon":"11838.681","lon_dir":"W","spd_over_grnd":"30.00","true_course":"355.228607","datestamp":"150708","mag_variation":"","mag_var_dir":""}
{"timestamp":"092001","status":"A","lat":"3317.530","lat_dir":"N","lon":"11838.683","lon_dir":"W","spd_over_grnd":"30.00","true_course":"355.458130","datestamp":"150708","mag_variation":"","mag_var_dir":""}
{"timestamp":"092003","status":"A","lat":"3317.543","lat_dir":"N","lon":"11838.684","lon_dir":"W","spd_over_grnd":"30.00","true_course":"356.699677","datestamp":"150708","mag_variation":"","mag_var_dir":""}
{"timestamp":"092004","status":"A","lat":"3317.556","lat_dir":"N","lon":"11838.685","lon_dir":"W","spd_over_grnd":"30.00","true_course":"357.165741","datestamp":"150708","mag_variation":"","mag_var_dir":""}
{"timestamp":"092006","status":"A","lat":"3317.569","lat_dir":"N","lon":"11838.686","lon_dir":"W","spd_over_grnd":"30.00","true_course":"356.322662","datestamp":"150708","mag_variation":"","mag_var_dir":""}
{"timestamp":"092007","status":"A","lat":"3317.582","lat_dir":"N","lon":"11838.687","lon_dir":"W","spd_over_grnd":"30.00","true_course":"355.390076","datestamp":"150708","mag_variation":"","mag_var_dir":""}
{"timestamp":"092009","status":"A","lat":"3317.595","lat_dir":"N","lon":"11838.688","lon_dir":"W","spd_over_grnd":"30.00","true_course":"355.614960","datestamp":"150708","mag_variation":"","mag_var_dir":""}
{"timestamp":"092011","status":"A","lat":"3317.608","lat_dir":"N","lon":"11838.689","lon_dir":"W","spd_over_grnd":"30.00","true_course":"356.802094","datestamp":"150708","mag_variation":"","mag_var_dir":""}
{"timestamp":"092012","status":"A","lat":"3317.621","lat_dir":"N","lon":"11838.690","lon_dir":"W","spd_over_grnd":"30.00","true_course":"357.310272","datestamp":"150708","mag_variation":"","mag_var_dir":""}
{"timestamp":"092014","status":"A","lat":"3317.634","lat_dir":"N","lon":"11838.691","lon_dir":"W","spd_over_grnd":"30.00","true_course":"356.480560","datestamp":"150708","mag_variation":"","mag_var_dir":""}
{"timestamp":"092015","status":"A","lat":"3317.647","lat_dir":"N","lon":"11838.692","lon_dir":"W","spd_over_grnd":"30.00","true_course":"355.413391","datestamp":"150708","mag_variation":"","mag_var_dir":""}
{"timestamp":"092017","status":"A","lat":"3317.661","lat_dir":"N","lon":"11838.693","lon_dir":"W","spd_over_grnd":"30.00","true_course":"355.513641","datestamp":"150708","mag_variation":"","mag_var_dir":""}
{"timestamp":"092019","status":"A","lat":"3317.674","lat_dir":"N","lon":"11838.694","lon_dir":"W","spd_over_grnd":"30.00","true_course":"356.577301","datestamp":"150708","mag_variation":"","mag_var_dir":""}
{"timestamp":"092020","status":"A","lat":"3317.687","lat_dir":"N","lon":"11838.695","lon_dir":"W","spd_over_grnd":"30.00","true_course":"357.150391","datestamp":"150708","mag_variation":"","mag_var_dir":""}
{"timestamp":"092022","status":"A","lat":"3317.700","lat_dir":"N","lon":"11838.696","lon_dir":"W","spd_over_grnd":"30.00","true_course":"356.397949","datestamp":"150708","mag_variation":"","mag_var_dir":""}
{"timestamp":"092023","status":"A","lat":"3317.713","lat_dir":"N","lon":"11838.697","lon_dir":"W","spd_over_grnd":"30.00","true_course":"355.444366","datestamp":"150708","mag_variation":"","mag_var_dir":""}
{"timestamp":"092025","status":"A","lat":"3317.726","lat_dir":"N","lon":"11838.698","lon_dir":"W","spd_over_grnd":"30.00","true_course":"355.540649","datestamp":"150708","mag_variation":"","mag_var_dir":""}
{"timestamp":"092027","status":"A","lat":"3317.739","lat_dir":"N","lon":"11838.699","lon_dir":"W","spd_over_grnd":"30.00","true_course":"356.586273","datestamp":"150708","mag_variation":"","mag_var_dir":""}
{"timestamp":"092028","status":"A","lat":"3317.752","lat_dir":"N","lon":"11838.700","lon_dir":"W","spd_over_grnd":"30.00","true_course":"357.012787","datestamp":"150708","mag_variation":"","mag_var_dir":""}
{"timestamp":"092030","status":"A","lat":"3317.765","lat_dir":"N","lon":"11838.701","lon_dir":"W","spd_over_grnd":"30.00","true_course":"356.215179","datestamp":"150708","mag_variation":"","mag_var_dir":""}
{"timestamp":"092031","status":"A","lat":"3317.778","lat_dir":"N","lon":"11838.702","lon_dir":"W","spd_over_grnd":"30.00","true_course":"355.223175","datestamp":"150708","mag_variation":"","mag_var_dir":""}
{"timestamp":"092033","status":"A","lat":"3317.792","lat_dir":"N","lon":"11838.703","lon_dir":"W","spd_over_grnd":"30.00","true_course":"355.405365","datestamp":"150708","mag_variation":"","mag_var_dir":""}
{"timestamp":"092035","status":"A","lat":"3317.805","lat_dir":"N","lon":"11838.704","lon_dir":"W","spd_over_grnd":"30.00","true_course":"356.369324","datestamp":"150708","mag_variation":"","mag_var_dir":""}
{"timestamp":"092036","status":"A","lat":"3317.818","lat_dir":"N","lon":"11838.705","lon_dir":"W","spd_over_grnd":"30.00","true_course":"356.858948","datestamp":"150708","mag_variation":"","mag_var_dir":""}
{"timestamp":"092038","status":"A","lat":"3317.831","lat_dir":"N","lon":"11838.707","lon_dir":"W","spd_over_grnd":"30.00","true_course":"356.002045","datestamp":"150708","mag_variation":"","mag_var_dir":""}
{"timestamp":"092039","status":"A","lat":"3317.844","lat_dir":"N","lon":"11838.708","lon_dir":"W","spd_over_grnd":"30.00","true_course":"355.060547","datestamp":"150708","mag_variation":"","mag_var_dir":""}
{"timestamp":"092041","status":"A","lat":"3317.857","lat_dir":"N","lon":"11838.709","lon_dir":"W","spd_over_grnd":"30.00","true_course":"355.262299","datestamp":"150708","mag_variation":"","mag_var_dir":""}
{"timestamp":"092043","status":"A","lat":"3317.870","lat_dir":"N","lon":"11838.710","lon_dir":"W","spd_over_grnd":"30.00","true_course":"356.279114","datestamp":"150708","mag_variation":"","mag_var_dir":""}
{"timestamp":"092044","status":"A","lat":"3317.883","lat_dir":"N","lon":"11838.711","lon_dir":"W","spd_over_grnd":"30.00","true_course":"356.792755","datestamp":"150708","mag_variation":"","mag_var_dir":""}
{"timestamp":"092046","status":"A","lat":"3317.896","lat_dir":"N","lon":"11838.712","lon_dir":"W","spd_over_grnd":"30.00","true_course":"355.852081","datestamp":"150708","mag_variation":"","mag_var_dir":""}
{"timestamp":"092047","status":"A","lat":"3317.909","lat_dir":"N","lon":"11838.714","lon_dir":"W","spd_over_grnd":"30.00","true_course":"354.788971","datestamp":"150708","mag_variation":"","mag_var_dir":""}
{"timestamp":"092049","status":"A","lat":"3317.922","lat_dir":"N","lon":"11838.715","lon_dir":"W","spd_over_grnd":"30.00","true_course":"355.019318","datestamp":"150708","mag_variation":"","mag_var_dir":""}
{"timestamp":"092051","status":"A","lat":"3317.935","lat_dir":"N","lon":"11838.716","lon_dir":"W","spd_over_grnd":"30.00","true_course":"356.127625","datestamp":"150708","mag_variation":"","mag_var_dir":""}
{"timestamp":"092052","status":"A","lat":"3317.948","lat_dir":"N","lon":"11838.717","lon_dir":"W","spd_over_grnd":"30.00","true_course":"356.534882","datestamp":"150708","mag_variation":"","mag_var_dir":""}
{"timestamp":"092054","status":"A","lat":"3317.962","lat_dir":"N","lon":"11838.718","lon_dir":"W","spd_over_grnd":"30.00","true_course":"355.705811","datestamp":"150708","mag_variation":"","mag_var_dir":""}
{"timestamp":"092055","status":"A","lat":"3317.975","lat_dir":"N","lon":"11838.719","lon_dir":"W","spd_over_grnd":"30.00","true_course":"354.814789","datestamp":"150708","mag_variation":"","mag_var_dir":""}
{"timestamp":"092057","status":"A","lat":"3317.989","lat_dir":"N","lon":"11838.721","lon_dir":"W","spd_over_grnd":"30.00","true_course":"355.073364","datestamp":"150708","mag_variation":"","mag_var_dir":""}
{"timestamp":"092059","status":"A","lat":"3318.002","lat_dir":"N","lon":"11838.722","lon_dir":"W","spd_over_grnd":"30.00","true_course":"356.113556","datestamp":"150708","mag_variation":"","mag_var_dir":""}
{"timestamp":"092100","status":"A","lat":"3318.015","lat_dir":"N","lon":"11838.723","lon_dir":"W","spd_over_grnd":"30.00","true_course":"356.451019","datestamp":"150708","mag_variation":"","mag_var_dir":""}
{"timestamp":"092102","status":"A","lat":"3318.028","lat_dir":"N","lon":"11838.724","lon_dir":"W","spd_over_grnd":"30.00","true_course":"355.661438","datestamp":"150708","mag_variation":"","mag_var_dir":""}
{"timestamp":"092104","status":"A","lat":"3318.041","lat_dir":"N","lon":"11838.725","lon_dir":"W","spd_over_grnd":"30.00","true_course":"354.750092","datestamp":"150708","mag_variation":"","mag_var_dir":""}
{"timestamp":"092105","status":"A","lat":"3318.055","lat_dir":"N","lon":"11838.727","lon_dir":"W","spd_over_grnd":"30.00","true_course":"355.102722","datestamp":"150708","mag_variation":"","mag_var_dir":""}
{"timestamp":"092107","status":"A","lat":"3318.068","lat_dir":"N","lon":"11838.728","lon_dir":"W","spd_over_grnd":"30.00","true_course":"356.199158","datestamp":"150708","mag_variation":"","mag_var_dir":""}
{"timestamp":"092108","status":"A","lat":"3318.081","lat_dir":"N","lon":"11838.729","lon_dir":"W","spd_over_grnd":"30.00","true_course":"356.473328","datestamp":"150708","mag_variation":"","mag_var_dir":""}
{"timestamp":"092110","status":"A","lat":"3318.094","lat_dir":"N","lon":"11838.730","lon_dir":"W","spd_over_grnd":"30.00","true_course":"355.568054","datestamp":"150708","mag_variation":"","mag_var_dir":""}
{"timestamp":"092112","status":"A","lat":"3318.107","lat_dir":"N","lon":"11838.731","lon_dir":"W","spd_over_grnd":"30.00","true_course":"354.753143","datestamp":"150708","mag_variation":"","mag_var_dir":""}
{"timestamp":"092113","status":"A","lat":"3318.120","lat_dir":"N","lon":"11838.733","lon_dir":"W","spd_over_grnd":"30.00","true_course":"355.162598","datestamp":"150708","mag_variation":"","mag_var_dir":""}
{"timestamp":"092115","status":"A","lat":"3318.133","lat_dir":"N","lon":"11838.734","lon_dir":"W","spd_over_grnd":"30.00","true_course":"356.284302","datestamp":"150708","mag_variation":"","mag_var_dir":""}
{"timestamp":"092116","status":"A","lat":"3318.146","lat_dir":"N","lon":"11838.735","lon_dir":"W","spd_over_grnd":"30.00","true_course":"356.516296","datestamp":"150708","mag_variation":"","mag_var_dir":""}
{"timestamp":"092118","status":"A","lat":"3318.159","lat_dir":"N","lon":"11838.736","lon_dir":"W","spd_over_grnd":"30.00","true_course":"355.590759","datestamp":"150708","mag_variation":"","mag_var_dir":""}
{"timestamp":"092120","status":"A","lat":"3318.172","lat_dir":"N","lon":"11838.737","lon_dir":"W","spd_over_grnd":"30.00","true_course":"354.841125","datestamp":"150708","mag_variation":"","mag_var_dir":""}
{"timestamp":"092121","status":"A","lat":"3318.185","lat_dir":"N","lon":"11838.739","lon_dir":"W","spd_over_grnd":"30.00","true_course":"355.108765","datestamp":"150708","mag_variation":"","mag_var_dir":""}
{"timestamp":"092123","status":"A","lat":"3318.198","lat_dir":"N","lon":"11838.740","lon_dir":"W","spd_over_grnd":"30.00","true_course":"356.189148","datestamp":"150708","mag_variation":"","mag_var_dir":""}
{"timestamp":"092124","status":"A","lat":"3318.211","lat_dir":"N","lon":"11838.741","lon_dir":"W","spd_over_grnd":"30.00","true_course":"356.690063","datestamp":"150708","mag_variation":"","mag_var_dir":""}
{"timestamp":"092126","status":"A","lat":"3318.224","lat_dir":"N","lon":"11838.742","lon_dir":"W","spd_over_grnd":"30.00","true_course":"355.895630","datestamp":"150708","mag_variation":"","mag_var_dir":""}
{"timestamp":"092127","status":"A","lat":"3318.236","lat_dir":"N","lon":"11838.743","lon_dir":"W","spd_over_grnd":"30.00","true_course":"354.973114","datestamp":"150708","mag_variation":"","mag_var_dir":""}
{"timestamp":"092129","status":"A","lat":"3318.250","lat_dir":"N","lon":"11838.744","lon_dir":"W","spd_over_grnd":"30.00","true_course":"355.084930","datestamp":"150708","mag_variation":"","mag_var_dir":""}
{"timestamp":"092131","status":"A","lat":"3318.263","lat_dir":"N","lon":"11838.746","lon_dir":"W","spd_over_grnd":"30.00","true_course":"355.989990","datestamp":"150708","mag_variation":"","mag_var_dir":""}
{"timestamp":"092132","status":"A","lat":"3318.276","lat_dir":"N","lon":"11838.746","lon_dir":"W","spd_over_grnd":"30.00","true_course":"356.498657","datestamp":"150708","mag_variation":"","mag_var_dir":""}
{"timestamp":"092134","status":"A","lat":"3318.289","lat_dir":"N","lon":"11838.748","lon_dir":"W","spd_over_grnd":"30.00","true_course":"355.771088","datestamp":"150708","mag_variation":"","mag_var_dir":""}
{"timestamp":"092135","status":"A","lat":"3318.302","lat_dir":"N","lon":"11838.749","lon_dir":"W","spd_over_grnd":"30.00","true_course":"354.729492","datestamp":"150708","mag_variation":"","mag_var_dir":""}
{"timestamp":"092137","status":"A","lat":"3318.315","lat_dir":"N","lon":"11838.751","lon_dir":"W","spd_over_grnd":"30.00","true_course":"354.778412","datestamp":"150708","mag_variation":"","mag_var_dir":""}
{"timestamp":"092138","status":"A","lat":"3318.328","lat_dir":"N","lon":"11838.752","lon_dir":"W","spd_over_grnd":"30.00","true_course":"355.737946","datestamp":"150708","mag_variation":"","mag_var_dir":""}
{"timestamp":"092140","status":"A","lat":"3318.341","lat_dir":"N","lon":"11838.753","lon_dir":"W","spd_over_grnd":"30.00","true_course":"356.435364","datestamp":"150708","mag_variation":"","mag_var_dir":""}
{"timestamp":"092142","status":"A","lat":"3318.354","lat_dir":"N","lon":"11838.754","lon_dir":"W","spd_over_grnd":"30.00","true_course":"355.852692","datestamp":"150708","mag_variation":"","mag_var_dir":""}
{"timestamp":"092143","status":"A","lat":"3318.367","lat_dir":"N","lon":"11838.755","lon_dir":"W","spd_over_grnd":"30.00","true_course":"354.827728","datestamp":"150708","mag_variation":"","mag_var_dir":""}
{"timestamp":"092145","status":"A","lat":"3318.380","lat_dir":"N","lon":"11838.757","lon_dir":"W","spd_over_grnd":"30.00","true_course":"354.749481","datestamp":"150708","mag_variation":"","mag_var_dir":""}
{"timestamp":"092146","status":"A","lat":"3318.393","lat_dir":"N","lon":"11838.758","lon_dir":"W","spd_over_grnd":"30.00","true_course":"355.801758","datestamp":"150708","mag_variation":"","mag_var_dir":""}
{"timestamp":"092148","status":"A","lat":"3318.406","lat_dir":"N","lon":"11838.759","lon_dir":"W","spd_over_grnd":"30.00","true_course":"356.567627","datestamp":"150708","mag_variation":"","mag_var_dir":""}
{"timestamp":"092149","status":"A","lat":"3318.419","lat_dir":"N","lon":"11838.760","lon_dir":"W","spd_over_grnd":"30.00","true_course":"356.061798","datestamp":"150708","mag_variation":"","mag_var_dir":""}
{"timestamp":"092151","status":"A","lat":"3318.432","lat_dir":"N","lon":"11838.761","lon_dir":"W","spd_over_grnd":"30.00","true_course":"355.059418","datestamp":"150708","mag_variation":"","mag_var_dir":""}
{"timestamp":"092153","status":"A","lat":"3318.444","lat_dir":"N","lon":"11838.763","lon_dir":"W","spd_over_grnd":"30.00","true_course":"354.854736","datestamp":"150708","mag_variation":"","mag_var_dir":""}
{"timestamp":"092154","status":"A","lat":"3318.457","lat_dir":"N","lon":"11838.763","lon_dir":"W","spd_over_grnd":"30.00","true_course":"355.602478","datestamp":"150708","mag_variation":"","mag_var_dir":""}
{"timestamp":"092156","status":"A","lat":"3318.470","lat_dir":"N","lon":"11838.765","lon_dir":"W","spd_over_grnd":"30.00","true_course":"356.513519","datestamp":"150708","mag_variation":"","mag_var_dir":""}
{"timestamp":"092157","status":"A","lat":"3318.483","lat_dir":"N","lon":"11838.766","lon_dir":"W","spd_over_grnd":"30.00","true_course":"356.177521","datestamp":"150708","mag_variation":"","mag_var_dir":""}
{"timestamp":"092159","status":"A","lat":"3318.496","lat_dir":"N","lon":"11838.767","lon_dir":"W","spd_over_grnd":"30.00","true_course":"355.128357","datestamp":"150708","mag_variation":"","mag_var_dir":""}
{"timestamp":"092200","status":"A","lat":"3318.509","lat_dir":"N","lon":"11838.768","lon_dir":"W","spd_over_grnd":"30.00","true_course":"354.745941","datestamp":"150708","mag_variation":"","mag_var_dir":""}
{"timestamp":"092202","status":"A","lat":"3318.522","lat_dir":"N","lon":"11838.769","lon_dir":"W","spd_over_grnd":"30.00","true_course":"355.521240","datestamp":"150708","mag_variation":"","mag_var_dir":""}
{"timestamp":"092203","status":"A","lat":"3318.535","lat_dir":"N","lon":"11838.770","lon_dir":"W","spd_over_grnd":"30.00","true_course":"356.555878","datestamp":"150708","mag_variation":"","mag_var_dir":""}
{"timestamp":"092205","status":"A","lat":"3318.547","lat_dir":"N","lon":"11838.771","lon_dir":"W","spd_over_grnd":"30.00","true_course":"356.341095","datestamp":"150708","mag_variation":"","mag_var_dir":""}
{"timestamp":"092207","status":"A","lat":"3318.561","lat_dir":"N","lon":"11838.773","lon_dir":"W","spd_over_grnd":"30.00","true_course":"355.201447","datestamp":"150708","mag_variation":"","mag_var_dir":""}
{"timestamp":"092208","status":"A","lat":"3318.574","lat_dir":"N","lon":"11838.774","lon_dir":"W","spd_over_grnd":"30.00","true_course":"354.683746","datestamp":"150708","mag_variation":"","mag_var_dir":""}
{"timestamp":"092210","status":"A","lat":"3318.587","lat_dir":"N","lon":"11838.775","lon_dir":"W","spd_over_grnd":"30.00","true_course":"355.458191","datestamp":"150708","mag_variation":"","mag_var_dir":""}
{"timestamp":"092211","status":"A","lat":"3318.600","lat_dir":"N","lon":"11838.776","lon_dir":"W","spd_over_grnd":"30.00","true_course":"356.435577","datestamp":"150708","mag_variation":"","mag_var_dir":""}
{"timestamp":"092213","status":"A","lat":"3318.613","lat_dir":"N","lon":"11838.777","lon_dir":"W","spd_over_grnd":"30.00","true_course":"356.379150","datestamp":"150708","mag_variation":"","mag_var_dir":""}
{"timestamp":"092214","status":"A","lat":"3318.625","lat_dir":"N","lon":"11838.779","lon_dir":"W","spd_over_grnd":"30.00","true_course":"355.279083","datestamp":"150708","mag_variation":"","mag_var_dir":""}
{"timestamp":"092216","status":"A","lat":"3318.639","lat_dir":"N","lon":"11838.780","lon_dir":"W","spd_over_grnd":"30.00","true_course":"354.670990","datestamp":"150708","mag_variation":"","mag_var_dir":""}
{"timestamp":"092218","status":"A","lat":"3318.652","lat_dir":"N","lon":"11838.781","lon_dir":"W","spd_over_grnd":"30.00","true_course":"355.334351","datestamp":"150708","mag_variation":"","mag_var_dir":""}
{"timestamp":"092221","status":"A","lat":"3318.678","lat_dir":"N","lon":"11838.784","lon_dir":"W","spd_over_grnd":"30.00","true_course":"356.310913","datestamp":"150708","mag_variation":"","mag_var_dir":""}
{"timestamp":"092222","status":"A","lat":"3318.690","lat_dir":"N","lon":"11838.784","lon_dir":"W","spd_over_grnd":"30.00","true_course":"355.316711","datestamp":"150708","mag_variation":"","mag_var_dir":""}
{"timestamp":"092224","status":"A","lat":"3318.704","lat_dir":"N","lon":"11838.786","lon_dir":"W","spd_over_grnd":"30.00","true_course":"354.694489","datestamp":"150708","mag_variation":"","mag_var_dir":""}
{"timestamp":"092226","status":"A","lat":"3318.716","lat_dir":"N","lon":"11838.787","lon_dir":"W","spd_over_grnd":"30.00","true_course":"355.248657","datestamp":"150708","mag_variation":"","mag_var_dir":""}
{"timestamp":"092227","status":"A","lat":"3318.729","lat_dir":"N","lon":"11838.788","lon_dir":"W","spd_over_grnd":"30.00","true_course":"356.292328","datestamp":"150708","mag_variation":"","mag_var_dir":""}
{"timestamp":"092229","status":"A","lat":"3318.742","lat_dir":"N","lon":"11838.790","lon_dir":"W","spd_over_grnd":"30.00","true_course":"356.388763","datestamp":"150708","mag_variation":"","mag_var_dir":""}
{"timestamp":"092230","status":"A","lat":"3318.755","lat_dir":"N","lon":"11838.790","lon_dir":"W","spd_over_grnd":"30.00","true_course":"355.493622","datestamp":"150708","mag_variation":"","mag_var_dir":""}
{"timestamp":"092232","status":"A","lat":"3318.769","lat_dir":"N","lon":"11838.792","lon_dir":"W","spd_over_grnd":"30.00","true_course":"354.772217","datestamp":"150708","mag_variation":"","mag_var_dir":""}
{"timestamp":"092233","status":"A","lat":"3318.782","lat_dir":"N","lon":"11838.793","lon_dir":"W","spd_over_grnd":"30.00","true_course":"355.344757","datestamp":"150708","mag_variation":"","mag_var_dir":""}
{"timestamp":"092235","status":"A","lat":"3318.794","lat_dir":"N","lon":"11838.794","lon_dir":"W","spd_over_grnd":"30.00","true_course":"356.483307","datestamp":"150708","mag_variation":"","mag_var_dir":""}
{"timestamp":"092237","status":"A","lat":"3318.807","lat_dir":"N","lon":"11838.795","lon_dir":"W","spd_over_grnd":"30.00","true_course":"356.615570","datestamp":"150708","mag_variation":"","mag_var_dir":""}
{"timestamp":"092238","status":"A","lat":"3318.820","lat_dir":"N","lon":"11838.796","lon_dir":"W","spd_over_grnd":"30.00","true_course":"355.734253","datestamp":"150708","mag_variation":"","mag_var_dir":""}
{"timestamp":"092240","status":"A","lat":"3318.834","lat_dir":"N","lon":"11838.797","lon_dir":"W","spd_over_grnd":"30.00","true_course":"354.967834","datestamp":"150708","mag_variation":"","mag_var_dir":""}
{"timestamp":"092241","status":"A","lat":"3318.847","lat_dir":"N","lon":"11838.799","lon_dir":"W","spd_over_grnd":"30.00","true_course":"355.505920","datestamp":"150708","mag_variation":"","mag_var_dir":""}
{"timestamp":"092243","status":"A","lat":"3318.860","lat_dir":"N","lon":"11838.800","lon_dir":"W","spd_over_grnd":"30.00","true_course":"356.511963","datestamp":"150708","mag_variation":"","mag_var_dir":""}
{"timestamp":"092245","status":"A","lat":"3318.873","lat_dir":"N","lon":"11838.801","lon_dir":"W","spd_over_grnd":"30.00","true_course":"356.558899","datestamp":"150708","mag_variation":"","mag_var_dir":""}
{"timestamp":"092246","status":"A","lat":"3318.886","lat_dir":"N","lon":"11838.802","lon_dir":"W","spd_over_grnd":"30.00","true_course":"355.627563","datestamp":"150708","mag_variation":"","mag_var_dir":""}
{"timestamp":"092248","status":"A","lat":"3318.899","lat_dir":"N","lon":"11838.803","lon_dir":"W","spd_over_grnd":"30.00","true_course":"354.814972","datestamp":"150708","mag_variation":"","mag_var_dir":""}
{"timestamp":"092250","status":"A","lat":"3318.913","lat_dir":"N","lon":"11838.805","lon_dir":"W","spd_over_grnd":"30.00","true_course":"355.445892","datestamp":"150708","mag_variation":"","mag_var_dir":""}
{"timestamp":"092251","status":"A","lat":"3318.926","lat_dir":"N","lon":"11838.806","lon_dir":"W","spd_over_grnd":"30.00","true_course":"356.460846","datestamp":"150708","mag_variation":"","mag_var_dir":""}
{"timestamp":"092253","status":"A","lat":"3318.939","lat_dir":"N","lon":"11838.806","lon_dir":"W","spd_over_grnd":"30.00","true_course":"356.493103","datestamp":"150708","mag_variation":"","mag_var_dir":""}
{"timestamp":"092254","status":"A","lat":"3318.952","lat_dir":"N","lon":"11838.808","lon_dir":"W","spd_over_grnd":"30.00","true_course":"355.504669","datestamp":"150708","mag_variation":"","mag_var_dir":""}
{"timestamp":"092256","status":"A","lat":"3318.965","lat_dir":"N","lon":"11838.809","lon_dir":"W","spd_over_grnd":"30.00","true_course":"354.836578","datestamp":"150708","mag_variation":"","mag_var_dir":""}
{"timestamp":"092258","status":"A","lat":"3318.978","lat_dir":"N","lon":"11838.811","lon_dir":"W","spd_over_grnd":"30.00","true_course":"355.341583","datestamp":"150708","mag_variation":"","mag_var_dir":""}
{"timestamp":"092259","status":"A","lat":"3318.991","lat_dir":"N","lon":"11838.811","lon_dir":"W","spd_over_grnd":"30.00","true_course":"356.447174","datestamp":"150708","mag_variation":"","mag_var_dir":""}
{"timestamp":"092301","status":"A","lat":"3319.004","lat_dir":"N","lon":"11838.812","lon_dir":"W","spd_over_grnd":"30.00","true_course":"356.482391","datestamp":"150708","mag_variation":"","mag_var_dir":""}
{"timestamp":"092302","status":"A","lat":"3319.017","lat_dir":"N","lon":"11838.813","lon_dir":"W","spd_over_grnd":"30.00","true_course":"355.427795","datestamp":"150708","mag_variation":"","mag_var_dir":""}
{"timestamp":"092304","status":"A","lat":"3319.030","lat_dir":"N","lon":"11838.815","lon_dir":"W","spd_over_grnd":"30.00","true_course":"354.751984","datestamp":"150708","mag_variation":"","mag_var_dir":""}
{"timestamp":"092306","status":"A","lat":"3319.043","lat_dir":"N","lon":"11838.816","lon_dir":"W","spd_over_grnd":"30.00","true_course":"355.422119","datestamp":"150708","mag_variation":"","mag_var_dir":""}
{"timestamp":"092307","status":"A","lat":"3319.057","lat_dir":"N","lon":"11838.817","lon_dir":"W","spd_over_grnd":"30.00","true_course":"356.544189","datestamp":"150708","mag_variation":"","mag_var_dir":""}
{"timestamp":"092309","status":"A","lat":"3319.070","lat_dir":"N","lon":"11838.818","lon_dir":"W","spd_over_grnd":"30.00","true_course":"356.516632","datestamp":"150708","mag_variation":"","mag_var_dir":""}
{"timestamp":"092310","status":"A","lat":"3319.083","lat_dir":"N","lon":"11838.819","lon_dir":"W","spd_over_grnd":"30.00","true_course":"355.326843","datestamp":"150708","mag_variation":"","mag_var_dir":""}
{"timestamp":"092312","status":"A","lat":"3319.095","lat_dir":"N","lon":"11838.821","lon_dir":"W","spd_over_grnd":"30.00","true_course":"354.560242","datestamp":"150708","mag_variation":"","mag_var_dir":""}
{"timestamp":"092313","status":"A","lat":"3319.108","lat_dir":"N","lon":"11838.822","lon_dir":"W","spd_over_grnd":"30.00","true_course":"355.044495","datestamp":"150708","mag_variation":"","mag_var_dir":""}
{"timestamp":"092315","status":"A","lat":"3319.121","lat_dir":"N","lon":"11838.823","lon_dir":"W","spd_over_grnd":"30.00","true_course":"356.283264","datestamp":"150708","mag_variation":"","mag_var_dir":""}
{"timestamp":"092316","status":"A","lat":"3319.133","lat_dir":"N","lon":"11838.824","lon_dir":"W","spd_over_grnd":"30.00","true_course":"356.619232","datestamp":"150708","mag_variation":"","mag_var_dir":""}
{"timestamp":"092318","status":"A","lat":"3319.146","lat_dir":"N","lon":"11838.825","lon_dir":"W","spd_over_grnd":"30.00","true_course":"355.858612","datestamp":"150708","mag_variation":"","mag_var_dir":""}
{"timestamp":"092319","status":"A","lat":"3319.159","lat_dir":"N","lon":"11838.827","lon_dir":"W","spd_over_grnd":"30.00","true_course":"354.879486","datestamp":"150708","mag_variation":"","mag_var_dir":""}
{"timestamp":"092321","status":"A","lat":"3319.172","lat_dir":"N","lon":"11838.828","lon_dir":"W","spd_over_grnd":"30.00","true_course":"354.920441","datestamp":"150708","mag_variation":"","mag_var_dir":""}
{"timestamp":"092322","status":"A","lat":"3319.185","lat_dir":"N","lon":"11838.829","lon_dir":"W","spd_over_grnd":"30.00","true_course":"356.016174","datestamp":"150708","mag_variation":"","mag_var_dir":""}
{"timestamp":"092324","status":"A","lat":"3319.197","lat_dir":"N","lon":"11838.830","lon_dir":"W","spd_over_grnd":"30.00","true_course":"356.577179","datestamp":"150708","mag_variation":"","mag_var_dir":""}
{"timestamp":"092325","status":"A","lat":"3319.210","lat_dir":"N","lon":"11838.831","lon_dir":"W","spd_over_grnd":"30.00","true_course":"356.097778","datestamp":"150708","mag_variation":"","mag_var_dir":""}
{"timestamp":"092327","status":"A","lat":"3319.223","lat_dir":"N","lon":"11838.832","lon_dir":"W","spd_over_grnd":"30.00","true_course":"355.021210","datestamp":"150708","mag_variation":"","mag_var_dir":""}
{"timestamp":"092328","status":"A","lat":"3319.236","lat_dir":"N","lon":"11838.833","lon_dir":"W","spd_over_grnd":"30.00","true_course":"354.804840","datestamp":"150708","mag_variation":"","mag_var_dir":""}
