{"timestamp":"172016","status":"A","lat":"3328.920","lat_dir":"N","lon":"11836.273","lon_dir":"W","spd_over_grnd":"30.00","true_course":"41.205009","datestamp":"150708","mag_variation":"","mag_var_dir":""}
{"timestamp":"172018","status":"A","lat":"3328.929","lat_dir":"N","lon":"11836.263","lon_dir":"W","spd_over_grnd":"30.00","true_course":"42.066284","datestamp":"150708","mag_variation":"","mag_var_dir":""}
{"timestamp":"172020","status":"A","lat":"3328.939","lat_dir":"N","lon":"11836.253","lon_dir":"W","spd_over_grnd":"30.00","true_course":"43.059105","datestamp":"150708","mag_variation":"","mag_var_dir":""}
{"timestamp":"172021","status":"A","lat":"3328.948","lat_dir":"N","lon":"11836.242","lon_dir":"W","spd_over_grnd":"30.00","true_course":"42.644825","datestamp":"150708","mag_variation":"","mag_var_dir":""}
{"timestamp":"172023","status":"A","lat":"3328.958","lat_dir":"N","lon":"11836.232","lon_dir":"W","spd_over_grnd":"30.00","true_course":"41.540424","datestamp":"150708","mag_variation":"","mag_var_dir":""}
{"timestamp":"172025","status":"A","lat":"3328.968","lat_dir":"N","lon":"11836.221","lon_dir":"W","spd_over_grnd":"30.00","true_course":"41.456158","datestamp":"150708","mag_variation":"","mag_var_dir":""}
{"timestamp":"172026","status":"A","lat":"3328.977","lat_dir":"N","lon":"11836.211","lon_dir":"W","spd_over_grnd":"30.00","true_course":"42.534672","datestamp":"150708","mag_variation":"","mag_var_dir":""}
{"timestamp":"172028","status":"A","lat":"3328.987","lat_dir":"N","lon":"11836.200","lon_dir":"W","spd_over_grnd":"30.00","true_course":"43.118118","datestamp":"150708","mag_variation":"","mag_var_dir":""}
{"timestamp":"172030","status":"A","lat":"3328.996","lat_dir":"N","lon":"11836.190","lon_dir":"W","spd_over_grnd":"30.00","true_course":"42.368858","datestamp":"150708","mag_variation":"","mag_var_dir":""}
{"timestamp":"172031","status":"A","lat":"3329.006","lat_dir":"N","lon":"11836.179","lon_dir":"W","spd_over_grnd":"30.00","true_course":"41.375172","datestamp":"150708","mag_variation":"","mag_var_dir":""}
{"timestamp":"172033","status":"A","lat":"3329.016","lat_dir":"N","lon":"11836.169","lon_dir":"W","spd_over_grnd":"30.00","true_course":"41.459545","datestamp":"150708","mag_variation":"","mag_var_dir":""}
{"timestamp":"172035","status":"A","lat":"3329.026","lat_dir":"N","lon":"11836.159","lon_dir":"W","spd_over_grnd":"30.00","true_course":"42.604496","datestamp":"150708","mag_variation":"","mag_var_dir":""}
{"timestamp":"172036","status":"A","lat":"3329.035","lat_dir":"N","lon":"11836.148","lon_dir":"W","spd_over_grnd":"30.00","true_course":"43.036312","datestamp":"150708","mag_variation":"","mag_var_dir":""}
{"timestamp":"172038","status":"A","lat":"3329.045","lat_dir":"N","lon":"11836.137","lon_dir":"W","spd_over_grnd":"30.00","true_course":"42.050148","datestamp":"150708","mag_variation":"","mag_var_dir":""}
{"timestamp":"172040","status":"A","lat":"3329.055","lat_dir":"N","lon":"11836.127","lon_dir":"W","spd_over_grnd":"30.00","true_course":"41.256828","datestamp":"150708","mag_variation":"","mag_var_dir":""}
{"timestamp":"172041","status":"A","lat":"3329.065","lat_dir":"N","lon":"11836.116","lon_dir":"W","spd_over_grnd":"30.00","true_course":"41.713345","datestamp":"150708","mag_variation":"","mag_var_dir":""}
{"timestamp":"172043","status":"A","lat":"3329.075","lat_dir":"N","lon":"11836.106","lon_dir":"W","spd_over_grnd":"30.00","true_course":"42.803139","datestamp":"150708","mag_variation":"","mag_var_dir":""}
{"timestamp":"172045","status":"A","lat":"3329.084","lat_dir":"N","lon":"11836.095","lon_dir":"W","spd_over_grnd":"30.00","true_course":"42.925781","datestamp":"150708","mag_variation":"","mag_var_dir":""}
{"timestamp":"172046","status":"A","lat":"3329.094","lat_dir":"N","lon":"11836.084","lon_dir":"W","spd_over_grnd":"30.00","true_course":"41.965530","datestamp":"150708","mag_variation":"","mag_var_dir":""}
{"timestamp":"172048","status":"A","lat":"3329.104","lat_dir":"N","lon":"11836.074","lon_dir":"W","spd_over_grnd":"30.00","true_course":"41.294254","datestamp":"150708","mag_variation":"","mag_var_dir":""}
{"timestamp":"172050","status":"A","lat":"3329.114","lat_dir":"N","lon":"11836.064","lon_dir":"W","spd_over_grnd":"30.00","true_course":"41.921078","datestamp":"150708","mag_variation":"","mag_var_dir":""}
{"timestamp":"172051","status":"A","lat":"3329.124","lat_dir":"N","lon":"11836.053","lon_dir":"W","spd_over_grnd":"30.00","true_course":"43.002155","datestamp":"150708","mag_variation":"","mag_var_dir":""}
{"timestamp":"172053","status":"A","lat":"3329.133","lat_dir":"N","lon":"11836.042","lon_dir":"W","spd_over_grnd":"30.00","true_course":"42.942654","datestamp":"150708","mag_variation":"","mag_var_dir":""}
{"timestamp":"172054","status":"A","lat":"3329.143","lat_dir":"N","lon":"11836.031","lon_dir":"W","spd_over_grnd":"30.00","true_course":"41.887070","datestamp":"150708","mag_variation":"","mag_var_dir":""}
{"timestamp":"172056","status":"A","lat":"3329.152","lat_dir":"N","lon":"11836.021","lon_dir":"W","spd_over_grnd":"30.00","true_course":"41.226234","datestamp":"150708","mag_variation":"","mag_var_dir":""}
{"timestamp":"172058","status":"A","lat":"3329.163","lat_dir":"N","lon":"11836.011","lon_dir":"W","spd_over_grnd":"30.00","true_course":"41.924728","datestamp":"150708","mag_variation":"","mag_var_dir":""}
{"timestamp":"172059","status":"A","lat":"3329.172","lat_dir":"N","lon":"11836.000","lon_dir":"W","spd_over_grnd":"30.00","true_course":"42.989258","datestamp":"150708","mag_variation":"","mag_var_dir":""}
{"timestamp":"172101","status":"A","lat":"3329.182","lat_dir":"N","lon":"11835.989","lon_dir":"W","spd_over_grnd":"30.00","true_course":"42.756863","datestamp":"150708","mag_variation":"","mag_var_dir":""}
{"timestamp":"172103","status":"A","lat":"3329.192","lat_dir":"N","lon":"11835.978","lon_dir":"W","spd_over_grnd":"30.00","true_course":"41.664387","datestamp":"150708","mag_variation":"","mag_var_dir":""}
{"timestamp":"172104","status":"A","lat":"3329.202","lat_dir":"N","lon":"11835.968","lon_dir":"W","spd_over_grnd":"30.00","true_course":"41.248775","datestamp":"150708","mag_variation":"","mag_var_dir":""}
{"timestamp":"172106","status":"A","lat":"3329.212","lat_dir":"N","lon":"11835.957","lon_dir":"W","spd_over_grnd":"30.00","true_course":"42.147495","datestamp":"150708","mag_variation":"","mag_var_dir":""}
{"timestamp":"172108","status":"A","lat":"3329.221","lat_dir":"N","lon":"11835.947","lon_dir":"W","spd_over_grnd":"30.00","true_course":"43.172314","datestamp":"150708","mag_variation":"","mag_var_dir":""}
{"timestamp":"172109","status":"A","lat":"3329.231","lat_dir":"N","lon":"11835.936","lon_dir":"W","spd_over_grnd":"30.00","true_course":"42.869171","datestamp":"150708","mag_variation":"","mag_var_dir":""}
{"timestamp":"172111","status":"A","lat":"3329.241","lat_dir":"N","lon":"11835.925","lon_dir":"W","spd_over_grnd":"30.00","true_course":"41.721233","datestamp":"150708","mag_variation":"","mag_var_dir":""}
{"timestamp":"172112","status":"A","lat":"3329.251","lat_dir":"N","lon":"11835.915","lon_dir":"W","spd_over_grnd":"30.00","true_course":"41.398140","datestamp":"150708","mag_variation":"","mag_var_dir":""}
{"timestamp":"172114","status":"A","lat":"3329.261","lat_dir":"N","lon":"11835.904","lon_dir":"W","spd_over_grnd":"30.00","true_course":"42.517788","datestamp":"150708","mag_variation":"","mag_var_dir":""}
{"timestamp":"172116","status":"A","lat":"3329.270","lat_dir":"N","lon":"11835.894","lon_dir":"W","spd_over_grnd":"30.00","true_course":"43.399632","datestamp":"150708","mag_variation":"","mag_var_dir":""}
{"timestamp":"172117","status":"A","lat":"3329.280","lat_dir":"N","lon":"11835.883","lon_dir":"W","spd_over_grnd":"30.00","true_course":"42.815990","datestamp":"150708","mag_variation":"","mag_var_dir":""}
{"timestamp":"172119","status":"A","lat":"3329.290","lat_dir":"N","lon":"11835.872","lon_dir":"W","spd_over_grnd":"30.00","true_course":"41.813858","datestamp":"150708","mag_variation":"","mag_var_dir":""}
{"timestamp":"172121","status":"A","lat":"3329.300","lat_dir":"N","lon":"11835.862","lon_dir":"W","spd_over_grnd":"30.00","true_course":"41.802738","datestamp":"150708","mag_variation":"","mag_var_dir":""}
{"timestamp":"172123","status":"A","lat":"3329.310","lat_dir":"N","lon":"11835.851","lon_dir":"W","spd_over_grnd":"30.00","true_course":"42.874500","datestamp":"150708","mag_variation":"","mag_var_dir":""}
{"timestamp":"172124","status":"A","lat":"3329.319","lat_dir":"N","lon":"11835.840","lon_dir":"W","spd_over_grnd":"30.00","true_course":"43.335857","datestamp":"150708","mag_variation":"","mag_var_dir":""}
{"timestamp":"172126","status":"A","lat":"3329.329","lat_dir":"N","lon":"11835.829","lon_dir":"W","spd_over_grnd":"30.00","true_course":"42.612099","datestamp":"150708","mag_variation":"","mag_var_dir":""}
{"timestamp":"172127","status":"A","lat":"3329.339","lat_dir":"N","lon":"11835.819","lon_dir":"W","spd_over_grnd":"30.00","true_course":"41.673000","datestamp":"150708","mag_variation":"","mag_var_dir":""}
{"timestamp":"172129","status":"A","lat":"3329.349","lat_dir":"N","lon":"11835.808","lon_dir":"W","spd_over_grnd":"30.00","true_course":"41.940479","datestamp":"150708","mag_variation":"","mag_var_dir":""}
{"timestamp":"172131","status":"A","lat":"3329.358","lat_dir":"N","lon":"11835.798","lon_dir":"W","spd_over_grnd":"30.00","true_course":"42.932491","datestamp":"150708","mag_variation":"","mag_var_dir":""}
{"timestamp":"172132","status":"A","lat":"3329.368","lat_dir":"N","lon":"11835.787","lon_dir":"W","spd_over_grnd":"30.00","true_course":"43.253944","datestamp":"150708","mag_variation":"","mag_var_dir":""}
{"timestamp":"172134","status":"A","lat":"3329.377","lat_dir":"N","lon":"11835.777","lon_dir":"W","spd_over_grnd":"30.00","true_course":"42.359669","datestamp":"150708","mag_variation":"","mag_var_dir":""}
{"timestamp":"172136","status":"A","lat":"3329.387","lat_dir":"N","lon":"11835.766","lon_dir":"W","spd_over_grnd":"30.00","true_course":"41.691753","datestamp":"150708","mag_variation":"","mag_var_dir":""}
{"timestamp":"172138","status":"A","lat":"3329.397","lat_dir":"N","lon":"11835.755","lon_dir":"W","spd_over_grnd":"30.00","true_course":"42.265984","datestamp":"150708","mag_variation":"","mag_var_dir":""}
{"timestamp":"172139","status":"A","lat":"3329.406","lat_dir":"N","lon":"11835.745","lon_dir":"W","spd_over_grnd":"30.00","true_course":"43.367088","datestamp":"150708","mag_variation":"","mag_var_dir":""}
{"timestamp":"172141","status":"A","lat":"3329.415","lat_dir":"N","lon":"11835.734","lon_dir":"W","spd_over_grnd":"30.00","true_course":"43.315983","datestamp":"150708","mag_variation":"","mag_var_dir":""}
{"timestamp":"172143","status":"A","lat":"3329.425","lat_dir":"N","lon":"11835.724","lon_dir":"W","spd_over_grnd":"30.00","true_course":"42.234936","datestamp":"150708","mag_variation":"","mag_var_dir":""}
{"timestamp":"172144","status":"A","lat":"3329.435","lat_dir":"N","lon":"11835.714","lon_dir":"W","spd_over_grnd":"30.00","true_course":"41.808994","datestamp":"150708","mag_variation":"","mag_var_dir":""}
{"timestamp":"172146","status":"A","lat":"3329.445","lat_dir":"N","lon":"11835.703","lon_dir":"W","spd_over_grnd":"30.00","true_course":"42.719654","datestamp":"150708","mag_variation":"","mag_var_dir":""}
{"timestamp":"172148","status":"A","lat":"3329.454","lat_dir":"N","lon":"11835.693","lon_dir":"W","spd_over_grnd":"30.00","true_course":"43.525101","datestamp":"150708","mag_variation":"","mag_var_dir":""}
{"timestamp":"172149","status":"A","lat":"3329.463","lat_dir":"N","lon":"11835.682","lon_dir":"W","spd_over_grnd":"30.00","true_course":"43.051704","datestamp":"150708","mag_variation":"","mag_var_dir":""}
{"timestamp":"172151","status":"A","lat":"3329.473","lat_dir":"N","lon":"11835.672","lon_dir":"W","spd_over_grnd":"30.00","true_course":"41.968399","datestamp":"150708","mag_variation":"","mag_var_dir":""}
{"timestamp":"172153","status":"A","lat":"3329.482","lat_dir":"N","lon":"11835.662","lon_dir":"W","spd_over_grnd":"30.00","true_course":"41.944172","datestamp":"150708","mag_variation":"","mag_var_dir":""}
{"timestamp":"172155","status":"A","lat":"3329.492","lat_dir":"N","lon":"11835.651","lon_dir":"W","spd_over_grnd":"30.00","true_course":"42.791252","datestamp":"150708","mag_variation":"","mag_var_dir":""}
{"timestamp":"172156","status":"A","lat":"3329.501","lat_dir":"N","lon":"11835.641","lon_dir":"W","spd_over_grnd":"30.00","true_course":"43.337082","datestamp":"150708","mag_variation":"","mag_var_dir":""}
{"timestamp":"172158","status":"A","lat":"3329.511","lat_dir":"N","lon":"11835.630","lon_dir":"W","spd_over_grnd":"30.00","true_course":"42.572803","datestamp":"150708","mag_variation":"","mag_var_dir":""}
{"timestamp":"172200","status":"A","lat":"3329.520","lat_dir":"N","lon":"11835.620","lon_dir":"W","spd_over_grnd":"30.00","true_course":"41.544502","datestamp":"150708","mag_variation":"","mag_var_dir":""}
{"timestamp":"172201","status":"A","lat":"3329.530","lat_dir":"N","lon":"11835.609","lon_dir":"W","spd_over_grnd":"30.00","true_course":"41.926109","datestamp":"150708","mag_variation":"","mag_var_dir":""}
{"timestamp":"172203","status":"A","lat":"3329.540","lat_dir":"N","lon":"11835.599","lon_dir":"W","spd_over_grnd":"30.00","true_course":"43.019024","datestamp":"150708","mag_variation":"","mag_var_dir":""}
{"timestamp":"172205","status":"A","lat":"3329.549","lat_dir":"N","lon":"11835.588","lon_dir":"W","spd_over_grnd":"30.00","true_course":"43.180328","datestamp":"150708","mag_variation":"","mag_var_dir":""}
{"timestamp":"172206","status":"A","lat":"3329.558","lat_dir":"N","lon":"11835.578","lon_dir":"W","spd_over_grnd":"30.00","true_course":"42.266357","datestamp":"150708","mag_variation":"","mag_var_dir":""}
{"timestamp":"172208","status":"A","lat":"3329.568","lat_dir":"N","lon":"11835.567","lon_dir":"W","spd_over_grnd":"30.00","true_course":"41.759148","datestamp":"150708","mag_variation":"","mag_var_dir":""}
{"timestamp":"172210","status":"A","lat":"3329.578","lat_dir":"N","lon":"11835.557","lon_dir":"W","spd_over_grnd":"30.00","true_course":"42.519245","datestamp":"150708","mag_variation":"","mag_var_dir":""}
{"timestamp":"172211","status":"A","lat":"3329.587","lat_dir":"N","lon":"11835.547","lon_dir":"W","spd_over_grnd":"30.00","true_course":"43.485096","datestamp":"150708","mag_variation":"","mag_var_dir":""}
{"timestamp":"172213","status":"A","lat":"3329.596","lat_dir":"N","lon":"11835.536","lon_dir":"W","spd_over_grnd":"30.00","true_course":"43.238239","datestamp":"150708","mag_variation":"","mag_var_dir":""}
{"timestamp":"172215","status":"A","lat":"3329.606","lat_dir":"N","lon":"11835.526","lon_dir":"W","spd_over_grnd":"30.00","true_course":"42.200764","datestamp":"150708","mag_variation":"","mag_var_dir":""}
{"timestamp":"172216","status":"A","lat":"3329.615","lat_dir":"N","lon":"11835.516","lon_dir":"W","spd_over_grnd":"30.00","true_course":"41.900478","datestamp":"150708","mag_variation":"","mag_var_dir":""}
{"timestamp":"172218","status":"A","lat":"3329.625","lat_dir":"N","lon":"11835.505","lon_dir":"W","spd_over_grnd":"30.00","true_course":"42.993008","datestamp":"150708","mag_variation":"","mag_var_dir":""}
{"timestamp":"172220","status":"A","lat":"3329.634","lat_dir":"N","lon":"11835.495","lon_dir":"W","spd_over_grnd":"30.00","true_course":"43.605747","datestamp":"150708","mag_variation":"","mag_var_dir":""}
{"timestamp":"172222","status":"A","lat":"3329.644","lat_dir":"N","lon":"11835.484","lon_dir":"W","spd_over_grnd":"30.00","true_course":"43.033756","datestamp":"150708","mag_variation":"","mag_var_dir":""}
{"timestamp":"172223","status":"A","lat":"3329.653","lat_dir":"N","lon":"11835.473","lon_dir":"W","spd_over_grnd":"30.00","true_course":"42.061371","datestamp":"150708","mag_variation":"","mag_var_dir":""}
{"timestamp":"172225","status":"A","lat":"3329.663","lat_dir":"N","lon":"11835.463","lon_dir":"W","spd_over_grnd":"30.00","true_course":"42.136124","datestamp":"150708","mag_variation":"","mag_var_dir":""}
{"timestamp":"172227","status":"A","lat":"3329.672","lat_dir":"N","lon":"11835.453","lon_dir":"W","spd_over_grnd":"30.00","true_course":"43.275124","datestamp":"150708","mag_variation":"","mag_var_dir":""}
{"timestamp":"172228","status":"A","lat":"3329.682","lat_dir":"N","lon":"11835.442","lon_dir":"W","spd_over_grnd":"30.00","true_course":"43.682945","datestamp":"150708","mag_variation":"","mag_var_dir":""}
{"timestamp":"172230","status":"A","lat":"3329.691","lat_dir":"N","lon":"11835.431","lon_dir":"W","spd_over_grnd":"30.00","true_course":"42.768429","datestamp":"150708","mag_variation":"","mag_var_dir":""}
{"timestamp":"172232","status":"A","lat":"3329.701","lat_dir":"N","lon":"11835.421","lon_dir":"W","spd_over_grnd":"30.00","true_course":"41.994038","datestamp":"150708","mag_variation":"","mag_var_dir":""}
{"timestamp":"172233","status":"A","lat":"3329.710","lat_dir":"N","lon":"11835.411","lon_dir":"W","spd_over_grnd":"30.00","true_course":"42.542389","datestamp":"150708","mag_variation":"","mag_var_dir":""}
{"timestamp":"172235","status":"A","lat":"3329.720","lat_dir":"N","lon":"11835.400","lon_dir":"W","spd_over_grnd":"30.00","true_course":"43.548893","datestamp":"150708","mag_variation":"","mag_var_dir":""}
{"timestamp":"172237","status":"A","lat":"3329.729","lat_dir":"N","lon":"11835.389","lon_dir":"W","spd_over_grnd":"30.00","true_course":"43.549805","datestamp":"150708","mag_variation":"","mag_var_dir":""}
{"timestamp":"172239","status":"A","lat":"3329.739","lat_dir":"N","lon":"11835.379","lon_dir":"W","spd_over_grnd":"30.00","true_course":"42.389305","datestamp":"150708","mag_variation":"","mag_var_dir":""}
{"timestamp":"172240","status":"A","lat":"3329.748","lat_dir":"N","lon":"11835.369","lon_dir":"W","spd_over_grnd":"30.00","true_course":"41.841183","datestamp":"150708","mag_variation":"","mag_var_dir":""}
{"timestamp":"172242","status":"A","lat":"3329.758","lat_dir":"N","lon":"11835.358","lon_dir":"W","spd_over_grnd":"30.00","true_course":"42.632587","datestamp":"150708","mag_variation":"","mag_var_dir":""}
{"timestamp":"172244","status":"A","lat":"3329.767","lat_dir":"N","lon":"11835.348","lon_dir":"W","spd_over_grnd":"30.00","true_course":"43.476673","datestamp":"150708","mag_variation":"","mag_var_dir":""}
{"timestamp":"172245","status":"A","lat":"3329.777","lat_dir":"N","lon":"11835.337","lon_dir":"W","spd_over_grnd":"30.00","true_course":"43.107048","datestamp":"150708","mag_variation":"","mag_var_dir":""}
{"timestamp":"172247","status":"A","lat":"3329.786","lat_dir":"N","lon":"11835.327","lon_dir":"W","spd_over_grnd":"30.00","true_course":"42.071075","datestamp":"150708","mag_variation":"","mag_var_dir":""}
{"timestamp":"172249","status":"A","lat":"3329.796","lat_dir":"N","lon":"11835.316","lon_dir":"W","spd_over_grnd":"30.00","true_course":"41.891979","datestamp":"150708","mag_variation":"","mag_var_dir":""}
{"timestamp":"172250","status":"A","lat":"3329.805","lat_dir":"N","lon":"11835.306","lon_dir":"W","spd_over_grnd":"30.00","true_course":"42.862762","datestamp":"150708","mag_variation":"","mag_var_dir":""}
{"timestamp":"172252","status":"A","lat":"3329.815","lat_dir":"N","lon":"11835.295","lon_dir":"W","spd_over_grnd":"30.00","true_course":"43.462318","datestamp":"150708","mag_variation":"","mag_var_dir":""}
{"timestamp":"172254","status":"A","lat":"3329.825","lat_dir":"N","lon":"11835.284","lon_dir":"W","spd_over_grnd":"30.00","true_course":"42.776676","datestamp":"150708","mag_variation":"","mag_var_dir":""}
{"timestamp":"172255","status":"A","lat":"3329.834","lat_dir":"N","lon":"11835.274","lon_dir":"W","spd_over_grnd":"30.00","true_course":"41.840145","datestamp":"150708","mag_variation":"","mag_var_dir":""}
{"timestamp":"172257","status":"A","lat":"3329.844","lat_dir":"N","lon":"11835.263","lon_dir":"W","spd_over_grnd":"30.00","true_course":"41.940636","datestamp":"150708","mag_variation":"","mag_var_dir":""}
{"timestamp":"172259","status":"A","lat":"3329.854","lat_dir":"N","lon":"11835.252","lon_dir":"W","spd_over_grnd":"30.00","true_course":"42.931114","datestamp":"150708","mag_variation":"","mag_var_dir":""}
{"timestamp":"172300","status":"A","lat":"3329.864","lat_dir":"N","lon":"11835.241","lon_dir":"W","spd_over_grnd":"30.00","true_course":"43.426449","datestamp":"150708","mag_variation":"","mag_var_dir":""}
{"timestamp":"172302","status":"A","lat":"3329.873","lat_dir":"N","lon":"11835.231","lon_dir":"W","spd_over_grnd":"30.00","true_course":"42.672680","datestamp":"150708","mag_variation":"","mag_var_dir":""}
{"timestamp":"172304","status":"A","lat":"3329.883","lat_dir":"N","lon":"11835.220","lon_dir":"W","spd_over_grnd":"30.00","true_course":"41.759392","datestamp":"150708","mag_variation":"","mag_var_dir":""}
{"timestamp":"172305","status":"A","lat":"3329.893","lat_dir":"N","lon":"11835.210","lon_dir":"W","spd_over_grnd":"30.00","true_course":"42.146824","datestamp":"150708","mag_variation":"","mag_var_dir":""}
{"timestamp":"172307","status":"A","lat":"3329.903","lat_dir":"N","lon":"11835.199","lon_dir":"W","spd_over_grnd":"30.00","true_course":"43.269932","datestamp":"150708","mag_variation":"","mag_var_dir":""}
{"timestamp":"172309","status":"A","lat":"3329.912","lat_dir":"N","lon":"11835.189","lon_dir":"W","spd_over_grnd":"30.00","true_course":"43.455215","datestamp":"150708","mag_variation":"","mag_var_dir":""}
{"timestamp":"172310","status":"A","lat":"3329.922","lat_dir":"N","lon":"11835.178","lon_dir":"W","spd_over_grnd":"30.00","true_course":"42.246418","datestamp":"150708","mag_variation":"","mag_var_dir":""}
{"timestamp":"172312","status":"A","lat":"3329.932","lat_dir":"N","lon":"11835.167","lon_dir":"W","spd_over_grnd":"30.00","true_course":"41.519882","datestamp":"150708","mag_variation":"","mag_var_dir":""}
{"timestamp":"172314","status":"A","lat":"3329.942","lat_dir":"N","lon":"11835.157","lon_dir":"W","spd_over_grnd":"30.00","true_course":"42.202271","datestamp":"150708","mag_variation":"","mag_var_dir":""}
{"timestamp":"172315","status":"A","lat":"3329.951","lat_dir":"N","lon":"11835.146","lon_dir":"W","spd_over_grnd":"30.00","true_course":"43.178753","datestamp":"150708","mag_variation":"","mag_var_dir":""}
{"timestamp":"172317","status":"A","lat":"3329.961","lat_dir":"N","lon":"11835.135","lon_dir":"W","spd_over_grnd":"30.00","true_course":"43.077816","datestamp":"150708","mag_variation":"","mag_var_dir":""}
{"timestamp":"172319","status":"A","lat":"3329.970","lat_dir":"N","lon":"11835.125","lon_dir":"W","spd_over_grnd":"30.00","true_course":"41.895500","datestamp":"150708","mag_variation":"","mag_var_dir":""}
{"timestamp":"172320","status":"A","lat":"3329.980","lat_dir":"N","lon":"11835.115","lon_dir":"W","spd_over_grnd":"30.00","true_course":"41.443382","datestamp":"150708","mag_variation":"","mag_var_dir":""}
{"timestamp":"172322","status":"A","lat":"3329.990","lat_dir":"N","lon":"11835.104","lon_dir":"W","spd_over_grnd":"30.00","true_course":"42.138153","datestamp":"150708","mag_variation":"","mag_var_dir":""}
{"timestamp":"172323","status":"A","lat":"3330.000","lat_dir":"N","lon":"11835.094","lon_dir":"W","spd_over_grnd":"30.00","true_course":"43.130043","datestamp":"150708","mag_variation":"","mag_var_dir":""}
{"timestamp":"172325","status":"A","lat":"3330.009","lat_dir":"N","lon":"11835.083","lon_dir":"W","spd_over_grnd":"30.00","true_course":"42.980068","datestamp":"150708","mag_variation":"","mag_var_dir":""}
{"timestamp":"172327","status":"A","lat":"3330.019","lat_dir":"N","lon":"11835.072","lon_dir":"W","spd_over_grnd":"30.00","true_course":"41.813290","datestamp":"150708","mag_variation":"","mag_var_dir":""}
{"timestamp":"172328","status":"A","lat":"3330.029","lat_dir":"N","lon":"11835.062","lon_dir":"W","spd_over_grnd":"30.00","true_course":"41.410683","datestamp":"150708","mag_variation":"","mag_var_dir":""}
{"timestamp":"172330","status":"A","lat":"3330.038","lat_dir":"N","lon":"11835.051","lon_dir":"W","spd_over_grnd":"30.00","true_course":"42.391174","datestamp":"150708","mag_variation":"","mag_var_dir":""}
{"timestamp":"172332","status":"A","lat":"3330.048","lat_dir":"N","lon":"11835.040","lon_dir":"W","spd_over_grnd":"30.00","true_course":"43.281689","datestamp":"150708","mag_variation":"","mag_var_dir":""}
{"timestamp":"172333","status":"A","lat":"3330.058","lat_dir":"N","lon":"11835.030","lon_dir":"W","spd_over_grnd":"30.00","true_course":"42.889172","datestamp":"150708","mag_variation":"","mag_var_dir":""}
{"timestamp":"172335","status":"A","lat":"3330.068","lat_dir":"N","lon":"11835.019","lon_dir":"W","spd_over_grnd":"30.00","true_course":"41.709469","datestamp":"150708","mag_variation":"","mag_var_dir":""}
{"timestamp":"172337","status":"A","lat":"3330.078","lat_dir":"N","lon":"11835.009","lon_dir":"W","spd_over_grnd":"30.00","true_course":"41.496838","datestamp":"150708","mag_variation":"","mag_var_dir":""}
{"timestamp":"172338","status":"A","lat":"3330.087","lat_dir":"N","lon":"11834.998","lon_dir":"W","spd_over_grnd":"30.00","true_course":"42.397518","datestamp":"150708","mag_variation":"","mag_var_dir":""}
{"timestamp":"172340","status":"A","lat":"3330.097","lat_dir":"N","lon":"11834.988","lon_dir":"W","spd_over_grnd":"30.00","true_course":"43.205303","datestamp":"150708","mag_variation":"","mag_var_dir":""}
{"timestamp":"172341","status":"A","lat":"3330.106","lat_dir":"N","lon":"11834.977","lon_dir":"W","spd_over_grnd":"30.00","true_course":"42.657600","datestamp":"150708","mag_variation":"","mag_var_dir":""}
{"timestamp":"172343","status":"A","lat":"3330.116","lat_dir":"N","lon":"11834.966","lon_dir":"W","spd_over_grnd":"30.00","true_course":"41.579121","datestamp":"150708","mag_variation":"","mag_var_dir":""}
{"timestamp":"172345","status":"A","lat":"3330.126","lat_dir":"N","lon":"11834.956","lon_dir":"W","spd_over_grnd":"30.00","true_course":"41.548710","datestamp":"150708","mag_variation":"","mag_var_dir":""}
{"timestamp":"172346","status":"A","lat":"3330.136","lat_dir":"N","lon":"11834.945","lon_dir":"W","spd_over_grnd":"30.00","true_course":"42.706352","datestamp":"150708","mag_variation":"","mag_var_dir":""}
{"timestamp":"172348","status":"A","lat":"3330.146","lat_dir":"N","lon":"11834.935","lon_dir":"W","spd_over_grnd":"30.00","true_course":"43.498428","datestamp":"150708","mag_variation":"","mag_var_dir":""}
{"timestamp":"172350","status":"A","lat":"3330.155","lat_dir":"N","lon":"11834.924","lon_dir":"W","spd_over_grnd":"30.00","true_course":"42.922901","datestamp":"150708","mag_variation":"","mag_var_dir":""}
{"timestamp":"172351","status":"A","lat":"3330.165","lat_dir":"N","lon":"11834.913","lon_dir":"W","spd_over_grnd":"30.00","true_course":"41.756630","datestamp":"150708","mag_variation":"","mag_var_dir":""}
{"timestamp":"172353","status":"A","lat":"3330.175","lat_dir":"N","lon":"11834.903","lon_dir":"W","spd_over_grnd":"30.00","true_course":"41.831863","datestamp":"150708","mag_variation":"","mag_var_dir":""}
{"timestamp":"172355","status":"A","lat":"3330.185","lat_dir":"N","lon":"11834.892","lon_dir":"W","spd_over_grnd":"30.00","true_course":"42.944042","datestamp":"150708","mag_variation":"","mag_var_dir":""}
{"timestamp":"172356","status":"A","lat":"3330.194","lat_dir":"N","lon":"11834.882","lon_dir":"W","spd_over_grnd":"30.00","true_course":"43.310734","datestamp":"150708","mag_variation":"","mag_var_dir":""}
{"timestamp":"172358","status":"A","lat":"3330.204","lat_dir":"N","lon":"11834.871","lon_dir":"W","spd_over_grnd":"30.00","true_course":"42.444843","datestamp":"150708","mag_variation":"","mag_var_dir":""}
{"timestamp":"172400","status":"A","lat":"3330.214","lat_dir":"N","lon":"11834.860","lon_dir":"W","spd_over_grnd":"30.00","true_course":"41.532654","datestamp":"150708","mag_variation":"","mag_var_dir":""}
{"timestamp":"172401","status":"A","lat":"3330.223","lat_dir":"N","lon":"11834.850","lon_dir":"W","spd_over_grnd":"30.00","true_course":"41.902046","datestamp":"150708","mag_variation":"","mag_var_dir":""}
{"timestamp":"172403","status":"A","lat":"3330.233","lat_dir":"N","lon":"11834.839","lon_dir":"W","spd_over_grnd":"30.00","true_course":"43.049252","datestamp":"150708","mag_variation":"","mag_var_dir":""}
{"timestamp":"172405","status":"A","lat":"3330.243","lat_dir":"N","lon":"11834.828","lon_dir":"W","spd_over_grnd":"30.00","true_course":"43.379234","datestamp":"150708","mag_variation":"","mag_var_dir":""}
{"timestamp":"172406","status":"A","lat":"3330.252","lat_dir":"N","lon":"11834.818","lon_dir":"W","spd_over_grnd":"30.00","true_course":"42.368576","datestamp":"150708","mag_variation":"","mag_var_dir":""}
{"timestamp":"172408","status":"A","lat":"3330.262","lat_dir":"N","lon":"11834.807","lon_dir":"W","spd_over_grnd":"30.00","true_course":"41.591042","datestamp":"150708","mag_variation":"","mag_var_dir":""}
{"timestamp":"172409","status":"A","lat":"3330.272","lat_dir":"N","lon":"11834.797","lon_dir":"W","spd_over_grnd":"30.00","true_course":"42.140110","datestamp":"150708","mag_variation":"","mag_var_dir":""}
{"timestamp":"172411","status":"A","lat":"3330.282","lat_dir":"N","lon":"11834.786","lon_dir":"W","spd_over_grnd":"30.00","true_course":"43.155037","datestamp":"150708","mag_variation":"","mag_var_dir":""}
{"timestamp":"172413","status":"A","lat":"3330.291","lat_dir":"N","lon":"11834.775","lon_dir":"W","spd_over_grnd":"30.00","true_course":"43.195332","datestamp":"150708","mag_variation":"","mag_var_dir":""}
{"timestamp":"172414","status":"A","lat":"3330.301","lat_dir":"N","lon":"11834.765","lon_dir":"W","spd_over_grnd":"30.00","true_course":"42.206047","datestamp":"150708","mag_variation":"","mag_var_dir":""}
{"timestamp":"172416","status":"A","lat":"3330.310","lat_dir":"N","lon":"11834.754","lon_dir":"W","spd_over_grnd":"30.00","true_course":"41.628609","datestamp":"150708","mag_variation":"","mag_var_dir":""}
{"timestamp":"172418","status":"A","lat":"3330.320","lat_dir":"N","lon":"11834.744","lon_dir":"W","spd_over_grnd":"30.00","true_course":"42.291775","datestamp":"150708","mag_variation":"","mag_var_dir":""}
{"timestamp":"172419","status":"A","lat":"3330.330","lat_dir":"N","lon":"11834.734","lon_dir":"W","spd_over_grnd":"30.00","true_course":"43.182693","datestamp":"150708","mag_variation":"","mag_var_dir":""}
{"timestamp":"172421","status":"A","lat":"3330.339","lat_dir":"N","lon":"11834.723","lon_dir":"W","spd_over_grnd":"30.00","true_course":"42.947731","datestamp":"150708","mag_variation":"","mag_var_dir":""}
{"timestamp":"172423","status":"A","lat":"3330.348","lat_dir":"N","lon":"11834.713","lon_dir":"W","spd_over_grnd":"30.00","true_course":"41.867302","datestamp":"150708","mag_variation":"","mag_var_dir":""}
{"timestamp":"172424","status":"A","lat":"3330.358","lat_dir":"N","lon":"11834.703","lon_dir":"W","spd_over_grnd":"30.00","true_course":"41.438423","datestamp":"150708","mag_variation":"","mag_var_dir":""}
{"timestamp":"172426","status":"A","lat":"3330.368","lat_dir":"N","lon":"11834.692","lon_dir":"W","spd_over_grnd":"30.00","true_course":"42.238827","datestamp":"150708","mag_variation":"","mag_var_dir":""}
{"timestamp":"172428","status":"A","lat":"3330.378","lat_dir":"N","lon":"11834.681","lon_dir":"W","spd_over_grnd":"30.00","true_course":"43.129143","datestamp":"150708","mag_variation":"","mag_var_dir":""}
{"timestamp":"172429","status":"A","lat":"3330.387","lat_dir":"N","lon":"11834.671","lon_dir":"W","spd_over_grnd":"30.00","true_course":"42.661003","datestamp":"150708","mag_variation":"","mag_var_dir":""}
{"timestamp":"172431","status":"A","lat":"3330.397","lat_dir":"N","lon":"11834.660","lon_dir":"W","spd_over_grnd":"30.00","true_course":"41.677708","datestamp":"150708","mag_variation":"","mag_var_dir":""}
{"timestamp":"172433","status":"A","lat":"3330.406","lat_dir":"N","lon":"11834.650","lon_dir":"W","spd_over_grnd":"30.00","true_course":"41.631313","datestamp":"150708","mag_variation":"","mag_var_dir":""}
{"timestamp":"172434","status":"A","lat":"3330.416","lat_dir":"N","lon":"11834.640","lon_dir":"W","spd_over_grnd":"30.00","true_course":"42.648674","datestamp":"150708","mag_variation":"","mag_var_dir":""}
{"timestamp":"172436","status":"A","lat":"3330.425","lat_dir":"N","lon":"11834.629","lon_dir":"W","spd_over_grnd":"30.00","true_course":"43.147537","datestamp":"150708","mag_variation":"","mag_var_dir":""}
{"timestamp":"172438","status":"A","lat":"3330.434","lat_dir":"N","lon":"11834.619","lon_dir":"W","spd_over_grnd":"30.00","true_course":"42.449886","datestamp":"150708","mag_variation":"","mag_var_dir":""}
{"timestamp":"172440","status":"A","lat":"3330.444","lat_dir":"N","lon":"11834.609","lon_dir":"W","spd_over_grnd":"30.00","true_course":"41.585381","datestamp":"150708","mag_variation":"","mag_var_dir":""}
{"timestamp":"172441","status":"A","lat":"3330.454","lat_dir":"N","lon":"11834.599","lon_dir":"W","spd_over_grnd":"30.00","true_course":"41.929386","datestamp":"150708","mag_variation":"","mag_var_dir":""}
{"timestamp":"172443","status":"A","lat":"3330.463","lat_dir":"N","lon":"11834.588","lon_dir":"W","spd_over_grnd":"30.00","true_course":"43.041630","datestamp":"150708","mag_variation":"","mag_var_dir":""}
{"timestamp":"172445","status":"A","lat":"3330.473","lat_dir":"N","lon":"11834.578","lon_dir":"W","spd_over_grnd":"30.00","true_course":"43.233444","datestamp":"150708","mag_variation":"","mag_var_dir":""}
{"timestamp":"172446","status":"A","lat":"3330.482","lat_dir":"N","lon":"11834.567","lon_dir":"W","spd_over_grnd":"30.00","true_course":"42.258442","datestamp":"150708","mag_variation":"","mag_var_dir":""}
{"timestamp":"172448","status":"A","lat":"3330.492","lat_dir":"N","lon":"11834.557","lon_dir":"W","spd_over_grnd":"30.00","true_course":"41.631313","datestamp":"150708","mag_variation":"","mag_var_dir":""}
{"timestamp":"172450","status":"A","lat":"3330.501","lat_dir":"N","lon":"11834.547","lon_dir":"W","spd_over_grnd":"30.00","true_course":"42.401131","datestamp":"150708","mag_variation":"","mag_var_dir":""}
{"timestamp":"172451","status":"A","lat":"3330.511","lat_dir":"N","lon":"11834.536","lon_dir":"W","spd_over_grnd":"30.00","true_course":"43.449360","datestamp":"150708","mag_variation":"","mag_var_dir":""}
{"timestamp":"172453","status":"A","lat":"3330.520","lat_dir":"N","lon":"11834.525","lon_dir":"W","spd_over_grnd":"30.00","true_course":"43.237099","datestamp":"150708","mag_variation":"","mag_var_dir":""}
