{"timestamp":"082209","status":"A","lat":"3319.118","lat_dir":"N","lon":"11832.128","lon_dir":"W","spd_over_grnd":"30.00","true_course":"276.098358","datestamp":"150708","mag_variation":"","mag_var_dir":""}
{"timestamp":"082211","status":"A","lat":"3319.120","lat_dir":"N","lon":"11832.144","lon_dir":"W","spd_over_grnd":"30.00","true_course":"277.106049","datestamp":"150708","mag_variation":"","mag_var_dir":""}
{"timestamp":"082212","status":"A","lat":"3319.121","lat_dir":"N","lon":"11832.159","lon_dir":"W","spd_over_grnd":"30.00","true_course":"277.650360","datestamp":"150708","mag_variation":"","mag_var_dir":""}
{"timestamp":"082214","status":"A","lat":"3319.123","lat_dir":"N","lon":"11832.174","lon_dir":"W","spd_over_grnd":"30.00","true_course":"276.969299","datestamp":"150708","mag_variation":"","mag_var_dir":""}
{"timestamp":"082215","status":"A","lat":"3319.124","lat_dir":"N","lon":"11832.189","lon_dir":"W","spd_over_grnd":"30.00","true_course":"275.955933","datestamp":"150708","mag_variation":"","mag_var_dir":""}
{"timestamp":"082217","status":"A","lat":"3319.126","lat_dir":"N","lon":"11832.205","lon_dir":"W","spd_over_grnd":"30.00","true_course":"275.948303","datestamp":"150708","mag_variation":"","mag_var_dir":""}
{"timestamp":"082218","status":"A","lat":"3319.127","lat_dir":"N","lon":"11832.221","lon_dir":"W","spd_over_grnd":"30.00","true_course":"276.989868","datestamp":"150708","mag_variation":"","mag_var_dir":""}
{"timestamp":"082220","status":"A","lat":"3319.129","lat_dir":"N","lon":"11832.236","lon_dir":"W","spd_over_grnd":"30.00","true_course":"277.822021","datestamp":"150708","mag_variation":"","mag_var_dir":""}
{"timestamp":"082221","status":"A","lat":"3319.130","lat_dir":"N","lon":"11832.251","lon_dir":"W","spd_over_grnd":"30.00","true_course":"277.438324","datestamp":"150708","mag_variation":"","mag_var_dir":""}
{"timestamp":"082223","status":"A","lat":"3319.132","lat_dir":"N","lon":"11832.266","lon_dir":"W","spd_over_grnd":"30.00","true_course":"276.310272","datestamp":"150708","mag_variation":"","mag_var_dir":""}
{"timestamp":"082224","status":"A","lat":"3319.133","lat_dir":"N","lon":"11832.281","lon_dir":"W","spd_over_grnd":"30.00","true_course":"275.963318","datestamp":"150708","mag_variation":"","mag_var_dir":""}
{"timestamp":"082226","status":"A","lat":"3319.135","lat_dir":"N","lon":"11832.297","lon_dir":"W","spd_over_grnd":"30.00","true_course":"276.836975","datestamp":"150708","mag_variation":"","mag_var_dir":""}
{"timestamp":"082227","status":"A","lat":"3319.137","lat_dir":"N","lon":"11832.312","lon_dir":"W","spd_over_grnd":"30.00","true_course":"277.771454","datestamp":"150708","mag_variation":"","mag_var_dir":""}
{"timestamp":"082229","status":"A","lat":"3319.138","lat_dir":"N","lon":"11832.328","lon_dir":"W","spd_over_grnd":"30.00","true_course":"277.627625","datestamp":"150708","mag_variation":"","mag_var_dir":""}
{"timestamp":"082231","status":"A","lat":"3319.140","lat_dir":"N","lon":"11832.343","lon_dir":"W","spd_over_grnd":"30.00","true_course":"276.557861","datestamp":"150708","mag_variation":"","mag_var_dir":""}
{"timestamp":"082232","status":"A","lat":"3319.141","lat_dir":"N","lon":"11832.358","lon_dir":"W","spd_over_grnd":"30.00","true_course":"276.034607","datestamp":"150708","mag_variation":"","mag_var_dir":""}
{"timestamp":"082234","status":"A","lat":"3319.143","lat_dir":"N","lon":"11832.374","lon_dir":"W","spd_over_grnd":"30.00","true_course":"276.821503","datestamp":"150708","mag_variation":"","mag_var_dir":""}
{"timestamp":"082235","status":"A","lat":"3319.144","lat_dir":"N","lon":"11832.389","lon_dir":"W","spd_over_grnd":"30.00","true_course":"277.836243","datestamp":"150708","mag_variation":"","mag_var_dir":""}
{"timestamp":"082237","status":"A","lat":"3319.146","lat_dir":"N","lon":"11832.405","lon_dir":"W","spd_over_grnd":"30.00","true_course":"277.802979","datestamp":"150708","mag_variation":"","mag_var_dir":""}
{"timestamp":"082238","status":"A","lat":"3319.148","lat_dir":"N","lon":"11832.420","lon_dir":"W","spd_over_grnd":"30.00","true_course":"276.792725","datestamp":"150708","mag_variation":"","mag_var_dir":""}
{"timestamp":"082240","status":"A","lat":"3319.149","lat_dir":"N","lon":"11832.435","lon_dir":"W","spd_over_grnd":"30.00","true_course":"276.169006","datestamp":"150708","mag_variation":"","mag_var_dir":""}
{"timestamp":"082241","status":"A","lat":"3319.151","lat_dir":"N","lon":"11832.450","lon_dir":"W","spd_over_grnd":"30.00","true_course":"276.689056","datestamp":"150708","mag_variation":"","mag_var_dir":""}
{"timestamp":"082243","status":"A","lat":"3319.152","lat_dir":"N","lon":"11832.466","lon_dir":"W","spd_over_grnd":"30.00","true_course":"277.942261","datestamp":"150708","mag_variation":"","mag_var_dir":""}
{"timestamp":"082245","status":"A","lat":"3319.154","lat_dir":"N","lon":"11832.481","lon_dir":"W","spd_over_grnd":"30.00","true_course":"278.098511","datestamp":"150708","mag_variation":"","mag_var_dir":""}
{"timestamp":"082246","status":"A","lat":"3319.156","lat_dir":"N","lon":"11832.497","lon_dir":"W","spd_over_grnd":"30.00","true_course":"277.140045","datestamp":"150708","mag_variation":"","mag_var_dir":""}
{"timestamp":"082248","status":"A","lat":"3319.157","lat_dir":"N","lon":"11832.512","lon_dir":"W","spd_over_grnd":"30.00","true_course":"276.422638","datestamp":"150708","mag_variation":"","mag_var_dir":""}
{"timestamp":"082249","status":"A","lat":"3319.159","lat_dir":"N","lon":"11832.528","lon_dir":"W","spd_over_grnd":"30.00","true_course":"276.913239","datestamp":"150708","mag_variation":"","mag_var_dir":""}
{"timestamp":"082251","status":"A","lat":"3319.161","lat_dir":"N","lon":"11832.544","lon_dir":"W","spd_over_grnd":"30.00","true_course":"278.122162","datestamp":"150708","mag_variation":"","mag_var_dir":""}
{"timestamp":"082253","status":"A","lat":"3319.163","lat_dir":"N","lon":"11832.559","lon_dir":"W","spd_over_grnd":"30.00","true_course":"278.455780","datestamp":"150708","mag_variation":"","mag_var_dir":""}
{"timestamp":"082254","status":"A","lat":"3319.165","lat_dir":"N","lon":"11832.575","lon_dir":"W","spd_over_grnd":"30.00","true_course":"277.512573","datestamp":"150708","mag_variation":"","mag_var_dir":""}
{"timestamp":"082256","status":"A","lat":"3319.166","lat_dir":"N","lon":"11832.589","lon_dir":"W","spd_over_grnd":"30.00","true_course":"276.538849","datestamp":"150708","mag_variation":"","mag_var_dir":""}
{"timestamp":"082257","status":"A","lat":"3319.167","lat_dir":"N","lon":"11832.606","lon_dir":"W","spd_over_grnd":"30.00","true_course":"276.966980","datestamp":"150708","mag_variation":"","mag_var_dir":""}
{"timestamp":"082259","status":"A","lat":"3319.169","lat_dir":"N","lon":"11832.622","lon_dir":"W","spd_over_grnd":"30.00","true_course":"278.100891","datestamp":"150708","mag_variation":"","mag_var_dir":""}
{"timestamp":"082301","status":"A","lat":"3319.171","lat_dir":"N","lon":"11832.638","lon_dir":"W","spd_over_grnd":"30.00","true_course":"278.277527","datestamp":"150708","mag_variation":"","mag_var_dir":""}
{"timestamp":"082302","status":"A","lat":"3319.173","lat_dir":"N","lon":"11832.653","lon_dir":"W","spd_over_grnd":"30.00","true_course":"277.302155","datestamp":"150708","mag_variation":"","mag_var_dir":""}
{"timestamp":"082304","status":"A","lat":"3319.175","lat_dir":"N","lon":"11832.669","lon_dir":"W","spd_over_grnd":"30.00","true_course":"276.444824","datestamp":"150708","mag_variation":"","mag_var_dir":""}
{"timestamp":"082305","status":"A","lat":"3319.176","lat_dir":"N","lon":"11832.684","lon_dir":"W","spd_over_grnd":"30.00","true_course":"276.942932","datestamp":"150708","mag_variation":"","mag_var_dir":""}
{"timestamp":"082307","status":"A","lat":"3319.178","lat_dir":"N","lon":"11832.700","lon_dir":"W","spd_over_grnd":"30.00","true_course":"278.073395","datestamp":"150708","mag_variation":"","mag_var_dir":""}
{"timestamp":"082309","status":"A","lat":"3319.180","lat_dir":"N","lon":"11832.716","lon_dir":"W","spd_over_grnd":"30.00","true_course":"278.259491","datestamp":"150708","mag_variation":"","mag_var_dir":""}
{"timestamp":"082310","status":"A","lat":"3319.181","lat_dir":"N","lon":"11832.731","lon_dir":"W","spd_over_grnd":"30.00","true_course":"277.231873","datestamp":"150708","mag_variation":"","mag_var_dir":""}
{"timestamp":"082312","status":"A","lat":"3319.183","lat_dir":"N","lon":"11832.747","lon_dir":"W","spd_over_grnd":"30.00","true_course":"276.488770","datestamp":"150708","mag_variation":"","mag_var_dir":""}
{"timestamp":"082313","status":"A","lat":"3319.185","lat_dir":"N","lon":"11832.763","lon_dir":"W","spd_over_grnd":"30.00","true_course":"277.024048","datestamp":"150708","mag_variation":"","mag_var_dir":""}
{"timestamp":"082315","status":"A","lat":"3319.186","lat_dir":"N","lon":"11832.778","lon_dir":"W","spd_over_grnd":"30.00","true_course":"278.150818","datestamp":"150708","mag_variation":"","mag_var_dir":""}
{"timestamp":"082317","status":"A","lat":"3319.188","lat_dir":"N","lon":"11832.794","lon_dir":"W","spd_over_grnd":"30.00","true_course":"278.334961","datestamp":"150708","mag_variation":"","mag_var_dir":""}
{"timestamp":"082318","status":"A","lat":"3319.190","lat_dir":"N","lon":"11832.810","lon_dir":"W","spd_over_grnd":"30.00","true_course":"277.333679","datestamp":"150708","mag_variation":"","mag_var_dir":""}
{"timestamp":"082320","status":"A","lat":"3319.192","lat_dir":"N","lon":"11832.825","lon_dir":"W","spd_over_grnd":"30.00","true_course":"276.599548","datestamp":"150708","mag_variation":"","mag_var_dir":""}
{"timestamp":"082321","status":"A","lat":"3319.193","lat_dir":"N","lon":"11832.840","lon_dir":"W","spd_over_grnd":"30.00","true_course":"277.076233","datestamp":"150708","mag_variation":"","mag_var_dir":""}
{"timestamp":"082323","status":"A","lat":"3319.195","lat_dir":"N","lon":"11832.856","lon_dir":"W","spd_over_grnd":"30.00","true_course":"278.228058","datestamp":"150708","mag_variation":"","mag_var_dir":""}
{"timestamp":"082324","status":"A","lat":"3319.197","lat_dir":"N","lon":"11832.871","lon_dir":"W","spd_over_grnd":"30.00","true_course":"278.491180","datestamp":"150708","mag_variation":"","mag_var_dir":""}
{"timestamp":"082326","status":"A","lat":"3319.199","lat_dir":"N","lon":"11832.887","lon_dir":"W","spd_over_grnd":"30.00","true_course":"277.634430","datestamp":"150708","mag_variation":"","mag_var_dir":""}
{"timestamp":"082328","status":"A","lat":"3319.200","lat_dir":"N","lon":"11832.902","lon_dir":"W","spd_over_grnd":"30.00","true_course":"276.824860","datestamp":"150708","mag_variation":"","mag_var_dir":""}
{"timestamp":"082329","status":"A","lat":"3319.202","lat_dir":"N","lon":"11832.917","lon_dir":"W","spd_over_grnd":"30.00","true_course":"277.128723","datestamp":"150708","mag_variation":"","mag_var_dir":""}
{"timestamp":"082331","status":"A","lat":"3319.204","lat_dir":"N","lon":"11832.932","lon_dir":"W","spd_over_grnd":"30.00","true_course":"278.166077","datestamp":"150708","mag_variation":"","mag_var_dir":""}
{"timestamp":"082332","status":"A","lat":"3319.205","lat_dir":"N","lon":"11832.948","lon_dir":"W","spd_over_grnd":"30.00","true_course":"278.555939","datestamp":"150708","mag_variation":"","mag_var_dir":""}
{"timestamp":"082334","status":"A","lat":"3319.207","lat_dir":"N","lon":"11832.963","lon_dir":"W","spd_over_grnd":"30.00","true_course":"277.792480","datestamp":"150708","mag_variation":"","mag_var_dir":""}
{"timestamp":"082335","status":"A","lat":"3319.209","lat_dir":"N","lon":"11832.979","lon_dir":"W","spd_over_grnd":"30.00","true_course":"276.993286","datestamp":"150708","mag_variation":"","mag_var_dir":""}
{"timestamp":"082337","status":"A","lat":"3319.211","lat_dir":"N","lon":"11832.994","lon_dir":"W","spd_over_grnd":"30.00","true_course":"277.179077","datestamp":"150708","mag_variation":"","mag_var_dir":""}
{"timestamp":"082339","status":"A","lat":"3319.212","lat_dir":"N","lon":"11833.009","lon_dir":"W","spd_over_grnd":"30.00","true_course":"278.321625","datestamp":"150708","mag_variation":"","mag_var_dir":""}
{"timestamp":"082340","status":"A","lat":"3319.214","lat_dir":"N","lon":"11833.025","lon_dir":"W","spd_over_grnd":"30.00","true_course":"278.855377","datestamp":"150708","mag_variation":"","mag_var_dir":""}
{"timestamp":"082342","status":"A","lat":"3319.216","lat_dir":"N","lon":"11833.040","lon_dir":"W","spd_over_grnd":"30.00","true_course":"278.105194","datestamp":"150708","mag_variation":"","mag_var_dir":""}
{"timestamp":"082343","status":"A","lat":"3319.218","lat_dir":"N","lon":"11833.056","lon_dir":"W","spd_over_grnd":"30.00","true_course":"277.043121","datestamp":"150708","mag_variation":"","mag_var_dir":""}
{"timestamp":"082345","status":"A","lat":"3319.220","lat_dir":"N","lon":"11833.072","lon_dir":"W","spd_over_grnd":"30.00","true_course":"277.105591","datestamp":"150708","mag_variation":"","mag_var_dir":""}
{"timestamp":"082346","status":"A","lat":"3319.221","lat_dir":"N","lon":"11833.087","lon_dir":"W","spd_over_grnd":"30.00","true_course":"278.107544","datestamp":"150708","mag_variation":"","mag_var_dir":""}
{"timestamp":"082348","status":"A","lat":"3319.223","lat_dir":"N","lon":"11833.102","lon_dir":"W","spd_over_grnd":"30.00","true_course":"278.702148","datestamp":"150708","mag_variation":"","mag_var_dir":""}
{"timestamp":"082350","status":"A","lat":"3319.225","lat_dir":"N","lon":"11833.118","lon_dir":"W","spd_over_grnd":"30.00","true_course":"278.151398","datestamp":"150708","mag_variation":"","mag_var_dir":""}
{"timestamp":"082351","status":"A","lat":"3319.227","lat_dir":"N","lon":"11833.133","lon_dir":"W","spd_over_grnd":"30.00","true_course":"277.156891","datestamp":"150708","mag_variation":"","mag_var_dir":""}
{"timestamp":"082353","status":"A","lat":"3319.229","lat_dir":"N","lon":"11833.148","lon_dir":"W","spd_over_grnd":"30.00","true_course":"277.156891","datestamp":"150708","mag_variation":"","mag_var_dir":""}
{"timestamp":"082354","status":"A","lat":"3319.230","lat_dir":"N","lon":"11833.164","lon_dir":"W","spd_over_grnd":"30.00","true_course":"278.210907","datestamp":"150708","mag_variation":"","mag_var_dir":""}
{"timestamp":"082356","status":"A","lat":"3319.232","lat_dir":"N","lon":"11833.179","lon_dir":"W","spd_over_grnd":"30.00","true_course":"278.897308","datestamp":"150708","mag_variation":"","mag_var_dir":""}
{"timestamp":"082357","status":"A","lat":"3319.234","lat_dir":"N","lon":"11833.195","lon_dir":"W","spd_over_grnd":"30.00","true_course":"278.274292","datestamp":"150708","mag_variation":"","mag_var_dir":""}
{"timestamp":"082359","status":"A","lat":"3319.236","lat_dir":"N","lon":"11833.210","lon_dir":"W","spd_over_grnd":"30.00","true_course":"277.234131","datestamp":"150708","mag_variation":"","mag_var_dir":""}
{"timestamp":"082401","status":"A","lat":"3319.238","lat_dir":"N","lon":"11833.226","lon_dir":"W","spd_over_grnd":"30.00","true_course":"277.184052","datestamp":"150708","mag_variation":"","mag_var_dir":""}
{"timestamp":"082402","status":"A","lat":"3319.239","lat_dir":"N","lon":"11833.241","lon_dir":"W","spd_over_grnd":"30.00","true_course":"278.161194","datestamp":"150708","mag_variation":"","mag_var_dir":""}
{"timestamp":"082404","status":"A","lat":"3319.241","lat_dir":"N","lon":"11833.257","lon_dir":"W","spd_over_grnd":"30.00","true_course":"278.972229","datestamp":"150708","mag_variation":"","mag_var_dir":""}
{"timestamp":"082405","status":"A","lat":"3319.243","lat_dir":"N","lon":"11833.272","lon_dir":"W","spd_over_grnd":"30.00","true_course":"278.412048","datestamp":"150708","mag_variation":"","mag_var_dir":""}
{"timestamp":"082407","status":"A","lat":"3319.245","lat_dir":"N","lon":"11833.289","lon_dir":"W","spd_over_grnd":"30.00","true_course":"277.275665","datestamp":"150708","mag_variation":"","mag_var_dir":""}
{"timestamp":"082409","status":"A","lat":"3319.247","lat_dir":"N","lon":"11833.304","lon_dir":"W","spd_over_grnd":"30.00","true_course":"277.197266","datestamp":"150708","mag_variation":"","mag_var_dir":""}
{"timestamp":"082410","status":"A","lat":"3319.249","lat_dir":"N","lon":"11833.320","lon_dir":"W","spd_over_grnd":"30.00","true_course":"278.219543","datestamp":"150708","mag_variation":"","mag_var_dir":""}
{"timestamp":"082412","status":"A","lat":"3319.251","lat_dir":"N","lon":"11833.335","lon_dir":"W","spd_over_grnd":"30.00","true_course":"278.968231","datestamp":"150708","mag_variation":"","mag_var_dir":""}
{"timestamp":"082413","status":"A","lat":"3319.253","lat_dir":"N","lon":"11833.351","lon_dir":"W","spd_over_grnd":"30.00","true_course":"278.474060","datestamp":"150708","mag_variation":"","mag_var_dir":""}
{"timestamp":"082415","status":"A","lat":"3319.254","lat_dir":"N","lon":"11833.366","lon_dir":"W","spd_over_grnd":"30.00","true_course":"277.563568","datestamp":"150708","mag_variation":"","mag_var_dir":""}
{"timestamp":"082417","status":"A","lat":"3319.256","lat_dir":"N","lon":"11833.382","lon_dir":"W","spd_over_grnd":"30.00","true_course":"277.458130","datestamp":"150708","mag_variation":"","mag_var_dir":""}
{"timestamp":"082418","status":"A","lat":"3319.258","lat_dir":"N","lon":"11833.398","lon_dir":"W","spd_over_grnd":"30.00","true_course":"278.350952","datestamp":"150708","mag_variation":"","mag_var_dir":""}
{"timestamp":"082420","status":"A","lat":"3319.260","lat_dir":"N","lon":"11833.413","lon_dir":"W","spd_over_grnd":"30.00","true_course":"279.073761","datestamp":"150708","mag_variation":"","mag_var_dir":""}
{"timestamp":"082421","status":"A","lat":"3319.262","lat_dir":"N","lon":"11833.428","lon_dir":"W","spd_over_grnd":"30.00","true_course":"278.518066","datestamp":"150708","mag_variation":"","mag_var_dir":""}
{"timestamp":"082423","status":"A","lat":"3319.264","lat_dir":"N","lon":"11833.444","lon_dir":"W","spd_over_grnd":"30.00","true_course":"277.443054","datestamp":"150708","mag_variation":"","mag_var_dir":""}
{"timestamp":"082425","status":"A","lat":"3319.265","lat_dir":"N","lon":"11833.459","lon_dir":"W","spd_over_grnd":"30.00","true_course":"277.243622","datestamp":"150708","mag_variation":"","mag_var_dir":""}
{"timestamp":"082426","status":"A","lat":"3319.267","lat_dir":"N","lon":"11833.475","lon_dir":"W","spd_over_grnd":"30.00","true_course":"278.319092","datestamp":"150708","mag_variation":"","mag_var_dir":""}
{"timestamp":"082428","status":"A","lat":"3319.269","lat_dir":"N","lon":"11833.490","lon_dir":"W","spd_over_grnd":"30.00","true_course":"279.111481","datestamp":"150708","mag_variation":"","mag_var_dir":""}
{"timestamp":"082429","status":"A","lat":"3319.271","lat_dir":"N","lon":"11833.506","lon_dir":"W","spd_over_grnd":"30.00","true_course":"278.609222","datestamp":"150708","mag_variation":"","mag_var_dir":""}
{"timestamp":"082431","status":"A","lat":"3319.273","lat_dir":"N","lon":"11833.522","lon_dir":"W","spd_over_grnd":"30.00","true_course":"277.493835","datestamp":"150708","mag_variation":"","mag_var_dir":""}
{"timestamp":"082433","status":"A","lat":"3319.275","lat_dir":"N","lon":"11833.537","lon_dir":"W","spd_over_grnd":"30.00","true_course":"277.229004","datestamp":"150708","mag_variation":"","mag_var_dir":""}
{"timestamp":"082434","status":"A","lat":"3319.276","lat_dir":"N","lon":"11833.553","lon_dir":"W","spd_over_grnd":"30.00","true_course":"278.105103","datestamp":"150708","mag_variation":"","mag_var_dir":""}
{"timestamp":"082436","status":"A","lat":"3319.278","lat_dir":"N","lon":"11833.568","lon_dir":"W","spd_over_grnd":"30.00","true_course":"278.929230","datestamp":"150708","mag_variation":"","mag_var_dir":""}
{"timestamp":"082437","status":"A","lat":"3319.281","lat_dir":"N","lon":"11833.584","lon_dir":"W","spd_over_grnd":"30.00","true_course":"278.545837","datestamp":"150708","mag_variation":"","mag_var_dir":""}
{"timestamp":"082439","status":"A","lat":"3319.282","lat_dir":"N","lon":"11833.599","lon_dir":"W","spd_over_grnd":"30.00","true_course":"277.524994","datestamp":"150708","mag_variation":"","mag_var_dir":""}
{"timestamp":"082441","status":"A","lat":"3319.284","lat_dir":"N","lon":"11833.615","lon_dir":"W","spd_over_grnd":"30.00","true_course":"277.310242","datestamp":"150708","mag_variation":"","mag_var_dir":""}
{"timestamp":"082442","status":"A","lat":"3319.286","lat_dir":"N","lon":"11833.631","lon_dir":"W","spd_over_grnd":"30.00","true_course":"278.351074","datestamp":"150708","mag_variation":"","mag_var_dir":""}
{"timestamp":"082444","status":"A","lat":"3319.288","lat_dir":"N","lon":"11833.646","lon_dir":"W","spd_over_grnd":"30.00","true_course":"279.130127","datestamp":"150708","mag_variation":"","mag_var_dir":""}
{"timestamp":"082445","status":"A","lat":"3319.290","lat_dir":"N","lon":"11833.662","lon_dir":"W","spd_over_grnd":"30.00","true_course":"278.692810","datestamp":"150708","mag_variation":"","mag_var_dir":""}
{"timestamp":"082447","status":"A","lat":"3319.292","lat_dir":"N","lon":"11833.677","lon_dir":"W","spd_over_grnd":"30.00","true_course":"277.574341","datestamp":"150708","mag_variation":"","mag_var_dir":""}
{"timestamp":"082449","status":"A","lat":"3319.293","lat_dir":"N","lon":"11833.693","lon_dir":"W","spd_over_grnd":"30.00","true_course":"277.324463","datestamp":"150708","mag_variation":"","mag_var_dir":""}
{"timestamp":"082450","status":"A","lat":"3319.295","lat_dir":"N","lon":"11833.708","lon_dir":"W","spd_over_grnd":"30.00","true_course":"278.390259","datestamp":"150708","mag_variation":"","mag_var_dir":""}
{"timestamp":"082452","status":"A","lat":"3319.297","lat_dir":"N","lon":"11833.724","lon_dir":"W","spd_over_grnd":"30.00","true_course":"279.195557","datestamp":"150708","mag_variation":"","mag_var_dir":""}
{"timestamp":"082453","status":"A","lat":"3319.299","lat_dir":"N","lon":"11833.739","lon_dir":"W","spd_over_grnd":"30.00","true_course":"278.767273","datestamp":"150708","mag_variation":"","mag_var_dir":""}
{"timestamp":"082455","status":"A","lat":"3319.301","lat_dir":"N","lon":"11833.755","lon_dir":"W","spd_over_grnd":"30.00","true_course":"277.714172","datestamp":"150708","mag_variation":"","mag_var_dir":""}
{"timestamp":"082456","status":"A","lat":"3319.303","lat_dir":"N","lon":"11833.770","lon_dir":"W","spd_over_grnd":"30.00","true_course":"277.463562","datestamp":"150708","mag_variation":"","mag_var_dir":""}
{"timestamp":"082458","status":"A","lat":"3319.305","lat_dir":"N","lon":"11833.785","lon_dir":"W","spd_over_grnd":"30.00","true_course":"278.314758","datestamp":"150708","mag_variation":"","mag_var_dir":""}
{"timestamp":"082500","status":"A","lat":"3319.307","lat_dir":"N","lon":"11833.800","lon_dir":"W","spd_over_grnd":"30.00","true_course":"279.401550","datestamp":"150708","mag_variation":"","mag_var_dir":""}
{"timestamp":"082501","status":"A","lat":"3319.309","lat_dir":"N","lon":"11833.816","lon_dir":"W","spd_over_grnd":"30.00","true_course":"279.123108","datestamp":"150708","mag_variation":"","mag_var_dir":""}
{"timestamp":"082503","status":"A","lat":"3319.311","lat_dir":"N","lon":"11833.831","lon_dir":"W","spd_over_grnd":"30.00","true_course":"277.973328","datestamp":"150708","mag_variation":"","mag_var_dir":""}
{"timestamp":"082504","status":"A","lat":"3319.312","lat_dir":"N","lon":"11833.846","lon_dir":"W","spd_over_grnd":"30.00","true_course":"277.475739","datestamp":"150708","mag_variation":"","mag_var_dir":""}
{"timestamp":"082506","status":"A","lat":"3319.314","lat_dir":"N","lon":"11833.862","lon_dir":"W","spd_over_grnd":"30.00","true_course":"278.190613","datestamp":"150708","mag_variation":"","mag_var_dir":""}
{"timestamp":"082507","status":"A","lat":"3319.316","lat_dir":"N","lon":"11833.877","lon_dir":"W","spd_over_grnd":"30.00","true_course":"279.268433","datestamp":"150708","mag_variation":"","mag_var_dir":""}
{"timestamp":"082509","status":"A","lat":"3319.318","lat_dir":"N","lon":"11833.892","lon_dir":"W","spd_over_grnd":"30.00","true_course":"279.211090","datestamp":"150708","mag_variation":"","mag_var_dir":""}
{"timestamp":"082510","status":"A","lat":"3319.320","lat_dir":"N","lon":"11833.907","lon_dir":"W","spd_over_grnd":"30.00","true_course":"278.149567","datestamp":"150708","mag_variation":"","mag_var_dir":""}
{"timestamp":"082512","status":"A","lat":"3319.322","lat_dir":"N","lon":"11833.923","lon_dir":"W","spd_over_grnd":"30.00","true_course":"277.576141","datestamp":"150708","mag_variation":"","mag_var_dir":""}
{"timestamp":"082514","status":"A","lat":"3319.324","lat_dir":"N","lon":"11833.939","lon_dir":"W","spd_over_grnd":"30.00","true_course":"278.181122","datestamp":"150708","mag_variation":"","mag_var_dir":""}
{"timestamp":"082515","status":"A","lat":"3319.326","lat_dir":"N","lon":"11833.954","lon_dir":"W","spd_over_grnd":"30.00","true_course":"279.194031","datestamp":"150708","mag_variation":"","mag_var_dir":""}
{"timestamp":"082517","status":"A","lat":"3319.328","lat_dir":"N","lon":"11833.969","lon_dir":"W","spd_over_grnd":"30.00","true_course":"279.309692","datestamp":"150708","mag_variation":"","mag_var_dir":""}
{"timestamp":"082518","status":"A","lat":"3319.330","lat_dir":"N","lon":"11833.984","lon_dir":"W","spd_over_grnd":"30.00","true_course":"278.224487","datestamp":"150708","mag_variation":"","mag_var_dir":""}
{"timestamp":"082520","status":"A","lat":"3319.332","lat_dir":"N","lon":"11833.999","lon_dir":"W","spd_over_grnd":"30.00","true_course":"277.557678","datestamp":"150708","mag_variation":"","mag_var_dir":""}
{"timestamp":"082521","status":"A","lat":"3319.333","lat_dir":"N","lon":"11834.015","lon_dir":"W","spd_over_grnd":"30.00","true_course":"278.082458","datestamp":"150708","mag_variation":"","mag_var_dir":""}
{"timestamp":"082523","status":"A","lat":"3319.335","lat_dir":"N","lon":"11834.030","lon_dir":"W","spd_over_grnd":"30.00","true_course":"279.142944","datestamp":"150708","mag_variation":"","mag_var_dir":""}
{"timestamp":"082524","status":"A","lat":"3319.337","lat_dir":"N","lon":"11834.045","lon_dir":"W","spd_over_grnd":"30.00","true_course":"279.476379","datestamp":"150708","mag_variation":"","mag_var_dir":""}
{"timestamp":"082526","status":"A","lat":"3319.339","lat_dir":"N","lon":"11834.060","lon_dir":"W","spd_over_grnd":"30.00","true_course":"278.681793","datestamp":"150708","mag_variation":"","mag_var_dir":""}
{"timestamp":"082527","status":"A","lat":"3319.341","lat_dir":"N","lon":"11834.075","lon_dir":"W","spd_over_grnd":"30.00","true_course":"277.811798","datestamp":"150708","mag_variation":"","mag_var_dir":""}
{"timestamp":"082529","status":"A","lat":"3319.343","lat_dir":"N","lon":"11834.090","lon_dir":"W","spd_over_grnd":"30.00","true_course":"278.052704","datestamp":"150708","mag_variation":"","mag_var_dir":""}
{"timestamp":"082531","status":"A","lat":"3319.345","lat_dir":"N","lon":"11834.106","lon_dir":"W","spd_over_grnd":"30.00","true_course":"279.206543","datestamp":"150708","mag_variation":"","mag_var_dir":""}
{"timestamp":"082532","status":"A","lat":"3319.347","lat_dir":"N","lon":"11834.121","lon_dir":"W","spd_over_grnd":"30.00","true_course":"279.708710","datestamp":"150708","mag_variation":"","mag_var_dir":""}
{"timestamp":"082534","status":"A","lat":"3319.349","lat_dir":"N","lon":"11834.136","lon_dir":"W","spd_over_grnd":"30.00","true_course":"278.964813","datestamp":"150708","mag_variation":"","mag_var_dir":""}
{"timestamp":"082535","status":"A","lat":"3319.351","lat_dir":"N","lon":"11834.151","lon_dir":"W","spd_over_grnd":"30.00","true_course":"277.915619","datestamp":"150708","mag_variation":"","mag_var_dir":""}
{"timestamp":"082537","status":"A","lat":"3319.353","lat_dir":"N","lon":"11834.167","lon_dir":"W","spd_over_grnd":"30.00","true_course":"277.958069","datestamp":"150708","mag_variation":"","mag_var_dir":""}
{"timestamp":"082538","status":"A","lat":"3319.355","lat_dir":"N","lon":"11834.182","lon_dir":"W","spd_over_grnd":"30.00","true_course":"278.942657","datestamp":"150708","mag_variation":"","mag_var_dir":""}
{"timestamp":"082540","status":"A","lat":"3319.357","lat_dir":"N","lon":"11834.197","lon_dir":"W","spd_over_grnd":"30.00","true_course":"279.554657","datestamp":"150708","mag_variation":"","mag_var_dir":""}
{"timestamp":"082542","status":"A","lat":"3319.359","lat_dir":"N","lon":"11834.212","lon_dir":"W","spd_over_grnd":"30.00","true_course":"278.959961","datestamp":"150708","mag_variation":"","mag_var_dir":""}
{"timestamp":"082543","status":"A","lat":"3319.361","lat_dir":"N","lon":"11834.228","lon_dir":"W","spd_over_grnd":"30.00","true_course":"277.898346","datestamp":"150708","mag_variation":"","mag_var_dir":""}
{"timestamp":"082545","status":"A","lat":"3319.362","lat_dir":"N","lon":"11834.243","lon_dir":"W","spd_over_grnd":"30.00","true_course":"277.808411","datestamp":"150708","mag_variation":"","mag_var_dir":""}
{"timestamp":"082546","status":"A","lat":"3319.364","lat_dir":"N","lon":"11834.258","lon_dir":"W","spd_over_grnd":"30.00","true_course":"278.655334","datestamp":"150708","mag_variation":"","mag_var_dir":""}
{"timestamp":"082548","status":"A","lat":"3319.366","lat_dir":"N","lon":"11834.274","lon_dir":"W","spd_over_grnd":"30.00","true_course":"279.450439","datestamp":"150708","mag_variation":"","mag_var_dir":""}
{"timestamp":"082549","status":"A","lat":"3319.368","lat_dir":"N","lon":"11834.289","lon_dir":"W","spd_over_grnd":"30.00","true_course":"279.012817","datestamp":"150708","mag_variation":"","mag_var_dir":""}
{"timestamp":"082551","status":"A","lat":"3319.370","lat_dir":"N","lon":"11834.304","lon_dir":"W","spd_over_grnd":"30.00","true_course":"277.813751","datestamp":"150708","mag_variation":"","mag_var_dir":""}
{"timestamp":"082552","status":"A","lat":"3319.372","lat_dir":"N","lon":"11834.319","lon_dir":"W","spd_over_grnd":"30.00","true_course":"277.531799","datestamp":"150708","mag_variation":"","mag_var_dir":""}
{"timestamp":"082554","status":"A","lat":"3319.374","lat_dir":"N","lon":"11834.335","lon_dir":"W","spd_over_grnd":"30.00","true_course":"278.405579","datestamp":"150708","mag_variation":"","mag_var_dir":""}
{"timestamp":"082556","status":"A","lat":"3319.376","lat_dir":"N","lon":"11834.350","lon_dir":"W","spd_over_grnd":"30.00","true_course":"279.285583","datestamp":"150708","mag_variation":"","mag_var_dir":""}
{"timestamp":"082557","status":"A","lat":"3319.378","lat_dir":"N","lon":"11834.365","lon_dir":"W","spd_over_grnd":"30.00","true_course":"278.988586","datestamp":"150708","mag_variation":"","mag_var_dir":""}
{"timestamp":"082559","status":"A","lat":"3319.380","lat_dir":"N","lon":"11834.380","lon_dir":"W","spd_over_grnd":"30.00","true_course":"277.801758","datestamp":"150708","mag_variation":"","mag_var_dir":""}
{"timestamp":"082600","status":"A","lat":"3319.381","lat_dir":"N","lon":"11834.396","lon_dir":"W","spd_over_grnd":"30.00","true_course":"277.400482","datestamp":"150708","mag_variation":"","mag_var_dir":""}
{"timestamp":"082602","status":"A","lat":"3319.383","lat_dir":"N","lon":"11834.411","lon_dir":"W","spd_over_grnd":"30.00","true_course":"278.291290","datestamp":"150708","mag_variation":"","mag_var_dir":""}
{"timestamp":"082603","status":"A","lat":"3319.385","lat_dir":"N","lon":"11834.427","lon_dir":"W","spd_over_grnd":"30.00","true_course":"279.205322","datestamp":"150708","mag_variation":"","mag_var_dir":""}
{"timestamp":"082605","status":"A","lat":"3319.387","lat_dir":"N","lon":"11834.442","lon_dir":"W","spd_over_grnd":"30.00","true_course":"279.001587","datestamp":"150708","mag_variation":"","mag_var_dir":""}
{"timestamp":"082607","status":"A","lat":"3319.389","lat_dir":"N","lon":"11834.458","lon_dir":"W","spd_over_grnd":"30.00","true_course":"278.058533","datestamp":"150708","mag_variation":"","mag_var_dir":""}
{"timestamp":"082608","status":"A","lat":"3319.391","lat_dir":"N","lon":"11834.473","lon_dir":"W","spd_over_grnd":"30.00","true_course":"277.555756","datestamp":"150708","mag_variation":"","mag_var_dir":""}
{"timestamp":"082610","status":"A","lat":"3319.393","lat_dir":"N","lon":"11834.489","lon_dir":"W","spd_over_grnd":"30.00","true_course":"278.278870","datestamp":"150708","mag_variation":"","mag_var_dir":""}
{"timestamp":"082611","status":"A","lat":"3319.395","lat_dir":"N","lon":"11834.504","lon_dir":"W","spd_over_grnd":"30.00","true_course":"279.140228","datestamp":"150708","mag_variation":"","mag_var_dir":""}
{"timestamp":"082613","status":"A","lat":"3319.397","lat_dir":"N","lon":"11834.520","lon_dir":"W","spd_over_grnd":"30.00","true_course":"279.103210","datestamp":"150708","mag_variation":"","mag_var_dir":""}
{"timestamp":"082614","status":"A","lat":"3319.399","lat_dir":"N","lon":"11834.535","lon_dir":"W","spd_over_grnd":"30.00","true_course":"278.172180","datestamp":"150708","mag_variation":"","mag_var_dir":""}
{"timestamp":"082616","status":"A","lat":"3319.401","lat_dir":"N","lon":"11834.550","lon_dir":"W","spd_over_grnd":"30.00","true_course":"277.651489","datestamp":"150708","mag_variation":"","mag_var_dir":""}
{"timestamp":"082618","status":"A","lat":"3319.402","lat_dir":"N","lon":"11834.565","lon_dir":"W","spd_over_grnd":"30.00","true_course":"278.223572","datestamp":"150708","mag_variation":"","mag_var_dir":""}
{"timestamp":"082619","status":"A","lat":"3319.404","lat_dir":"N","lon":"11834.581","lon_dir":"W","spd_over_grnd":"30.00","true_course":"279.324280","datestamp":"150708","mag_variation":"","mag_var_dir":""}
{"timestamp":"082621","status":"A","lat":"3319.407","lat_dir":"N","lon":"11834.596","lon_dir":"W","spd_over_grnd":"30.00","true_course":"279.363373","datestamp":"150708","mag_variation":"","mag_var_dir":""}
{"timestamp":"082622","status":"A","lat":"3319.409","lat_dir":"N","lon":"11834.612","lon_dir":"W","spd_over_grnd":"30.00","true_course":"278.317932","datestamp":"150708","mag_variation":"","mag_var_dir":""}
{"timestamp":"082624","status":"A","lat":"3319.410","lat_dir":"N","lon":"11834.627","lon_dir":"W","spd_over_grnd":"30.00","true_course":"277.631165","datestamp":"150708","mag_variation":"","mag_var_dir":""}
{"timestamp":"082625","status":"A","lat":"3319.412","lat_dir":"N","lon":"11834.642","lon_dir":"W","spd_over_grnd":"30.00","true_course":"278.303345","datestamp":"150708","mag_variation":"","mag_var_dir":""}
{"timestamp":"082627","status":"A","lat":"3319.414","lat_dir":"N","lon":"11834.658","lon_dir":"W","spd_over_grnd":"30.00","true_course":"279.466187","datestamp":"150708","mag_variation":"","mag_var_dir":""}
{"timestamp":"082629","status":"A","lat":"3319.416","lat_dir":"N","lon":"11834.673","lon_dir":"W","spd_over_grnd":"30.00","true_course":"279.579651","datestamp":"150708","mag_variation":"","mag_var_dir":""}
