{"timestamp":"090633","status":"A","lat":"5003.181","lat_dir":"N","lon":"00958.032","lon_dir":"W","spd_over_grnd":"9.05","true_course":"39.699436","datestamp":"010115","mag_variation":"","mag_var_dir":""}
{"timestamp":"090634","status":"A","lat":"5003.185","lat_dir":"N","lon":"00958.028","lon_dir":"W","spd_over_grnd":"9.03","true_course":"40.715691","datestamp":"010115","mag_variation":"","mag_var_dir":""}
{"timestamp":"090636","status":"A","lat":"5003.188","lat_dir":"N","lon":"00958.024","lon_dir":"W","spd_over_grnd":"9.01","true_course":"41.386784","datestamp":"010115","mag_variation":"","mag_var_dir":""}
{"timestamp":"090637","status":"A","lat":"5003.191","lat_dir":"N","lon":"00958.020","lon_dir":"W","spd_over_grnd":"9.00","true_course":"40.950092","datestamp":"010115","mag_variation":"","mag_var_dir":""}
{"timestamp":"090639","status":"A","lat":"5003.194","lat_dir":"N","lon":"00958.016","lon_dir":"W","spd_over_grnd":"8.98","true_course":"39.787361","datestamp":"010115","mag_variation":"","mag_var_dir":""}
{"timestamp":"090640","status":"A","lat":"5003.197","lat_dir":"N","lon":"00958.012","lon_dir":"W","spd_over_grnd":"8.97","true_course":"39.445244","datestamp":"010115","mag_variation":"","mag_var_dir":""}
{"timestamp":"090642","status":"A","lat":"5003.200","lat_dir":"N","lon":"00958.008","lon_dir":"W","spd_over_grnd":"8.96","true_course":"40.423782","datestamp":"010115","mag_variation":"","mag_var_dir":""}
{"timestamp":"090644","status":"A","lat":"5003.203","lat_dir":"N","lon":"00958.004","lon_dir":"W","spd_over_grnd":"8.95","true_course":"41.328300","datestamp":"010115","mag_variation":"","mag_var_dir":""}
{"timestamp":"090645","status":"A","lat":"5003.205","lat_dir":"N","lon":"00958.000","lon_dir":"W","spd_over_grnd":"8.94","true_course":"41.103287","datestamp":"010115","mag_variation":"","mag_var_dir":""}
{"timestamp":"090647","status":"A","lat":"5003.208","lat_dir":"N","lon":"00957.996","lon_dir":"W","spd_over_grnd":"8.93","true_course":"39.989452","datestamp":"010115","mag_variation":"","mag_var_dir":""}
{"timestamp":"090648","status":"A","lat":"5003.211","lat_dir":"N","lon":"00957.992","lon_dir":"W","spd_over_grnd":"8.92","true_course":"39.458176","datestamp":"010115","mag_variation":"","mag_var_dir":""}
{"timestamp":"090650","status":"A","lat":"5003.214","lat_dir":"N","lon":"00957.989","lon_dir":"W","spd_over_grnd":"8.91","true_course":"40.184456","datestamp":"010115","mag_variation":"","mag_var_dir":""}
{"timestamp":"090651","status":"A","lat":"5003.217","lat_dir":"N","lon":"00957.985","lon_dir":"W","spd_over_grnd":"8.91","true_course":"41.162884","datestamp":"010115","mag_variation":"","mag_var_dir":""}
{"timestamp":"090653","status":"A","lat":"5003.220","lat_dir":"N","lon":"00957.981","lon_dir":"W","spd_over_grnd":"8.90","true_course":"41.126816","datestamp":"010115","mag_variation":"","mag_var_dir":""}
{"timestamp":"090654","status":"A","lat":"5003.223","lat_dir":"N","lon":"00957.977","lon_dir":"W","spd_over_grnd":"8.89","true_course":"40.058224","datestamp":"010115","mag_variation":"","mag_var_dir":""}
{"timestamp":"090656","status":"A","lat":"5003.226","lat_dir":"N","lon":"00957.973","lon_dir":"W","spd_over_grnd":"8.89","true_course":"39.354313","datestamp":"010115","mag_variation":"","mag_var_dir":""}
{"timestamp":"090657","status":"A","lat":"5003.229","lat_dir":"N","lon":"00957.969","lon_dir":"W","spd_over_grnd":"8.88","true_course":"39.900406","datestamp":"010115","mag_variation":"","mag_var_dir":""}
{"timestamp":"090659","status":"A","lat":"5003.232","lat_dir":"N","lon":"00957.965","lon_dir":"W","spd_over_grnd":"8.88","true_course":"41.077225","datestamp":"010115","mag_variation":"","mag_var_dir":""}
{"timestamp":"090701","status":"A","lat":"5003.235","lat_dir":"N","lon":"00957.961","lon_dir":"W","spd_over_grnd":"8.87","true_course":"41.241863","datestamp":"010115","mag_variation":"","mag_var_dir":""}
{"timestamp":"090702","status":"A","lat":"5003.238","lat_dir":"N","lon":"00957.957","lon_dir":"W","spd_over_grnd":"8.87","true_course":"40.217678","datestamp":"010115","mag_variation":"","mag_var_dir":""}
{"timestamp":"090704","status":"A","lat":"5003.241","lat_dir":"N","lon":"00957.953","lon_dir":"W","spd_over_grnd":"8.87","true_course":"39.426617","datestamp":"010115","mag_variation":"","mag_var_dir":""}
{"timestamp":"090705","status":"A","lat":"5003.244","lat_dir":"N","lon":"00957.949","lon_dir":"W","spd_over_grnd":"8.86","true_course":"39.830467","datestamp":"010115","mag_variation":"","mag_var_dir":""}
{"timestamp":"090707","status":"A","lat":"5003.247","lat_dir":"N","lon":"00957.945","lon_dir":"W","spd_over_grnd":"8.86","true_course":"40.919933","datestamp":"010115","mag_variation":"","mag_var_dir":""}
{"timestamp":"090708","status":"A","lat":"5003.250","lat_dir":"N","lon":"00957.941","lon_dir":"W","spd_over_grnd":"8.86","true_course":"41.130302","datestamp":"010115","mag_variation":"","mag_var_dir":""}
{"timestamp":"090710","status":"A","lat":"5003.253","lat_dir":"N","lon":"00957.938","lon_dir":"W","spd_over_grnd":"8.86","true_course":"40.217812","datestamp":"010115","mag_variation":"","mag_var_dir":""}
{"timestamp":"090712","status":"A","lat":"5003.256","lat_dir":"N","lon":"00957.934","lon_dir":"W","spd_over_grnd":"8.85","true_course":"39.290672","datestamp":"010115","mag_variation":"","mag_var_dir":""}
{"timestamp":"090713","status":"A","lat":"5003.259","lat_dir":"N","lon":"00957.930","lon_dir":"W","spd_over_grnd":"8.85","true_course":"39.564117","datestamp":"010115","mag_variation":"","mag_var_dir":""}
{"timestamp":"090715","status":"A","lat":"5003.262","lat_dir":"N","lon":"00957.926","lon_dir":"W","spd_over_grnd":"8.85","true_course":"40.634567","datestamp":"010115","mag_variation":"","mag_var_dir":""}
{"timestamp":"090716","status":"A","lat":"5003.264","lat_dir":"N","lon":"00957.922","lon_dir":"W","spd_over_grnd":"8.85","true_course":"41.090981","datestamp":"010115","mag_variation":"","mag_var_dir":""}
{"timestamp":"090718","status":"A","lat":"5003.267","lat_dir":"N","lon":"00957.918","lon_dir":"W","spd_over_grnd":"8.85","true_course":"40.345425","datestamp":"010115","mag_variation":"","mag_var_dir":""}
{"timestamp":"090719","status":"A","lat":"5003.270","lat_dir":"N","lon":"00957.914","lon_dir":"W","spd_over_grnd":"8.84","true_course":"39.342751","datestamp":"010115","mag_variation":"","mag_var_dir":""}
{"timestamp":"090721","status":"A","lat":"5003.273","lat_dir":"N","lon":"00957.911","lon_dir":"W","spd_over_grnd":"8.84","true_course":"39.434620","datestamp":"010115","mag_variation":"","mag_var_dir":""}
{"timestamp":"090722","status":"A","lat":"5003.276","lat_dir":"N","lon":"00957.907","lon_dir":"W","spd_over_grnd":"8.84","true_course":"40.612251","datestamp":"010115","mag_variation":"","mag_var_dir":""}
{"timestamp":"090724","status":"A","lat":"5003.279","lat_dir":"N","lon":"00957.903","lon_dir":"W","spd_over_grnd":"8.84","true_course":"41.284229","datestamp":"010115","mag_variation":"","mag_var_dir":""}
{"timestamp":"090725","status":"A","lat":"5003.282","lat_dir":"N","lon":"00957.899","lon_dir":"W","spd_over_grnd":"8.84","true_course":"40.643673","datestamp":"010115","mag_variation":"","mag_var_dir":""}
{"timestamp":"090727","status":"A","lat":"5003.285","lat_dir":"N","lon":"00957.895","lon_dir":"W","spd_over_grnd":"8.84","true_course":"39.729855","datestamp":"010115","mag_variation":"","mag_var_dir":""}
{"timestamp":"090729","status":"A","lat":"5003.288","lat_dir":"N","lon":"00957.891","lon_dir":"W","spd_over_grnd":"8.84","true_course":"39.524773","datestamp":"010115","mag_variation":"","mag_var_dir":""}
{"timestamp":"090730","status":"A","lat":"5003.291","lat_dir":"N","lon":"00957.888","lon_dir":"W","spd_over_grnd":"8.84","true_course":"40.454746","datestamp":"010115","mag_variation":"","mag_var_dir":""}
{"timestamp":"090732","status":"A","lat":"5003.294","lat_dir":"N","lon":"00957.884","lon_dir":"W","spd_over_grnd":"8.84","true_course":"41.311356","datestamp":"010115","mag_variation":"","mag_var_dir":""}
{"timestamp":"090733","status":"A","lat":"5003.296","lat_dir":"N","lon":"00957.880","lon_dir":"W","spd_over_grnd":"8.84","true_course":"41.016869","datestamp":"010115","mag_variation":"","mag_var_dir":""}
{"timestamp":"090735","status":"A","lat":"5003.299","lat_dir":"N","lon":"00957.876","lon_dir":"W","spd_over_grnd":"8.83","true_course":"39.931160","datestamp":"010115","mag_variation":"","mag_var_dir":""}
{"timestamp":"090736","status":"A","lat":"5003.302","lat_dir":"N","lon":"00957.872","lon_dir":"W","spd_over_grnd":"8.83","true_course":"39.429996","datestamp":"010115","mag_variation":"","mag_var_dir":""}
{"timestamp":"090738","status":"A","lat":"5003.305","lat_dir":"N","lon":"00957.869","lon_dir":"W","spd_over_grnd":"8.83","true_course":"40.102272","datestamp":"010115","mag_variation":"","mag_var_dir":""}
{"timestamp":"090739","status":"A","lat":"5003.308","lat_dir":"N","lon":"00957.865","lon_dir":"W","spd_over_grnd":"8.83","true_course":"41.289791","datestamp":"010115","mag_variation":"","mag_var_dir":""}
{"timestamp":"090741","status":"A","lat":"5003.311","lat_dir":"N","lon":"00957.861","lon_dir":"W","spd_over_grnd":"8.83","true_course":"41.302013","datestamp":"010115","mag_variation":"","mag_var_dir":""}
{"timestamp":"090742","status":"A","lat":"5003.314","lat_dir":"N","lon":"00957.857","lon_dir":"W","spd_over_grnd":"8.83","true_course":"40.249260","datestamp":"010115","mag_variation":"","mag_var_dir":""}
{"timestamp":"090744","status":"A","lat":"5003.316","lat_dir":"N","lon":"00957.853","lon_dir":"W","spd_over_grnd":"8.83","true_course":"39.564957","datestamp":"010115","mag_variation":"","mag_var_dir":""}
{"timestamp":"090745","status":"A","lat":"5003.319","lat_dir":"N","lon":"00957.849","lon_dir":"W","spd_over_grnd":"8.83","true_course":"40.033646","datestamp":"010115","mag_variation":"","mag_var_dir":""}
{"timestamp":"090747","status":"A","lat":"5003.322","lat_dir":"N","lon":"00957.846","lon_dir":"W","spd_over_grnd":"8.83","true_course":"41.079086","datestamp":"010115","mag_variation":"","mag_var_dir":""}
{"timestamp":"090748","status":"A","lat":"5003.325","lat_dir":"N","lon":"00957.842","lon_dir":"W","spd_over_grnd":"8.83","true_course":"41.337223","datestamp":"010115","mag_variation":"","mag_var_dir":""}
{"timestamp":"090750","status":"A","lat":"5003.328","lat_dir":"N","lon":"00957.838","lon_dir":"W","spd_over_grnd":"8.83","true_course":"40.407173","datestamp":"010115","mag_variation":"","mag_var_dir":""}
{"timestamp":"090751","status":"A","lat":"5003.331","lat_dir":"N","lon":"00957.834","lon_dir":"W","spd_over_grnd":"8.83","true_course":"39.441654","datestamp":"010115","mag_variation":"","mag_var_dir":""}
{"timestamp":"090753","status":"A","lat":"5003.334","lat_dir":"N","lon":"00957.830","lon_dir":"W","spd_over_grnd":"8.83","true_course":"39.640190","datestamp":"010115","mag_variation":"","mag_var_dir":""}
{"timestamp":"090755","status":"A","lat":"5003.337","lat_dir":"N","lon":"00957.827","lon_dir":"W","spd_over_grnd":"8.83","true_course":"40.746063","datestamp":"010115","mag_variation":"","mag_var_dir":""}
{"timestamp":"090756","status":"A","lat":"5003.340","lat_dir":"N","lon":"00957.823","lon_dir":"W","spd_over_grnd":"8.83","true_course":"41.264370","datestamp":"010115","mag_variation":"","mag_var_dir":""}
{"timestamp":"090758","status":"A","lat":"5003.342","lat_dir":"N","lon":"00957.819","lon_dir":"W","spd_over_grnd":"8.83","true_course":"40.632969","datestamp":"010115","mag_variation":"","mag_var_dir":""}
{"timestamp":"090759","status":"A","lat":"5003.345","lat_dir":"N","lon":"00957.815","lon_dir":"W","spd_over_grnd":"8.83","true_course":"39.701218","datestamp":"010115","mag_variation":"","mag_var_dir":""}
{"timestamp":"090801","status":"A","lat":"5003.348","lat_dir":"N","lon":"00957.811","lon_dir":"W","spd_over_grnd":"8.83","true_course":"39.621548","datestamp":"010115","mag_variation":"","mag_var_dir":""}
{"timestamp":"090802","status":"A","lat":"5003.351","lat_dir":"N","lon":"00957.808","lon_dir":"W","spd_over_grnd":"8.83","true_course":"40.597973","datestamp":"010115","mag_variation":"","mag_var_dir":""}
{"timestamp":"090804","status":"A","lat":"5003.354","lat_dir":"N","lon":"00957.804","lon_dir":"W","spd_over_grnd":"8.83","true_course":"41.350132","datestamp":"010115","mag_variation":"","mag_var_dir":""}
{"timestamp":"090805","status":"A","lat":"5003.357","lat_dir":"N","lon":"00957.800","lon_dir":"W","spd_over_grnd":"8.83","true_course":"40.989826","datestamp":"010115","mag_variation":"","mag_var_dir":""}
{"timestamp":"090807","status":"A","lat":"5003.360","lat_dir":"N","lon":"00957.796","lon_dir":"W","spd_over_grnd":"8.83","true_course":"39.869549","datestamp":"010115","mag_variation":"","mag_var_dir":""}
{"timestamp":"090808","status":"A","lat":"5003.363","lat_dir":"N","lon":"00957.792","lon_dir":"W","spd_over_grnd":"8.83","true_course":"39.488033","datestamp":"010115","mag_variation":"","mag_var_dir":""}
{"timestamp":"090810","status":"A","lat":"5003.366","lat_dir":"N","lon":"00957.788","lon_dir":"W","spd_over_grnd":"8.83","true_course":"40.325771","datestamp":"010115","mag_variation":"","mag_var_dir":""}
{"timestamp":"090811","status":"A","lat":"5003.368","lat_dir":"N","lon":"00957.784","lon_dir":"W","spd_over_grnd":"8.83","true_course":"41.311474","datestamp":"010115","mag_variation":"","mag_var_dir":""}
{"timestamp":"090813","status":"A","lat":"5003.371","lat_dir":"N","lon":"00957.780","lon_dir":"W","spd_over_grnd":"8.83","true_course":"41.146439","datestamp":"010115","mag_variation":"","mag_var_dir":""}
{"timestamp":"090814","status":"A","lat":"5003.374","lat_dir":"N","lon":"00957.777","lon_dir":"W","spd_over_grnd":"8.83","true_course":"40.113956","datestamp":"010115","mag_variation":"","mag_var_dir":""}
{"timestamp":"090816","status":"A","lat":"5003.377","lat_dir":"N","lon":"00957.773","lon_dir":"W","spd_over_grnd":"8.83","true_course":"39.524723","datestamp":"010115","mag_variation":"","mag_var_dir":""}
{"timestamp":"090818","status":"A","lat":"5003.380","lat_dir":"N","lon":"00957.769","lon_dir":"W","spd_over_grnd":"8.83","true_course":"40.105877","datestamp":"010115","mag_variation":"","mag_var_dir":""}
{"timestamp":"090819","status":"A","lat":"5003.383","lat_dir":"N","lon":"00957.765","lon_dir":"W","spd_over_grnd":"8.83","true_course":"41.135365","datestamp":"010115","mag_variation":"","mag_var_dir":""}
{"timestamp":"090821","status":"A","lat":"5003.386","lat_dir":"N","lon":"00957.761","lon_dir":"W","spd_over_grnd":"8.83","true_course":"41.274090","datestamp":"010115","mag_variation":"","mag_var_dir":""}
{"timestamp":"090822","status":"A","lat":"5003.389","lat_dir":"N","lon":"00957.757","lon_dir":"W","spd_over_grnd":"8.83","true_course":"40.434299","datestamp":"010115","mag_variation":"","mag_var_dir":""}
{"timestamp":"090824","status":"A","lat":"5003.392","lat_dir":"N","lon":"00957.754","lon_dir":"W","spd_over_grnd":"8.83","true_course":"39.597694","datestamp":"010115","mag_variation":"","mag_var_dir":""}
{"timestamp":"090825","status":"A","lat":"5003.395","lat_dir":"N","lon":"00957.750","lon_dir":"W","spd_over_grnd":"8.83","true_course":"40.082939","datestamp":"010115","mag_variation":"","mag_var_dir":""}
{"timestamp":"090827","status":"A","lat":"5003.398","lat_dir":"N","lon":"00957.746","lon_dir":"W","spd_over_grnd":"8.83","true_course":"41.173908","datestamp":"010115","mag_variation":"","mag_var_dir":""}
{"timestamp":"090828","status":"A","lat":"5003.400","lat_dir":"N","lon":"00957.742","lon_dir":"W","spd_over_grnd":"8.83","true_course":"41.547066","datestamp":"010115","mag_variation":"","mag_var_dir":""}
{"timestamp":"090830","status":"A","lat":"5003.403","lat_dir":"N","lon":"00957.738","lon_dir":"W","spd_over_grnd":"8.83","true_course":"40.602909","datestamp":"010115","mag_variation":"","mag_var_dir":""}
{"timestamp":"090831","status":"A","lat":"5003.406","lat_dir":"N","lon":"00957.734","lon_dir":"W","spd_over_grnd":"8.83","true_course":"39.647163","datestamp":"010115","mag_variation":"","mag_var_dir":""}
{"timestamp":"090833","status":"A","lat":"5003.409","lat_dir":"N","lon":"00957.731","lon_dir":"W","spd_over_grnd":"8.83","true_course":"39.860901","datestamp":"010115","mag_variation":"","mag_var_dir":""}
{"timestamp":"090835","status":"A","lat":"5003.412","lat_dir":"N","lon":"00957.727","lon_dir":"W","spd_over_grnd":"8.83","true_course":"40.939625","datestamp":"010115","mag_variation":"","mag_var_dir":""}
{"timestamp":"090836","status":"A","lat":"5003.415","lat_dir":"N","lon":"00957.723","lon_dir":"W","spd_over_grnd":"8.83","true_course":"41.522106","datestamp":"010115","mag_variation":"","mag_var_dir":""}
{"timestamp":"090838","status":"A","lat":"5003.418","lat_dir":"N","lon":"00957.719","lon_dir":"W","spd_over_grnd":"8.83","true_course":"40.850952","datestamp":"010115","mag_variation":"","mag_var_dir":""}
{"timestamp":"090839","status":"A","lat":"5003.421","lat_dir":"N","lon":"00957.715","lon_dir":"W","spd_over_grnd":"8.83","true_course":"39.752220","datestamp":"010115","mag_variation":"","mag_var_dir":""}
{"timestamp":"090841","status":"A","lat":"5003.424","lat_dir":"N","lon":"00957.711","lon_dir":"W","spd_over_grnd":"8.83","true_course":"39.717983","datestamp":"010115","mag_variation":"","mag_var_dir":""}
{"timestamp":"090842","status":"A","lat":"5003.427","lat_dir":"N","lon":"00957.707","lon_dir":"W","spd_over_grnd":"8.83","true_course":"40.748127","datestamp":"010115","mag_variation":"","mag_var_dir":""}
{"timestamp":"090844","status":"A","lat":"5003.430","lat_dir":"N","lon":"00957.703","lon_dir":"W","spd_over_grnd":"8.83","true_course":"41.418365","datestamp":"010115","mag_variation":"","mag_var_dir":""}
{"timestamp":"090845","status":"A","lat":"5003.432","lat_dir":"N","lon":"00957.699","lon_dir":"W","spd_over_grnd":"8.83","true_course":"40.895355","datestamp":"010115","mag_variation":"","mag_var_dir":""}
{"timestamp":"090847","status":"A","lat":"5003.435","lat_dir":"N","lon":"00957.696","lon_dir":"W","spd_over_grnd":"8.83","true_course":"39.799534","datestamp":"010115","mag_variation":"","mag_var_dir":""}
{"timestamp":"090848","status":"A","lat":"5003.438","lat_dir":"N","lon":"00957.692","lon_dir":"W","spd_over_grnd":"8.83","true_course":"39.567757","datestamp":"010115","mag_variation":"","mag_var_dir":""}
{"timestamp":"090850","status":"A","lat":"5003.441","lat_dir":"N","lon":"00957.688","lon_dir":"W","spd_over_grnd":"8.83","true_course":"40.460411","datestamp":"010115","mag_variation":"","mag_var_dir":""}
{"timestamp":"090852","status":"A","lat":"5003.444","lat_dir":"N","lon":"00957.684","lon_dir":"W","spd_over_grnd":"8.83","true_course":"41.334194","datestamp":"010115","mag_variation":"","mag_var_dir":""}
{"timestamp":"090853","status":"A","lat":"5003.447","lat_dir":"N","lon":"00957.680","lon_dir":"W","spd_over_grnd":"8.83","true_course":"41.024811","datestamp":"010115","mag_variation":"","mag_var_dir":""}
{"timestamp":"090855","status":"A","lat":"5003.450","lat_dir":"N","lon":"00957.676","lon_dir":"W","spd_over_grnd":"8.83","true_course":"40.026829","datestamp":"010115","mag_variation":"","mag_var_dir":""}
{"timestamp":"090856","status":"A","lat":"5003.453","lat_dir":"N","lon":"00957.673","lon_dir":"W","spd_over_grnd":"8.83","true_course":"39.488358","datestamp":"010115","mag_variation":"","mag_var_dir":""}
{"timestamp":"090858","status":"A","lat":"5003.456","lat_dir":"N","lon":"00957.669","lon_dir":"W","spd_over_grnd":"8.83","true_course":"40.092670","datestamp":"010115","mag_variation":"","mag_var_dir":""}
{"timestamp":"090859","status":"A","lat":"5003.458","lat_dir":"N","lon":"00957.665","lon_dir":"W","spd_over_grnd":"8.83","true_course":"41.065823","datestamp":"010115","mag_variation":"","mag_var_dir":""}
{"timestamp":"090901","status":"A","lat":"5003.461","lat_dir":"N","lon":"00957.661","lon_dir":"W","spd_over_grnd":"8.83","true_course":"41.188606","datestamp":"010115","mag_variation":"","mag_var_dir":""}
{"timestamp":"090902","status":"A","lat":"5003.464","lat_dir":"N","lon":"00957.657","lon_dir":"W","spd_over_grnd":"8.83","true_course":"40.246735","datestamp":"010115","mag_variation":"","mag_var_dir":""}
{"timestamp":"090904","status":"A","lat":"5003.467","lat_dir":"N","lon":"00957.653","lon_dir":"W","spd_over_grnd":"8.83","true_course":"39.447735","datestamp":"010115","mag_variation":"","mag_var_dir":""}
{"timestamp":"090905","status":"A","lat":"5003.470","lat_dir":"N","lon":"00957.650","lon_dir":"W","spd_over_grnd":"8.83","true_course":"39.866512","datestamp":"010115","mag_variation":"","mag_var_dir":""}
{"timestamp":"090907","status":"A","lat":"5003.473","lat_dir":"N","lon":"00957.646","lon_dir":"W","spd_over_grnd":"8.83","true_course":"40.944016","datestamp":"010115","mag_variation":"","mag_var_dir":""}
{"timestamp":"090908","status":"A","lat":"5003.476","lat_dir":"N","lon":"00957.642","lon_dir":"W","spd_over_grnd":"8.83","true_course":"41.347736","datestamp":"010115","mag_variation":"","mag_var_dir":""}
{"timestamp":"090910","status":"A","lat":"5003.479","lat_dir":"N","lon":"00957.638","lon_dir":"W","spd_over_grnd":"8.83","true_course":"40.451103","datestamp":"010115","mag_variation":"","mag_var_dir":""}
{"timestamp":"090911","status":"A","lat":"5003.481","lat_dir":"N","lon":"00957.634","lon_dir":"W","spd_over_grnd":"8.83","true_course":"39.612801","datestamp":"010115","mag_variation":"","mag_var_dir":""}
{"timestamp":"090913","status":"A","lat":"5003.484","lat_dir":"N","lon":"00957.631","lon_dir":"W","spd_over_grnd":"8.83","true_course":"39.691185","datestamp":"010115","mag_variation":"","mag_var_dir":""}
{"timestamp":"090914","status":"A","lat":"5003.487","lat_dir":"N","lon":"00957.627","lon_dir":"W","spd_over_grnd":"8.83","true_course":"40.757229","datestamp":"010115","mag_variation":"","mag_var_dir":""}
{"timestamp":"090916","status":"A","lat":"5003.490","lat_dir":"N","lon":"00957.623","lon_dir":"W","spd_over_grnd":"8.83","true_course":"41.402164","datestamp":"010115","mag_variation":"","mag_var_dir":""}
{"timestamp":"090917","status":"A","lat":"5003.493","lat_dir":"N","lon":"00957.619","lon_dir":"W","spd_over_grnd":"8.83","true_course":"40.952702","datestamp":"010115","mag_variation":"","mag_var_dir":""}
{"timestamp":"090919","status":"A","lat":"5003.496","lat_dir":"N","lon":"00957.615","lon_dir":"W","spd_over_grnd":"8.83","true_course":"39.864578","datestamp":"010115","mag_variation":"","mag_var_dir":""}
{"timestamp":"090920","status":"A","lat":"5003.498","lat_dir":"N","lon":"00957.612","lon_dir":"W","spd_over_grnd":"8.83","true_course":"39.565983","datestamp":"010115","mag_variation":"","mag_var_dir":""}
{"timestamp":"090922","status":"A","lat":"5003.501","lat_dir":"N","lon":"00957.608","lon_dir":"W","spd_over_grnd":"8.83","true_course":"40.526363","datestamp":"010115","mag_variation":"","mag_var_dir":""}
{"timestamp":"090924","status":"A","lat":"5003.504","lat_dir":"N","lon":"00957.604","lon_dir":"W","spd_over_grnd":"8.83","true_course":"41.449043","datestamp":"010115","mag_variation":"","mag_var_dir":""}
{"timestamp":"090925","status":"A","lat":"5003.507","lat_dir":"N","lon":"00957.600","lon_dir":"W","spd_over_grnd":"8.83","true_course":"41.191761","datestamp":"010115","mag_variation":"","mag_var_dir":""}
{"timestamp":"090927","status":"A","lat":"5003.510","lat_dir":"N","lon":"00957.596","lon_dir":"W","spd_over_grnd":"8.83","true_course":"40.040085","datestamp":"010115","mag_variation":"","mag_var_dir":""}
{"timestamp":"090928","status":"A","lat":"5003.513","lat_dir":"N","lon":"00957.592","lon_dir":"W","spd_over_grnd":"8.83","true_course":"39.566875","datestamp":"010115","mag_variation":"","mag_var_dir":""}
{"timestamp":"090930","status":"A","lat":"5003.516","lat_dir":"N","lon":"00957.589","lon_dir":"W","spd_over_grnd":"8.83","true_course":"40.265942","datestamp":"010115","mag_variation":"","mag_var_dir":""}
{"timestamp":"090931","status":"A","lat":"5003.519","lat_dir":"N","lon":"00957.585","lon_dir":"W","spd_over_grnd":"8.83","true_course":"41.371323","datestamp":"010115","mag_variation":"","mag_var_dir":""}
{"timestamp":"090933","status":"A","lat":"5003.522","lat_dir":"N","lon":"00957.581","lon_dir":"W","spd_over_grnd":"8.83","true_course":"41.367134","datestamp":"010115","mag_variation":"","mag_var_dir":""}
{"timestamp":"090934","status":"A","lat":"5003.525","lat_dir":"N","lon":"00957.577","lon_dir":"W","spd_over_grnd":"8.83","true_course":"40.311226","datestamp":"010115","mag_variation":"","mag_var_dir":""}
{"timestamp":"090936","status":"A","lat":"5003.528","lat_dir":"N","lon":"00957.573","lon_dir":"W","spd_over_grnd":"8.83","true_course":"39.506660","datestamp":"010115","mag_variation":"","mag_var_dir":""}
{"timestamp":"090937","status":"A","lat":"5003.531","lat_dir":"N","lon":"00957.569","lon_dir":"W","spd_over_grnd":"8.83","true_course":"40.036781","datestamp":"010115","mag_variation":"","mag_var_dir":""}
{"timestamp":"090939","status":"A","lat":"5003.533","lat_dir":"N","lon":"00957.565","lon_dir":"W","spd_over_grnd":"8.83","true_course":"40.928078","datestamp":"010115","mag_variation":"","mag_var_dir":""}
{"timestamp":"090940","status":"A","lat":"5003.536","lat_dir":"N","lon":"00957.562","lon_dir":"W","spd_over_grnd":"8.83","true_course":"41.189178","datestamp":"010115","mag_variation":"","mag_var_dir":""}
{"timestamp":"090942","status":"A","lat":"5003.539","lat_dir":"N","lon":"00957.558","lon_dir":"W","spd_over_grnd":"8.83","true_course":"40.310314","datestamp":"010115","mag_variation":"","mag_var_dir":""}
{"timestamp":"090943","status":"A","lat":"5003.542","lat_dir":"N","lon":"00957.554","lon_dir":"W","spd_over_grnd":"8.83","true_course":"39.400864","datestamp":"010115","mag_variation":"","mag_var_dir":""}
{"timestamp":"090945","status":"A","lat":"5003.545","lat_dir":"N","lon":"00957.550","lon_dir":"W","spd_over_grnd":"8.83","true_course":"39.588039","datestamp":"010115","mag_variation":"","mag_var_dir":""}
{"timestamp":"090947","status":"A","lat":"5003.548","lat_dir":"N","lon":"00957.546","lon_dir":"W","spd_over_grnd":"8.83","true_course":"40.586349","datestamp":"010115","mag_variation":"","mag_var_dir":""}
{"timestamp":"090948","status":"A","lat":"5003.551","lat_dir":"N","lon":"00957.543","lon_dir":"W","spd_over_grnd":"8.83","true_course":"41.127819","datestamp":"010115","mag_variation":"","mag_var_dir":""}
{"timestamp":"090950","status":"A","lat":"5003.553","lat_dir":"N","lon":"00957.539","lon_dir":"W","spd_over_grnd":"8.83","true_course":"40.386215","datestamp":"010115","mag_variation":"","mag_var_dir":""}
{"timestamp":"090951","status":"A","lat":"5003.556","lat_dir":"N","lon":"00957.535","lon_dir":"W","spd_over_grnd":"8.83","true_course":"39.345036","datestamp":"010115","mag_variation":"","mag_var_dir":""}
{"timestamp":"090953","status":"A","lat":"5003.559","lat_dir":"N","lon":"00957.531","lon_dir":"W","spd_over_grnd":"8.83","true_course":"39.269058","datestamp":"010115","mag_variation":"","mag_var_dir":""}
{"timestamp":"090954","status":"A","lat":"5003.562","lat_dir":"N","lon":"00957.528","lon_dir":"W","spd_over_grnd":"8.83","true_course":"40.116013","datestamp":"010115","mag_variation":"","mag_var_dir":""}
{"timestamp":"090956","status":"A","lat":"5003.565","lat_dir":"N","lon":"00957.524","lon_dir":"W","spd_over_grnd":"8.83","true_course":"40.978020","datestamp":"010115","mag_variation":"","mag_var_dir":""}
{"timestamp":"090957","status":"A","lat":"5003.568","lat_dir":"N","lon":"00957.520","lon_dir":"W","spd_over_grnd":"8.83","true_course":"40.672241","datestamp":"010115","mag_variation":"","mag_var_dir":""}
{"timestamp":"090959","status":"A","lat":"5003.571","lat_dir":"N","lon":"00957.516","lon_dir":"W","spd_over_grnd":"8.83","true_course":"39.549271","datestamp":"010115","mag_variation":"","mag_var_dir":""}
{"timestamp":"091000","status":"A","lat":"5003.574","lat_dir":"N","lon":"00957.513","lon_dir":"W","spd_over_grnd":"8.83","true_course":"39.128056","datestamp":"010115","mag_variation":"","mag_var_dir":""}
{"timestamp":"091002","status":"A","lat":"5003.577","lat_dir":"N","lon":"00957.509","lon_dir":"W","spd_over_grnd":"8.83","true_course":"39.966461","datestamp":"010115","mag_variation":"","mag_var_dir":""}
{"timestamp":"091003","status":"A","lat":"5003.579","lat_dir":"N","lon":"00957.505","lon_dir":"W","spd_over_grnd":"8.83","true_course":"41.104443","datestamp":"010115","mag_variation":"","mag_var_dir":""}
{"timestamp":"091005","status":"A","lat":"5003.582","lat_dir":"N","lon":"00957.501","lon_dir":"W","spd_over_grnd":"8.83","true_course":"41.051773","datestamp":"010115","mag_variation":"","mag_var_dir":""}
{"timestamp":"091006","status":"A","lat":"5003.585","lat_dir":"N","lon":"00957.497","lon_dir":"W","spd_over_grnd":"8.83","true_course":"40.010712","datestamp":"010115","mag_variation":"","mag_var_dir":""}
{"timestamp":"091008","status":"A","lat":"5003.588","lat_dir":"N","lon":"00957.494","lon_dir":"W","spd_over_grnd":"8.83","true_course":"39.347862","datestamp":"010115","mag_variation":"","mag_var_dir":""}
{"timestamp":"091009","status":"A","lat":"5003.591","lat_dir":"N","lon":"00957.490","lon_dir":"W","spd_over_grnd":"8.83","true_course":"39.883789","datestamp":"010115","mag_variation":"","mag_var_dir":""}
{"timestamp":"091011","status":"A","lat":"5003.594","lat_dir":"N","lon":"00957.486","lon_dir":"W","spd_over_grnd":"8.83","true_course":"41.070042","datestamp":"010115","mag_variation":"","mag_var_dir":""}
{"timestamp":"091013","status":"A","lat":"5003.597","lat_dir":"N","lon":"00957.482","lon_dir":"W","spd_over_grnd":"8.83","true_course":"41.279663","datestamp":"010115","mag_variation":"","mag_var_dir":""}
{"timestamp":"091014","status":"A","lat":"5003.600","lat_dir":"N","lon":"00957.478","lon_dir":"W","spd_over_grnd":"8.83","true_course":"40.442951","datestamp":"010115","mag_variation":"","mag_var_dir":""}
{"timestamp":"091016","status":"A","lat":"5003.602","lat_dir":"N","lon":"00957.474","lon_dir":"W","spd_over_grnd":"8.83","true_course":"39.654846","datestamp":"010115","mag_variation":"","mag_var_dir":""}
{"timestamp":"091017","status":"A","lat":"5003.605","lat_dir":"N","lon":"00957.471","lon_dir":"W","spd_over_grnd":"8.83","true_course":"39.937256","datestamp":"010115","mag_variation":"","mag_var_dir":""}
{"timestamp":"091019","status":"A","lat":"5003.608","lat_dir":"N","lon":"00957.467","lon_dir":"W","spd_over_grnd":"8.83","true_course":"41.007530","datestamp":"010115","mag_variation":"","mag_var_dir":""}
{"timestamp":"091020","status":"A","lat":"5003.611","lat_dir":"N","lon":"00957.463","lon_dir":"W","spd_over_grnd":"8.83","true_course":"41.538376","datestamp":"010115","mag_variation":"","mag_var_dir":""}
{"timestamp":"091022","status":"A","lat":"5003.614","lat_dir":"N","lon":"00957.459","lon_dir":"W","spd_over_grnd":"8.83","true_course":"40.791676","datestamp":"010115","mag_variation":"","mag_var_dir":""}
{"timestamp":"091023","status":"A","lat":"5003.617","lat_dir":"N","lon":"00957.455","lon_dir":"W","spd_over_grnd":"8.83","true_course":"39.806374","datestamp":"010115","mag_variation":"","mag_var_dir":""}
{"timestamp":"091025","status":"A","lat":"5003.620","lat_dir":"N","lon":"00957.451","lon_dir":"W","spd_over_grnd":"8.83","true_course":"39.787102","datestamp":"010115","mag_variation":"","mag_var_dir":""}
{"timestamp":"091026","status":"A","lat":"5003.623","lat_dir":"N","lon":"00957.448","lon_dir":"W","spd_over_grnd":"8.83","true_course":"40.863750","datestamp":"010115","mag_variation":"","mag_var_dir":""}
{"timestamp":"091028","status":"A","lat":"5003.625","lat_dir":"N","lon":"00957.444","lon_dir":"W","spd_over_grnd":"8.83","true_course":"41.527218","datestamp":"010115","mag_variation":"","mag_var_dir":""}
{"timestamp":"091029","status":"A","lat":"5003.628","lat_dir":"N","lon":"00957.440","lon_dir":"W","spd_over_grnd":"8.83","true_course":"40.980701","datestamp":"010115","mag_variation":"","mag_var_dir":""}
{"timestamp":"091031","status":"A","lat":"5003.631","lat_dir":"N","lon":"00957.436","lon_dir":"W","spd_over_grnd":"8.83","true_course":"39.791206","datestamp":"010115","mag_variation":"","mag_var_dir":""}
{"timestamp":"091032","status":"A","lat":"5003.634","lat_dir":"N","lon":"00957.432","lon_dir":"W","spd_over_grnd":"8.83","true_course":"39.484306","datestamp":"010115","mag_variation":"","mag_var_dir":""}
{"timestamp":"091034","status":"A","lat":"5003.637","lat_dir":"N","lon":"00957.428","lon_dir":"W","spd_over_grnd":"8.83","true_course":"40.400654","datestamp":"010115","mag_variation":"","mag_var_dir":""}
{"timestamp":"091035","status":"A","lat":"5003.640","lat_dir":"N","lon":"00957.425","lon_dir":"W","spd_over_grnd":"8.83","true_course":"41.198750","datestamp":"010115","mag_variation":"","mag_var_dir":""}
{"timestamp":"091037","status":"A","lat":"5003.643","lat_dir":"N","lon":"00957.421","lon_dir":"W","spd_over_grnd":"8.83","true_course":"40.938469","datestamp":"010115","mag_variation":"","mag_var_dir":""}
{"timestamp":"091039","status":"A","lat":"5003.646","lat_dir":"N","lon":"00957.417","lon_dir":"W","spd_over_grnd":"8.83","true_course":"39.821651","datestamp":"010115","mag_variation":"","mag_var_dir":""}
{"timestamp":"091040","status":"A","lat":"5003.649","lat_dir":"N","lon":"00957.413","lon_dir":"W","spd_over_grnd":"8.83","true_course":"39.250378","datestamp":"010115","mag_variation":"","mag_var_dir":""}
{"timestamp":"091042","status":"A","lat":"5003.652","lat_dir":"N","lon":"00957.409","lon_dir":"W","spd_over_grnd":"8.83","true_course":"39.977535","datestamp":"010115","mag_variation":"","mag_var_dir":""}
{"timestamp":"091043","status":"A","lat":"5003.655","lat_dir":"N","lon":"00957.405","lon_dir":"W","spd_over_grnd":"8.83","true_course":"41.057930","datestamp":"010115","mag_variation":"","mag_var_dir":""}
{"timestamp":"091045","status":"A","lat":"5003.658","lat_dir":"N","lon":"00957.401","lon_dir":"W","spd_over_grnd":"8.83","true_course":"41.155628","datestamp":"010115","mag_variation":"","mag_var_dir":""}
{"timestamp":"091046","status":"A","lat":"5003.660","lat_dir":"N","lon":"00957.397","lon_dir":"W","spd_over_grnd":"8.83","true_course":"40.139942","datestamp":"010115","mag_variation":"","mag_var_dir":""}
