{"timestamp":"093933","status":"A","lat":"3323.269","lat_dir":"N","lon":"11838.417","lon_dir":"W","spd_over_grnd":"0.25","true_course":"58.450466","datestamp":"150708","mag_variation":"","mag_var_dir":""}
{"timestamp":"093934","status":"A","lat":"3323.269","lat_dir":"N","lon":"11838.417","lon_dir":"W","spd_over_grnd":"0.25","true_course":"57.624802","datestamp":"150708","mag_variation":"","mag_var_dir":""}
{"timestamp":"093936","status":"A","lat":"3323.269","lat_dir":"N","lon":"11838.417","lon_dir":"W","spd_over_grnd":"0.24","true_course":"56.986645","datestamp":"150708","mag_variation":"","mag_var_dir":""}
{"timestamp":"093937","status":"A","lat":"3323.269","lat_dir":"N","lon":"11838.417","lon_dir":"W","spd_over_grnd":"0.23","true_course":"57.528801","datestamp":"150708","mag_variation":"","mag_var_dir":""}
{"timestamp":"093939","status":"A","lat":"3323.269","lat_dir":"N","lon":"11838.417","lon_dir":"W","spd_over_grnd":"0.22","true_course":"58.784565","datestamp":"150708","mag_variation":"","mag_var_dir":""}
{"timestamp":"093940","status":"A","lat":"3323.270","lat_dir":"N","lon":"11838.417","lon_dir":"W","spd_over_grnd":"0.22","true_course":"59.141552","datestamp":"150708","mag_variation":"","mag_var_dir":""}
{"timestamp":"093942","status":"A","lat":"3323.270","lat_dir":"N","lon":"11838.416","lon_dir":"W","spd_over_grnd":"0.21","true_course":"58.358822","datestamp":"150708","mag_variation":"","mag_var_dir":""}
{"timestamp":"093944","status":"A","lat":"3323.270","lat_dir":"N","lon":"11838.416","lon_dir":"W","spd_over_grnd":"0.20","true_course":"57.479065","datestamp":"150708","mag_variation":"","mag_var_dir":""}
{"timestamp":"093945","status":"A","lat":"3323.270","lat_dir":"N","lon":"11838.416","lon_dir":"W","spd_over_grnd":"0.20","true_course":"57.795055","datestamp":"150708","mag_variation":"","mag_var_dir":""}
{"timestamp":"093947","status":"A","lat":"3323.270","lat_dir":"N","lon":"11838.416","lon_dir":"W","spd_over_grnd":"0.19","true_course":"58.932434","datestamp":"150708","mag_variation":"","mag_var_dir":""}
{"timestamp":"093948","status":"A","lat":"3323.270","lat_dir":"N","lon":"11838.416","lon_dir":"W","spd_over_grnd":"0.18","true_course":"59.345913","datestamp":"150708","mag_variation":"","mag_var_dir":""}
{"timestamp":"093950","status":"A","lat":"3323.270","lat_dir":"N","lon":"11838.416","lon_dir":"W","spd_over_grnd":"0.18","true_course":"58.592201","datestamp":"150708","mag_variation":"","mag_var_dir":""}
{"timestamp":"093951","status":"A","lat":"3323.270","lat_dir":"N","lon":"11838.416","lon_dir":"W","spd_over_grnd":"0.17","true_course":"57.654148","datestamp":"150708","mag_variation":"","mag_var_dir":""}
{"timestamp":"093953","status":"A","lat":"3323.270","lat_dir":"N","lon":"11838.416","lon_dir":"W","spd_over_grnd":"0.17","true_course":"57.931450","datestamp":"150708","mag_variation":"","mag_var_dir":""}
{"timestamp":"093955","status":"A","lat":"3323.270","lat_dir":"N","lon":"11838.416","lon_dir":"W","spd_over_grnd":"0.16","true_course":"58.999218","datestamp":"150708","mag_variation":"","mag_var_dir":""}
{"timestamp":"093956","status":"A","lat":"3323.270","lat_dir":"N","lon":"11838.416","lon_dir":"W","spd_over_grnd":"0.16","true_course":"59.520554","datestamp":"150708","mag_variation":"","mag_var_dir":""}
{"timestamp":"093958","status":"A","lat":"3323.270","lat_dir":"N","lon":"11838.416","lon_dir":"W","spd_over_grnd":"0.15","true_course":"58.831081","datestamp":"150708","mag_variation":"","mag_var_dir":""}
{"timestamp":"093959","status":"A","lat":"3323.270","lat_dir":"N","lon":"11838.416","lon_dir":"W","spd_over_grnd":"0.15","true_course":"57.848270","datestamp":"150708","mag_variation":"","mag_var_dir":""}
{"timestamp":"094001","status":"A","lat":"3323.270","lat_dir":"N","lon":"11838.416","lon_dir":"W","spd_over_grnd":"0.14","true_course":"58.039967","datestamp":"150708","mag_variation":"","mag_var_dir":""}
{"timestamp":"094003","status":"A","lat":"3323.270","lat_dir":"N","lon":"11838.416","lon_dir":"W","spd_over_grnd":"0.14","true_course":"59.030479","datestamp":"150708","mag_variation":"","mag_var_dir":""}
{"timestamp":"094004","status":"A","lat":"3323.270","lat_dir":"N","lon":"11838.416","lon_dir":"W","spd_over_grnd":"0.13","true_course":"59.681335","datestamp":"150708","mag_variation":"","mag_var_dir":""}
{"timestamp":"094006","status":"A","lat":"3323.270","lat_dir":"N","lon":"11838.416","lon_dir":"W","spd_over_grnd":"0.13","true_course":"58.871445","datestamp":"150708","mag_variation":"","mag_var_dir":""}
{"timestamp":"094007","status":"A","lat":"3323.270","lat_dir":"N","lon":"11838.416","lon_dir":"W","spd_over_grnd":"0.13","true_course":"57.887203","datestamp":"150708","mag_variation":"","mag_var_dir":""}
{"timestamp":"094009","status":"A","lat":"3323.270","lat_dir":"N","lon":"11838.416","lon_dir":"W","spd_over_grnd":"0.12","true_course":"58.032494","datestamp":"150708","mag_variation":"","mag_var_dir":""}
{"timestamp":"094010","status":"A","lat":"3323.270","lat_dir":"N","lon":"11838.416","lon_dir":"W","spd_over_grnd":"0.12","true_course":"59.065289","datestamp":"150708","mag_variation":"","mag_var_dir":""}
{"timestamp":"094012","status":"A","lat":"3323.270","lat_dir":"N","lon":"11838.415","lon_dir":"W","spd_over_grnd":"0.11","true_course":"59.724850","datestamp":"150708","mag_variation":"","mag_var_dir":""}
{"timestamp":"094014","status":"A","lat":"3323.270","lat_dir":"N","lon":"11838.415","lon_dir":"W","spd_over_grnd":"0.11","true_course":"58.997059","datestamp":"150708","mag_variation":"","mag_var_dir":""}
{"timestamp":"094015","status":"A","lat":"3323.270","lat_dir":"N","lon":"11838.415","lon_dir":"W","spd_over_grnd":"0.11","true_course":"58.001873","datestamp":"150708","mag_variation":"","mag_var_dir":""}
{"timestamp":"094017","status":"A","lat":"3323.270","lat_dir":"N","lon":"11838.415","lon_dir":"W","spd_over_grnd":"0.10","true_course":"58.020222","datestamp":"150708","mag_variation":"","mag_var_dir":""}
{"timestamp":"094018","status":"A","lat":"3323.270","lat_dir":"N","lon":"11838.415","lon_dir":"W","spd_over_grnd":"0.10","true_course":"59.153000","datestamp":"150708","mag_variation":"","mag_var_dir":""}
{"timestamp":"094020","status":"A","lat":"3323.270","lat_dir":"N","lon":"11838.415","lon_dir":"W","spd_over_grnd":"0.10","true_course":"59.732933","datestamp":"150708","mag_variation":"","mag_var_dir":""}
{"timestamp":"094022","status":"A","lat":"3323.270","lat_dir":"N","lon":"11838.415","lon_dir":"W","spd_over_grnd":"0.09","true_course":"58.978962","datestamp":"150708","mag_variation":"","mag_var_dir":""}
{"timestamp":"094023","status":"A","lat":"3323.270","lat_dir":"N","lon":"11838.415","lon_dir":"W","spd_over_grnd":"0.09","true_course":"57.996265","datestamp":"150708","mag_variation":"","mag_var_dir":""}
{"timestamp":"094025","status":"A","lat":"3323.270","lat_dir":"N","lon":"11838.415","lon_dir":"W","spd_over_grnd":"0.09","true_course":"57.960011","datestamp":"150708","mag_variation":"","mag_var_dir":""}
{"timestamp":"094026","status":"A","lat":"3323.270","lat_dir":"N","lon":"11838.415","lon_dir":"W","spd_over_grnd":"0.09","true_course":"58.900845","datestamp":"150708","mag_variation":"","mag_var_dir":""}
{"timestamp":"094028","status":"A","lat":"3323.270","lat_dir":"N","lon":"11838.415","lon_dir":"W","spd_over_grnd":"0.08","true_course":"59.702003","datestamp":"150708","mag_variation":"","mag_var_dir":""}
{"timestamp":"094029","status":"A","lat":"3323.270","lat_dir":"N","lon":"11838.415","lon_dir":"W","spd_over_grnd":"0.08","true_course":"59.192329","datestamp":"150708","mag_variation":"","mag_var_dir":""}
{"timestamp":"094031","status":"A","lat":"3323.270","lat_dir":"N","lon":"11838.415","lon_dir":"W","spd_over_grnd":"0.08","true_course":"58.034401","datestamp":"150708","mag_variation":"","mag_var_dir":""}
{"timestamp":"094033","status":"A","lat":"3323.270","lat_dir":"N","lon":"11838.415","lon_dir":"W","spd_over_grnd":"0.08","true_course":"57.870647","datestamp":"150708","mag_variation":"","mag_var_dir":""}
{"timestamp":"094034","status":"A","lat":"3323.270","lat_dir":"N","lon":"11838.415","lon_dir":"W","spd_over_grnd":"0.07","true_course":"58.875607","datestamp":"150708","mag_variation":"","mag_var_dir":""}
{"timestamp":"094036","status":"A","lat":"3323.270","lat_dir":"N","lon":"11838.415","lon_dir":"W","spd_over_grnd":"0.07","true_course":"59.596001","datestamp":"150708","mag_variation":"","mag_var_dir":""}
{"timestamp":"094037","status":"A","lat":"3323.270","lat_dir":"N","lon":"11838.415","lon_dir":"W","spd_over_grnd":"0.07","true_course":"59.140247","datestamp":"150708","mag_variation":"","mag_var_dir":""}
{"timestamp":"094039","status":"A","lat":"3323.270","lat_dir":"N","lon":"11838.415","lon_dir":"W","spd_over_grnd":"0.07","true_course":"58.061432","datestamp":"150708","mag_variation":"","mag_var_dir":""}
{"timestamp":"094040","status":"A","lat":"3323.270","lat_dir":"N","lon":"11838.415","lon_dir":"W","spd_over_grnd":"0.07","true_course":"57.811878","datestamp":"150708","mag_variation":"","mag_var_dir":""}
{"timestamp":"094042","status":"A","lat":"3323.270","lat_dir":"N","lon":"11838.415","lon_dir":"W","spd_over_grnd":"0.06","true_course":"58.714214","datestamp":"150708","mag_variation":"","mag_var_dir":""}
{"timestamp":"094044","status":"A","lat":"3323.270","lat_dir":"N","lon":"11838.415","lon_dir":"W","spd_over_grnd":"0.06","true_course":"59.486465","datestamp":"150708","mag_variation":"","mag_var_dir":""}
{"timestamp":"094045","status":"A","lat":"3323.270","lat_dir":"N","lon":"11838.415","lon_dir":"W","spd_over_grnd":"0.06","true_course":"59.081291","datestamp":"150708","mag_variation":"","mag_var_dir":""}
{"timestamp":"094047","status":"A","lat":"3323.270","lat_dir":"N","lon":"11838.415","lon_dir":"W","spd_over_grnd":"0.06","true_course":"58.027325","datestamp":"150708","mag_variation":"","mag_var_dir":""}
{"timestamp":"094048","status":"A","lat":"3323.271","lat_dir":"N","lon":"11838.415","lon_dir":"W","spd_over_grnd":"0.06","true_course":"57.789215","datestamp":"150708","mag_variation":"","mag_var_dir":""}
{"timestamp":"094050","status":"A","lat":"3323.271","lat_dir":"N","lon":"11838.415","lon_dir":"W","spd_over_grnd":"0.05","true_course":"58.784328","datestamp":"150708","mag_variation":"","mag_var_dir":""}
{"timestamp":"094052","status":"A","lat":"3323.271","lat_dir":"N","lon":"11838.415","lon_dir":"W","spd_over_grnd":"0.05","true_course":"59.668091","datestamp":"150708","mag_variation":"","mag_var_dir":""}
{"timestamp":"094053","status":"A","lat":"3323.271","lat_dir":"N","lon":"11838.414","lon_dir":"W","spd_over_grnd":"0.05","true_course":"59.251484","datestamp":"150708","mag_variation":"","mag_var_dir":""}
{"timestamp":"094055","status":"A","lat":"3323.271","lat_dir":"N","lon":"11838.414","lon_dir":"W","spd_over_grnd":"0.05","true_course":"58.197990","datestamp":"150708","mag_variation":"","mag_var_dir":""}
{"timestamp":"094056","status":"A","lat":"3323.271","lat_dir":"N","lon":"11838.414","lon_dir":"W","spd_over_grnd":"0.05","true_course":"57.863384","datestamp":"150708","mag_variation":"","mag_var_dir":""}
{"timestamp":"094058","status":"A","lat":"3323.271","lat_dir":"N","lon":"11838.414","lon_dir":"W","spd_over_grnd":"0.05","true_course":"58.857712","datestamp":"150708","mag_variation":"","mag_var_dir":""}
{"timestamp":"094100","status":"A","lat":"3323.271","lat_dir":"N","lon":"11838.414","lon_dir":"W","spd_over_grnd":"0.04","true_course":"59.793972","datestamp":"150708","mag_variation":"","mag_var_dir":""}
{"timestamp":"094101","status":"A","lat":"3323.271","lat_dir":"N","lon":"11838.414","lon_dir":"W","spd_over_grnd":"0.04","true_course":"59.459675","datestamp":"150708","mag_variation":"","mag_var_dir":""}
{"timestamp":"094103","status":"A","lat":"3323.271","lat_dir":"N","lon":"11838.414","lon_dir":"W","spd_over_grnd":"0.04","true_course":"58.307476","datestamp":"150708","mag_variation":"","mag_var_dir":""}
{"timestamp":"094104","status":"A","lat":"3323.271","lat_dir":"N","lon":"11838.414","lon_dir":"W","spd_over_grnd":"0.04","true_course":"57.871990","datestamp":"150708","mag_variation":"","mag_var_dir":""}
{"timestamp":"094106","status":"A","lat":"3323.271","lat_dir":"N","lon":"11838.414","lon_dir":"W","spd_over_grnd":"0.04","true_course":"58.705399","datestamp":"150708","mag_variation":"","mag_var_dir":""}
{"timestamp":"094107","status":"A","lat":"3323.271","lat_dir":"N","lon":"11838.414","lon_dir":"W","spd_over_grnd":"0.04","true_course":"59.681164","datestamp":"150708","mag_variation":"","mag_var_dir":""}
{"timestamp":"094109","status":"A","lat":"3323.271","lat_dir":"N","lon":"11838.414","lon_dir":"W","spd_over_grnd":"0.04","true_course":"59.471252","datestamp":"150708","mag_variation":"","mag_var_dir":""}
{"timestamp":"094111","status":"A","lat":"3323.271","lat_dir":"N","lon":"11838.414","lon_dir":"W","spd_over_grnd":"0.04","true_course":"58.269855","datestamp":"150708","mag_variation":"","mag_var_dir":""}
{"timestamp":"094112","status":"A","lat":"3323.271","lat_dir":"N","lon":"11838.414","lon_dir":"W","spd_over_grnd":"0.03","true_course":"57.735703","datestamp":"150708","mag_variation":"","mag_var_dir":""}
{"timestamp":"094114","status":"A","lat":"3323.271","lat_dir":"N","lon":"11838.414","lon_dir":"W","spd_over_grnd":"0.03","true_course":"58.624741","datestamp":"150708","mag_variation":"","mag_var_dir":""}
{"timestamp":"094115","status":"A","lat":"3323.271","lat_dir":"N","lon":"11838.414","lon_dir":"W","spd_over_grnd":"0.03","true_course":"59.509087","datestamp":"150708","mag_variation":"","mag_var_dir":""}
{"timestamp":"094117","status":"A","lat":"3323.271","lat_dir":"N","lon":"11838.414","lon_dir":"W","spd_over_grnd":"0.03","true_course":"59.250637","datestamp":"150708","mag_variation":"","mag_var_dir":""}
{"timestamp":"094119","status":"A","lat":"3323.271","lat_dir":"N","lon":"11838.414","lon_dir":"W","spd_over_grnd":"0.03","true_course":"58.158245","datestamp":"150708","mag_variation":"","mag_var_dir":""}
{"timestamp":"094120","status":"A","lat":"3323.271","lat_dir":"N","lon":"11838.414","lon_dir":"W","spd_over_grnd":"0.03","true_course":"57.684162","datestamp":"150708","mag_variation":"","mag_var_dir":""}
{"timestamp":"094122","status":"A","lat":"3323.271","lat_dir":"N","lon":"11838.414","lon_dir":"W","spd_over_grnd":"0.03","true_course":"58.584980","datestamp":"150708","mag_variation":"","mag_var_dir":""}
{"timestamp":"094123","status":"A","lat":"3323.271","lat_dir":"N","lon":"11838.414","lon_dir":"W","spd_over_grnd":"0.03","true_course":"59.724380","datestamp":"150708","mag_variation":"","mag_var_dir":""}
{"timestamp":"094125","status":"A","lat":"3323.271","lat_dir":"N","lon":"11838.414","lon_dir":"W","spd_over_grnd":"0.03","true_course":"59.435791","datestamp":"150708","mag_variation":"","mag_var_dir":""}
{"timestamp":"094127","status":"A","lat":"3323.271","lat_dir":"N","lon":"11838.414","lon_dir":"W","spd_over_grnd":"0.03","true_course":"58.236362","datestamp":"150708","mag_variation":"","mag_var_dir":""}
{"timestamp":"094128","status":"A","lat":"3323.271","lat_dir":"N","lon":"11838.414","lon_dir":"W","spd_over_grnd":"0.03","true_course":"57.657722","datestamp":"150708","mag_variation":"","mag_var_dir":""}
{"timestamp":"094130","status":"A","lat":"3323.271","lat_dir":"N","lon":"11838.414","lon_dir":"W","spd_over_grnd":"0.02","true_course":"58.527103","datestamp":"150708","mag_variation":"","mag_var_dir":""}
{"timestamp":"094131","status":"A","lat":"3323.271","lat_dir":"N","lon":"11838.414","lon_dir":"W","spd_over_grnd":"0.02","true_course":"59.603710","datestamp":"150708","mag_variation":"","mag_var_dir":""}
{"timestamp":"094133","status":"A","lat":"3323.271","lat_dir":"N","lon":"11838.414","lon_dir":"W","spd_over_grnd":"0.02","true_course":"59.346146","datestamp":"150708","mag_variation":"","mag_var_dir":""}
{"timestamp":"094135","status":"A","lat":"3323.271","lat_dir":"N","lon":"11838.414","lon_dir":"W","spd_over_grnd":"0.02","true_course":"58.327393","datestamp":"150708","mag_variation":"","mag_var_dir":""}
{"timestamp":"094136","status":"A","lat":"3323.271","lat_dir":"N","lon":"11838.414","lon_dir":"W","spd_over_grnd":"0.02","true_course":"57.889790","datestamp":"150708","mag_variation":"","mag_var_dir":""}
{"timestamp":"094138","status":"A","lat":"3323.271","lat_dir":"N","lon":"11838.414","lon_dir":"W","spd_over_grnd":"0.02","true_course":"58.773090","datestamp":"150708","mag_variation":"","mag_var_dir":""}
{"timestamp":"094139","status":"A","lat":"3323.271","lat_dir":"N","lon":"11838.414","lon_dir":"W","spd_over_grnd":"0.02","true_course":"59.818336","datestamp":"150708","mag_variation":"","mag_var_dir":""}
{"timestamp":"094141","status":"A","lat":"3323.271","lat_dir":"N","lon":"11838.414","lon_dir":"W","spd_over_grnd":"0.02","true_course":"59.596027","datestamp":"150708","mag_variation":"","mag_var_dir":""}
{"timestamp":"094143","status":"A","lat":"3323.271","lat_dir":"N","lon":"11838.414","lon_dir":"W","spd_over_grnd":"0.02","true_course":"58.555508","datestamp":"150708","mag_variation":"","mag_var_dir":""}
{"timestamp":"094144","status":"A","lat":"3323.271","lat_dir":"N","lon":"11838.414","lon_dir":"W","spd_over_grnd":"0.02","true_course":"58.144188","datestamp":"150708","mag_variation":"","mag_var_dir":""}
{"timestamp":"094146","status":"A","lat":"3323.271","lat_dir":"N","lon":"11838.414","lon_dir":"W","spd_over_grnd":"0.02","true_course":"58.978210","datestamp":"150708","mag_variation":"","mag_var_dir":""}
{"timestamp":"094147","status":"A","lat":"3323.271","lat_dir":"N","lon":"11838.414","lon_dir":"W","spd_over_grnd":"0.02","true_course":"60.054470","datestamp":"150708","mag_variation":"","mag_var_dir":""}
{"timestamp":"094149","status":"A","lat":"3323.271","lat_dir":"N","lon":"11838.414","lon_dir":"W","spd_over_grnd":"0.02","true_course":"59.852131","datestamp":"150708","mag_variation":"","mag_var_dir":""}
{"timestamp":"094151","status":"A","lat":"3323.271","lat_dir":"N","lon":"11838.414","lon_dir":"W","spd_over_grnd":"0.02","true_course":"58.682907","datestamp":"150708","mag_variation":"","mag_var_dir":""}
{"timestamp":"094152","status":"A","lat":"3323.271","lat_dir":"N","lon":"11838.414","lon_dir":"W","spd_over_grnd":"0.02","true_course":"58.313541","datestamp":"150708","mag_variation":"","mag_var_dir":""}
{"timestamp":"094154","status":"A","lat":"3323.271","lat_dir":"N","lon":"11838.414","lon_dir":"W","spd_over_grnd":"0.01","true_course":"59.039688","datestamp":"150708","mag_variation":"","mag_var_dir":""}
{"timestamp":"094156","status":"A","lat":"3323.271","lat_dir":"N","lon":"11838.414","lon_dir":"W","spd_over_grnd":"0.01","true_course":"59.875690","datestamp":"150708","mag_variation":"","mag_var_dir":""}
{"timestamp":"094157","status":"A","lat":"3323.271","lat_dir":"N","lon":"11838.414","lon_dir":"W","spd_over_grnd":"0.01","true_course":"59.519562","datestamp":"150708","mag_variation":"","mag_var_dir":""}
{"timestamp":"094159","status":"A","lat":"3323.271","lat_dir":"N","lon":"11838.414","lon_dir":"W","spd_over_grnd":"0.01","true_course":"58.406624","datestamp":"150708","mag_variation":"","mag_var_dir":""}
{"timestamp":"094200","status":"A","lat":"3323.271","lat_dir":"N","lon":"11838.414","lon_dir":"W","spd_over_grnd":"0.01","true_course":"57.991985","datestamp":"150708","mag_variation":"","mag_var_dir":""}
{"timestamp":"094202","status":"A","lat":"3323.271","lat_dir":"N","lon":"11838.414","lon_dir":"W","spd_over_grnd":"0.01","true_course":"58.657940","datestamp":"150708","mag_variation":"","mag_var_dir":""}
{"timestamp":"094203","status":"A","lat":"3323.271","lat_dir":"N","lon":"11838.414","lon_dir":"W","spd_over_grnd":"0.01","true_course":"59.588078","datestamp":"150708","mag_variation":"","mag_var_dir":""}
{"timestamp":"094205","status":"A","lat":"3323.271","lat_dir":"N","lon":"11838.414","lon_dir":"W","spd_over_grnd":"0.01","true_course":"59.375820","datestamp":"150708","mag_variation":"","mag_var_dir":""}
{"timestamp":"094207","status":"A","lat":"3323.271","lat_dir":"N","lon":"11838.414","lon_dir":"W","spd_over_grnd":"0.01","true_course":"58.235558","datestamp":"150708","mag_variation":"","mag_var_dir":""}
{"timestamp":"094208","status":"A","lat":"3323.271","lat_dir":"N","lon":"11838.414","lon_dir":"W","spd_over_grnd":"0.01","true_course":"57.669994","datestamp":"150708","mag_variation":"","mag_var_dir":""}
{"timestamp":"094210","status":"A","lat":"3323.271","lat_dir":"N","lon":"11838.414","lon_dir":"W","spd_over_grnd":"0.01","true_course":"58.360741","datestamp":"150708","mag_variation":"","mag_var_dir":""}
{"timestamp":"094211","status":"A","lat":"3323.271","lat_dir":"N","lon":"11838.414","lon_dir":"W","spd_over_grnd":"0.01","true_course":"59.362953","datestamp":"150708","mag_variation":"","mag_var_dir":""}
{"timestamp":"094213","status":"A","lat":"3323.271","lat_dir":"N","lon":"11838.414","lon_dir":"W","spd_over_grnd":"0.01","true_course":"59.288906","datestamp":"150708","mag_variation":"","mag_var_dir":""}
{"timestamp":"094215","status":"A","lat":"3323.271","lat_dir":"N","lon":"11838.414","lon_dir":"W","spd_over_grnd":"0.01","true_course":"58.322861","datestamp":"150708","mag_variation":"","mag_var_dir":""}
{"timestamp":"094216","status":"A","lat":"3323.271","lat_dir":"N","lon":"11838.414","lon_dir":"W","spd_over_grnd":"0.01","true_course":"57.726994","datestamp":"150708","mag_variation":"","mag_var_dir":""}
{"timestamp":"094218","status":"A","lat":"3323.271","lat_dir":"N","lon":"11838.414","lon_dir":"W","spd_over_grnd":"0.01","true_course":"58.482937","datestamp":"150708","mag_variation":"","mag_var_dir":""}
{"timestamp":"094219","status":"A","lat":"3323.271","lat_dir":"N","lon":"11838.414","lon_dir":"W","spd_over_grnd":"0.01","true_course":"59.457619","datestamp":"150708","mag_variation":"","mag_var_dir":""}
{"timestamp":"094221","status":"A","lat":"3323.271","lat_dir":"N","lon":"11838.414","lon_dir":"W","spd_over_grnd":"0.01","true_course":"59.335365","datestamp":"150708","mag_variation":"","mag_var_dir":""}
{"timestamp":"094222","status":"A","lat":"3323.271","lat_dir":"N","lon":"11838.414","lon_dir":"W","spd_over_grnd":"0.01","true_course":"58.286304","datestamp":"150708","mag_variation":"","mag_var_dir":""}
{"timestamp":"094224","status":"A","lat":"3323.271","lat_dir":"N","lon":"11838.414","lon_dir":"W","spd_over_grnd":"0.01","true_course":"57.663296","datestamp":"150708","mag_variation":"","mag_var_dir":""}
{"timestamp":"094226","status":"A","lat":"3323.271","lat_dir":"N","lon":"11838.414","lon_dir":"W","spd_over_grnd":"0.01","true_course":"58.347939","datestamp":"150708","mag_variation":"","mag_var_dir":""}
{"timestamp":"094227","status":"A","lat":"3323.271","lat_dir":"N","lon":"11838.414","lon_dir":"W","spd_over_grnd":"0.01","true_course":"59.486500","datestamp":"150708","mag_variation":"","mag_var_dir":""}
{"timestamp":"094229","status":"A","lat":"3323.271","lat_dir":"N","lon":"11838.414","lon_dir":"W","spd_over_grnd":"0.01","true_course":"59.457878","datestamp":"150708","mag_variation":"","mag_var_dir":""}
{"timestamp":"094230","status":"A","lat":"3323.271","lat_dir":"N","lon":"11838.414","lon_dir":"W","spd_over_grnd":"0.01","true_course":"58.465233","datestamp":"150708","mag_variation":"","mag_var_dir":""}
{"timestamp":"094232","status":"A","lat":"3323.271","lat_dir":"N","lon":"11838.414","lon_dir":"W","spd_over_grnd":"0.01","true_course":"57.824085","datestamp":"150708","mag_variation":"","mag_var_dir":""}
{"timestamp":"094234","status":"A","lat":"3323.271","lat_dir":"N","lon":"11838.414","lon_dir":"W","spd_over_grnd":"0.01","true_course":"58.386662","datestamp":"150708","mag_variation":"","mag_var_dir":""}
{"timestamp":"094235","status":"A","lat":"3323.271","lat_dir":"N","lon":"11838.414","lon_dir":"W","spd_over_grnd":"0.01","true_course":"59.395866","datestamp":"150708","mag_variation":"","mag_var_dir":""}
{"timestamp":"094237","status":"A","lat":"3323.271","lat_dir":"N","lon":"11838.414","lon_dir":"W","spd_over_grnd":"0.01","true_course":"59.459545","datestamp":"150708","mag_variation":"","mag_var_dir":""}
{"timestamp":"094238","status":"A","lat":"3323.271","lat_dir":"N","lon":"11838.414","lon_dir":"W","spd_over_grnd":"0.01","true_course":"58.529819","datestamp":"150708","mag_variation":"","mag_var_dir":""}
{"timestamp":"094240","status":"A","lat":"3323.271","lat_dir":"N","lon":"11838.414","lon_dir":"W","spd_over_grnd":"0.01","true_course":"57.770596","datestamp":"150708","mag_variation":"","mag_var_dir":""}
{"timestamp":"094241","status":"A","lat":"3323.271","lat_dir":"N","lon":"11838.414","lon_dir":"W","spd_over_grnd":"0.01","true_course":"58.317291","datestamp":"150708","mag_variation":"","mag_var_dir":""}
{"timestamp":"094243","status":"A","lat":"3323.271","lat_dir":"N","lon":"11838.414","lon_dir":"W","spd_over_grnd":"0.01","true_course":"59.407150","datestamp":"150708","mag_variation":"","mag_var_dir":""}
{"timestamp":"094245","status":"A","lat":"3323.271","lat_dir":"N","lon":"11838.414","lon_dir":"W","spd_over_grnd":"0.01","true_course":"59.512787","datestamp":"150708","mag_variation":"","mag_var_dir":""}
{"timestamp":"094246","status":"A","lat":"3323.271","lat_dir":"N","lon":"11838.414","lon_dir":"W","spd_over_grnd":"0.01","true_course":"58.498749","datestamp":"150708","mag_variation":"","mag_var_dir":""}
{"timestamp":"094248","status":"A","lat":"3323.271","lat_dir":"N","lon":"11838.414","lon_dir":"W","spd_over_grnd":"0.01","true_course":"57.788723","datestamp":"150708","mag_variation":"","mag_var_dir":""}
{"timestamp":"094249","status":"A","lat":"3323.271","lat_dir":"N","lon":"11838.414","lon_dir":"W","spd_over_grnd":"0.01","true_course":"58.226696","datestamp":"150708","mag_variation":"","mag_var_dir":""}
{"timestamp":"094251","status":"A","lat":"3323.271","lat_dir":"N","lon":"11838.414","lon_dir":"W","spd_over_grnd":"0.00","true_course":"59.282028","datestamp":"150708","mag_variation":"","mag_var_dir":""}
{"timestamp":"094252","status":"A","lat":"3323.271","lat_dir":"N","lon":"11838.414","lon_dir":"W","spd_over_grnd":"0.00","true_course":"59.614754","datestamp":"150708","mag_variation":"","mag_var_dir":""}
{"timestamp":"094254","status":"A","lat":"3323.271","lat_dir":"N","lon":"11838.414","lon_dir":"W","spd_over_grnd":"0.00","true_course":"58.750355","datestamp":"150708","mag_variation":"","mag_var_dir":""}
{"timestamp":"094256","status":"A","lat":"3323.271","lat_dir":"N","lon":"11838.414","lon_dir":"W","spd_over_grnd":"0.00","true_course":"57.936275","datestamp":"150708","mag_variation":"","mag_var_dir":""}
{"timestamp":"094257","status":"A","lat":"3323.271","lat_dir":"N","lon":"11838.414","lon_dir":"W","spd_over_grnd":"0.00","true_course":"58.322571","datestamp":"150708","mag_variation":"","mag_var_dir":""}
{"timestamp":"094259","status":"A","lat":"3323.271","lat_dir":"N","lon":"11838.414","lon_dir":"W","spd_over_grnd":"0.00","true_course":"59.448189","datestamp":"150708","mag_variation":"","mag_var_dir":""}
{"timestamp":"094300","status":"A","lat":"3323.271","lat_dir":"N","lon":"11838.414","lon_dir":"W","spd_over_grnd":"0.00","true_course":"59.724693","datestamp":"150708","mag_variation":"","mag_var_dir":""}
{"timestamp":"094302","status":"A","lat":"3323.271","lat_dir":"N","lon":"11838.414","lon_dir":"W","spd_over_grnd":"0.00","true_course":"58.828053","datestamp":"150708","mag_variation":"","mag_var_dir":""}
{"timestamp":"094304","status":"A","lat":"3323.271","lat_dir":"N","lon":"11838.414","lon_dir":"W","spd_over_grnd":"0.00","true_course":"58.046421","datestamp":"150708","mag_variation":"","mag_var_dir":""}
{"timestamp":"094305","status":"A","lat":"3323.271","lat_dir":"N","lon":"11838.414","lon_dir":"W","spd_over_grnd":"0.00","true_course":"58.345554","datestamp":"150708","mag_variation":"","mag_var_dir":""}
{"timestamp":"094307","status":"A","lat":"3323.271","lat_dir":"N","lon":"11838.414","lon_dir":"W","spd_over_grnd":"0.00","true_course":"59.291607","datestamp":"150708","mag_variation":"","mag_var_dir":""}
{"timestamp":"094308","status":"A","lat":"3323.271","lat_dir":"N","lon":"11838.414","lon_dir":"W","spd_over_grnd":"0.00","true_course":"59.722897","datestamp":"150708","mag_variation":"","mag_var_dir":""}
{"timestamp":"094310","status":"A","lat":"3323.271","lat_dir":"N","lon":"11838.414","lon_dir":"W","spd_over_grnd":"0.00","true_course":"58.912849","datestamp":"150708","mag_variation":"","mag_var_dir":""}
{"timestamp":"094311","status":"A","lat":"3323.271","lat_dir":"N","lon":"11838.414","lon_dir":"W","spd_over_grnd":"0.00","true_course":"58.071079","datestamp":"150708","mag_variation":"","mag_var_dir":""}
{"timestamp":"094313","status":"A","lat":"3323.271","lat_dir":"N","lon":"11838.414","lon_dir":"W","spd_over_grnd":"0.00","true_course":"58.421024","datestamp":"150708","mag_variation":"","mag_var_dir":""}
{"timestamp":"094315","status":"A","lat":"3323.271","lat_dir":"N","lon":"11838.414","lon_dir":"W","spd_over_grnd":"0.00","true_course":"59.456150","datestamp":"150708","mag_variation":"","mag_var_dir":""}
{"timestamp":"094316","status":"A","lat":"3323.271","lat_dir":"N","lon":"11838.414","lon_dir":"W","spd_over_grnd":"0.00","true_course":"59.933731","datestamp":"150708","mag_variation":"","mag_var_dir":""}
{"timestamp":"094318","status":"A","lat":"3323.271","lat_dir":"N","lon":"11838.414","lon_dir":"W","spd_over_grnd":"0.00","true_course":"59.173080","datestamp":"150708","mag_variation":"","mag_var_dir":""}
{"timestamp":"094319","status":"A","lat":"3323.271","lat_dir":"N","lon":"11838.414","lon_dir":"W","spd_over_grnd":"0.00","true_course":"58.220829","datestamp":"150708","mag_variation":"","mag_var_dir":""}
{"timestamp":"094321","status":"A","lat":"3323.271","lat_dir":"N","lon":"11838.414","lon_dir":"W","spd_over_grnd":"0.00","true_course":"58.441662","datestamp":"150708","mag_variation":"","mag_var_dir":""}
{"timestamp":"094323","status":"A","lat":"3323.271","lat_dir":"N","lon":"11838.414","lon_dir":"W","spd_over_grnd":"0.00","true_course":"59.497673","datestamp":"150708","mag_variation":"","mag_var_dir":""}
{"timestamp":"094324","status":"A","lat":"3323.271","lat_dir":"N","lon":"11838.414","lon_dir":"W","spd_over_grnd":"0.00","true_course":"60.000916","datestamp":"150708","mag_variation":"","mag_var_dir":""}
{"timestamp":"094326","status":"A","lat":"3323.271","lat_dir":"N","lon":"11838.414","lon_dir":"W","spd_over_grnd":"0.00","true_course":"59.081879","datestamp":"150708","mag_variation":"","mag_var_dir":""}
{"timestamp":"094327","status":"A","lat":"3323.271","lat_dir":"N","lon":"11838.414","lon_dir":"W","spd_over_grnd":"0.00","true_course":"58.012093","datestamp":"150708","mag_variation":"","mag_var_dir":""}
{"timestamp":"094329","status":"A","lat":"3323.271","lat_dir":"N","lon":"11838.414","lon_dir":"W","spd_over_grnd":"0.00","true_course":"58.119728","datestamp":"150708","mag_variation":"","mag_var_dir":""}
{"timestamp":"094331","status":"A","lat":"3323.271","lat_dir":"N","lon":"11838.414","lon_dir":"W","spd_over_grnd":"0.00","true_course":"59.159401","datestamp":"150708","mag_variation":"","mag_var_dir":""}
{"timestamp":"094332","status":"A","lat":"3323.271","lat_dir":"N","lon":"11838.414","lon_dir":"W","spd_over_grnd":"0.00","true_course":"59.564957","datestamp":"150708","mag_variation":"","mag_var_dir":""}
{"timestamp":"094334","status":"A","lat":"3323.271","lat_dir":"N","lon":"11838.414","lon_dir":"W","spd_over_grnd":"0.00","true_course":"58.762333","datestamp":"150708","mag_variation":"","mag_var_dir":""}
{"timestamp":"094335","status":"A","lat":"3323.271","lat_dir":"N","lon":"11838.414","lon_dir":"W","spd_over_grnd":"0.00","true_course":"57.872368","datestamp":"150708","mag_variation":"","mag_var_dir":""}
{"timestamp":"094337","status":"A","lat":"3323.271","lat_dir":"N","lon":"11838.414","lon_dir":"W","spd_over_grnd":"0.00","true_course":"58.113003","datestamp":"150708","mag_variation":"","mag_var_dir":""}
{"timestamp":"094339","status":"A","lat":"3323.271","lat_dir":"N","lon":"11838.414","lon_dir":"W","spd_over_grnd":"0.00","true_course":"59.202087","datestamp":"150708","mag_variation":"","mag_var_dir":""}
{"timestamp":"094340","status":"A","lat":"3323.271","lat_dir":"N","lon":"11838.414","lon_dir":"W","spd_over_grnd":"0.00","true_course":"59.581997","datestamp":"150708","mag_variation":"","mag_var_dir":""}
{"timestamp":"094342","status":"A","lat":"3323.271","lat_dir":"N","lon":"11838.414","lon_dir":"W","spd_over_grnd":"0.00","true_course":"58.684860","datestamp":"150708","mag_variation":"","mag_var_dir":""}
{"timestamp":"094343","status":"A","lat":"3323.271","lat_dir":"N","lon":"11838.414","lon_dir":"W","spd_over_grnd":"0.00","true_course":"57.720627","datestamp":"150708","mag_variation":"","mag_var_dir":""}
{"timestamp":"094345","status":"A","lat":"3323.271","lat_dir":"N","lon":"11838.414","lon_dir":"W","spd_over_grnd":"0.00","true_course":"57.889225","datestamp":"150708","mag_variation":"","mag_var_dir":""}
{"timestamp":"094347","status":"A","lat":"3323.271","lat_dir":"N","lon":"11838.414","lon_dir":"W","spd_over_grnd":"0.00","true_course":"59.021122","datestamp":"150708","mag_variation":"","mag_var_dir":""}
{"timestamp":"094348","status":"A","lat":"3323.271","lat_dir":"N","lon":"11838.414","lon_dir":"W","spd_over_grnd":"0.00","true_course":"59.614632","datestamp":"150708","mag_variation":"","mag_var_dir":""}
{"timestamp":"094350","status":"A","lat":"3323.271","lat_dir":"N","lon":"11838.414","lon_dir":"W","spd_over_grnd":"0.00","true_course":"58.873722","datestamp":"150708","mag_variation":"","mag_var_dir":""}
{"timestamp":"094351","status":"A","lat":"3323.271","lat_dir":"N","lon":"11838.414","lon_dir":"W","spd_over_grnd":"0.00","true_course":"57.902721","datestamp":"150708","mag_variation":"","mag_var_dir":""}
{"timestamp":"094353","status":"A","lat":"3323.271","lat_dir":"N","lon":"11838.414","lon_dir":"W","spd_over_grnd":"0.00","true_course":"58.045204","datestamp":"150708","mag_variation":"","mag_var_dir":""}
{"timestamp":"094355","status":"A","lat":"3323.271","lat_dir":"N","lon":"11838.414","lon_dir":"W","spd_over_grnd":"0.00","true_course":"59.090099","datestamp":"150708","mag_variation":"","mag_var_dir":""}
