{"timestamp":"083722","status":"A","lat":"3319.608","lat_dir":"N","lon":"11838.986","lon_dir":"W","spd_over_grnd":"9.51","true_course":"272.631256","datestamp":"150708","mag_variation":"","mag_var_dir":""}
{"timestamp":"083724","status":"A","lat":"3319.608","lat_dir":"N","lon":"11838.990","lon_dir":"W","spd_over_grnd":"9.51","true_course":"273.571533","datestamp":"150708","mag_variation":"","mag_var_dir":""}
{"timestamp":"083725","status":"A","lat":"3319.609","lat_dir":"N","lon":"11838.996","lon_dir":"W","spd_over_grnd":"9.50","true_course":"273.403992","datestamp":"150708","mag_variation":"","mag_var_dir":""}
{"timestamp":"083727","status":"A","lat":"3319.609","lat_dir":"N","lon":"11839.001","lon_dir":"W","spd_over_grnd":"9.50","true_course":"272.348969","datestamp":"150708","mag_variation":"","mag_var_dir":""}
{"timestamp":"083728","status":"A","lat":"3319.609","lat_dir":"N","lon":"11839.006","lon_dir":"W","spd_over_grnd":"9.50","true_course":"272.176239","datestamp":"150708","mag_variation":"","mag_var_dir":""}
{"timestamp":"083730","status":"A","lat":"3319.609","lat_dir":"N","lon":"11839.011","lon_dir":"W","spd_over_grnd":"9.49","true_course":"273.157349","datestamp":"150708","mag_variation":"","mag_var_dir":""}
{"timestamp":"083731","status":"A","lat":"3319.609","lat_dir":"N","lon":"11839.016","lon_dir":"W","spd_over_grnd":"9.49","true_course":"274.217834","datestamp":"150708","mag_variation":"","mag_var_dir":""}
{"timestamp":"083733","status":"A","lat":"3319.610","lat_dir":"N","lon":"11839.021","lon_dir":"W","spd_over_grnd":"9.49","true_course":"274.214447","datestamp":"150708","mag_variation":"","mag_var_dir":""}
{"timestamp":"083735","status":"A","lat":"3319.610","lat_dir":"N","lon":"11839.026","lon_dir":"W","spd_over_grnd":"9.49","true_course":"273.228821","datestamp":"150708","mag_variation":"","mag_var_dir":""}
{"timestamp":"083736","status":"A","lat":"3319.610","lat_dir":"N","lon":"11839.030","lon_dir":"W","spd_over_grnd":"9.48","true_course":"272.886902","datestamp":"150708","mag_variation":"","mag_var_dir":""}
{"timestamp":"083738","status":"A","lat":"3319.610","lat_dir":"N","lon":"11839.035","lon_dir":"W","spd_over_grnd":"9.48","true_course":"273.792725","datestamp":"150708","mag_variation":"","mag_var_dir":""}
{"timestamp":"083739","status":"A","lat":"3319.611","lat_dir":"N","lon":"11839.040","lon_dir":"W","spd_over_grnd":"9.48","true_course":"275.019653","datestamp":"150708","mag_variation":"","mag_var_dir":""}
{"timestamp":"083741","status":"A","lat":"3319.611","lat_dir":"N","lon":"11839.045","lon_dir":"W","spd_over_grnd":"9.48","true_course":"275.100220","datestamp":"150708","mag_variation":"","mag_var_dir":""}
{"timestamp":"083742","status":"A","lat":"3319.611","lat_dir":"N","lon":"11839.050","lon_dir":"W","spd_over_grnd":"9.48","true_course":"274.219910","datestamp":"150708","mag_variation":"","mag_var_dir":""}
{"timestamp":"083744","status":"A","lat":"3319.612","lat_dir":"N","lon":"11839.055","lon_dir":"W","spd_over_grnd":"9.48","true_course":"273.631378","datestamp":"150708","mag_variation":"","mag_var_dir":""}
{"timestamp":"083745","status":"A","lat":"3319.612","lat_dir":"N","lon":"11839.060","lon_dir":"W","spd_over_grnd":"9.47","true_course":"274.375732","datestamp":"150708","mag_variation":"","mag_var_dir":""}
{"timestamp":"083747","status":"A","lat":"3319.612","lat_dir":"N","lon":"11839.065","lon_dir":"W","spd_over_grnd":"9.47","true_course":"275.927399","datestamp":"150708","mag_variation":"","mag_var_dir":""}
{"timestamp":"083749","status":"A","lat":"3319.613","lat_dir":"N","lon":"11839.070","lon_dir":"W","spd_over_grnd":"9.47","true_course":"276.274078","datestamp":"150708","mag_variation":"","mag_var_dir":""}
{"timestamp":"083750","status":"A","lat":"3319.613","lat_dir":"N","lon":"11839.075","lon_dir":"W","spd_over_grnd":"9.47","true_course":"275.478424","datestamp":"150708","mag_variation":"","mag_var_dir":""}
{"timestamp":"083752","status":"A","lat":"3319.614","lat_dir":"N","lon":"11839.080","lon_dir":"W","spd_over_grnd":"9.47","true_course":"274.932098","datestamp":"150708","mag_variation":"","mag_var_dir":""}
{"timestamp":"083753","status":"A","lat":"3319.614","lat_dir":"N","lon":"11839.084","lon_dir":"W","spd_over_grnd":"9.47","true_course":"275.598511","datestamp":"150708","mag_variation":"","mag_var_dir":""}
{"timestamp":"083755","status":"A","lat":"3319.614","lat_dir":"N","lon":"11839.089","lon_dir":"W","spd_over_grnd":"9.47","true_course":"276.933868","datestamp":"150708","mag_variation":"","mag_var_dir":""}
{"timestamp":"083756","status":"A","lat":"3319.615","lat_dir":"N","lon":"11839.094","lon_dir":"W","spd_over_grnd":"9.47","true_course":"277.425598","datestamp":"150708","mag_variation":"","mag_var_dir":""}
{"timestamp":"083758","status":"A","lat":"3319.615","lat_dir":"N","lon":"11839.099","lon_dir":"W","spd_over_grnd":"9.47","true_course":"276.829834","datestamp":"150708","mag_variation":"","mag_var_dir":""}
{"timestamp":"083759","status":"A","lat":"3319.616","lat_dir":"N","lon":"11839.104","lon_dir":"W","spd_over_grnd":"9.47","true_course":"276.011353","datestamp":"150708","mag_variation":"","mag_var_dir":""}
{"timestamp":"083801","status":"A","lat":"3319.616","lat_dir":"N","lon":"11839.109","lon_dir":"W","spd_over_grnd":"9.47","true_course":"276.441772","datestamp":"150708","mag_variation":"","mag_var_dir":""}
{"timestamp":"083803","status":"A","lat":"3319.617","lat_dir":"N","lon":"11839.114","lon_dir":"W","spd_over_grnd":"9.47","true_course":"277.806396","datestamp":"150708","mag_variation":"","mag_var_dir":""}
{"timestamp":"083804","status":"A","lat":"3319.617","lat_dir":"N","lon":"11839.119","lon_dir":"W","spd_over_grnd":"9.47","true_course":"278.590637","datestamp":"150708","mag_variation":"","mag_var_dir":""}
{"timestamp":"083806","status":"A","lat":"3319.618","lat_dir":"N","lon":"11839.124","lon_dir":"W","spd_over_grnd":"9.47","true_course":"277.967407","datestamp":"150708","mag_variation":"","mag_var_dir":""}
{"timestamp":"083807","status":"A","lat":"3319.619","lat_dir":"N","lon":"11839.129","lon_dir":"W","spd_over_grnd":"9.47","true_course":"277.143982","datestamp":"150708","mag_variation":"","mag_var_dir":""}
{"timestamp":"083809","status":"A","lat":"3319.619","lat_dir":"N","lon":"11839.134","lon_dir":"W","spd_over_grnd":"9.46","true_course":"277.453461","datestamp":"150708","mag_variation":"","mag_var_dir":""}
{"timestamp":"083810","status":"A","lat":"3319.620","lat_dir":"N","lon":"11839.139","lon_dir":"W","spd_over_grnd":"9.46","true_course":"278.966583","datestamp":"150708","mag_variation":"","mag_var_dir":""}
{"timestamp":"083812","status":"A","lat":"3319.620","lat_dir":"N","lon":"11839.144","lon_dir":"W","spd_over_grnd":"9.46","true_course":"279.704407","datestamp":"150708","mag_variation":"","mag_var_dir":""}
{"timestamp":"083814","status":"A","lat":"3319.621","lat_dir":"N","lon":"11839.149","lon_dir":"W","spd_over_grnd":"9.46","true_course":"279.231720","datestamp":"150708","mag_variation":"","mag_var_dir":""}
{"timestamp":"083815","status":"A","lat":"3319.622","lat_dir":"N","lon":"11839.154","lon_dir":"W","spd_over_grnd":"9.46","true_course":"278.370422","datestamp":"150708","mag_variation":"","mag_var_dir":""}
{"timestamp":"083817","status":"A","lat":"3319.622","lat_dir":"N","lon":"11839.158","lon_dir":"W","spd_over_grnd":"9.46","true_course":"278.533752","datestamp":"150708","mag_variation":"","mag_var_dir":""}
{"timestamp":"083818","status":"A","lat":"3319.623","lat_dir":"N","lon":"11839.164","lon_dir":"W","spd_over_grnd":"9.46","true_course":"279.750488","datestamp":"150708","mag_variation":"","mag_var_dir":""}
{"timestamp":"083820","status":"A","lat":"3319.624","lat_dir":"N","lon":"11839.169","lon_dir":"W","spd_over_grnd":"9.46","true_course":"280.698547","datestamp":"150708","mag_variation":"","mag_var_dir":""}
{"timestamp":"083821","status":"A","lat":"3319.625","lat_dir":"N","lon":"11839.173","lon_dir":"W","spd_over_grnd":"9.46","true_course":"280.467407","datestamp":"150708","mag_variation":"","mag_var_dir":""}
{"timestamp":"083823","status":"A","lat":"3319.625","lat_dir":"N","lon":"11839.178","lon_dir":"W","spd_over_grnd":"9.46","true_course":"279.456696","datestamp":"150708","mag_variation":"","mag_var_dir":""}
{"timestamp":"083824","status":"A","lat":"3319.626","lat_dir":"N","lon":"11839.183","lon_dir":"W","spd_over_grnd":"9.46","true_course":"279.425354","datestamp":"150708","mag_variation":"","mag_var_dir":""}
{"timestamp":"083826","status":"A","lat":"3319.627","lat_dir":"N","lon":"11839.188","lon_dir":"W","spd_over_grnd":"9.46","true_course":"280.561035","datestamp":"150708","mag_variation":"","mag_var_dir":""}
{"timestamp":"083828","status":"A","lat":"3319.628","lat_dir":"N","lon":"11839.193","lon_dir":"W","spd_over_grnd":"9.46","true_course":"281.747253","datestamp":"150708","mag_variation":"","mag_var_dir":""}
{"timestamp":"083829","status":"A","lat":"3319.628","lat_dir":"N","lon":"11839.197","lon_dir":"W","spd_over_grnd":"9.46","true_course":"281.666931","datestamp":"150708","mag_variation":"","mag_var_dir":""}
{"timestamp":"083831","status":"A","lat":"3319.629","lat_dir":"N","lon":"11839.202","lon_dir":"W","spd_over_grnd":"9.46","true_course":"280.703430","datestamp":"150708","mag_variation":"","mag_var_dir":""}
{"timestamp":"083832","status":"A","lat":"3319.630","lat_dir":"N","lon":"11839.207","lon_dir":"W","spd_over_grnd":"9.46","true_course":"280.476410","datestamp":"150708","mag_variation":"","mag_var_dir":""}
{"timestamp":"083834","status":"A","lat":"3319.631","lat_dir":"N","lon":"11839.212","lon_dir":"W","spd_over_grnd":"9.46","true_course":"281.445618","datestamp":"150708","mag_variation":"","mag_var_dir":""}
{"timestamp":"083835","status":"A","lat":"3319.632","lat_dir":"N","lon":"11839.217","lon_dir":"W","spd_over_grnd":"9.46","true_course":"282.761841","datestamp":"150708","mag_variation":"","mag_var_dir":""}
{"timestamp":"083837","status":"A","lat":"3319.633","lat_dir":"N","lon":"11839.222","lon_dir":"W","spd_over_grnd":"9.46","true_course":"282.906677","datestamp":"150708","mag_variation":"","mag_var_dir":""}
{"timestamp":"083838","status":"A","lat":"3319.633","lat_dir":"N","lon":"11839.227","lon_dir":"W","spd_over_grnd":"9.46","true_course":"282.117126","datestamp":"150708","mag_variation":"","mag_var_dir":""}
{"timestamp":"083840","status":"A","lat":"3319.634","lat_dir":"N","lon":"11839.232","lon_dir":"W","spd_over_grnd":"9.46","true_course":"281.666321","datestamp":"150708","mag_variation":"","mag_var_dir":""}
{"timestamp":"083841","status":"A","lat":"3319.635","lat_dir":"N","lon":"11839.237","lon_dir":"W","spd_over_grnd":"9.46","true_course":"282.492798","datestamp":"150708","mag_variation":"","mag_var_dir":""}
{"timestamp":"083843","status":"A","lat":"3319.636","lat_dir":"N","lon":"11839.241","lon_dir":"W","spd_over_grnd":"9.46","true_course":"283.777863","datestamp":"150708","mag_variation":"","mag_var_dir":""}
{"timestamp":"083845","status":"A","lat":"3319.637","lat_dir":"N","lon":"11839.246","lon_dir":"W","spd_over_grnd":"9.46","true_course":"284.191010","datestamp":"150708","mag_variation":"","mag_var_dir":""}
{"timestamp":"083846","status":"A","lat":"3319.638","lat_dir":"N","lon":"11839.251","lon_dir":"W","spd_over_grnd":"9.46","true_course":"283.411194","datestamp":"150708","mag_variation":"","mag_var_dir":""}
{"timestamp":"083848","status":"A","lat":"3319.639","lat_dir":"N","lon":"11839.256","lon_dir":"W","spd_over_grnd":"9.46","true_course":"282.757355","datestamp":"150708","mag_variation":"","mag_var_dir":""}
{"timestamp":"083849","status":"A","lat":"3319.640","lat_dir":"N","lon":"11839.261","lon_dir":"W","spd_over_grnd":"9.46","true_course":"283.366028","datestamp":"150708","mag_variation":"","mag_var_dir":""}
{"timestamp":"083851","status":"A","lat":"3319.641","lat_dir":"N","lon":"11839.266","lon_dir":"W","spd_over_grnd":"9.46","true_course":"284.737305","datestamp":"150708","mag_variation":"","mag_var_dir":""}
{"timestamp":"083852","status":"A","lat":"3319.642","lat_dir":"N","lon":"11839.270","lon_dir":"W","spd_over_grnd":"9.46","true_course":"285.455139","datestamp":"150708","mag_variation":"","mag_var_dir":""}
{"timestamp":"083854","status":"A","lat":"3319.643","lat_dir":"N","lon":"11839.275","lon_dir":"W","spd_over_grnd":"9.46","true_course":"284.695068","datestamp":"150708","mag_variation":"","mag_var_dir":""}
{"timestamp":"083855","status":"A","lat":"3319.644","lat_dir":"N","lon":"11839.280","lon_dir":"W","spd_over_grnd":"9.46","true_course":"283.961243","datestamp":"150708","mag_variation":"","mag_var_dir":""}
{"timestamp":"083857","status":"A","lat":"3319.645","lat_dir":"N","lon":"11839.285","lon_dir":"W","spd_over_grnd":"9.46","true_course":"284.291443","datestamp":"150708","mag_variation":"","mag_var_dir":""}
{"timestamp":"083858","status":"A","lat":"3319.646","lat_dir":"N","lon":"11839.289","lon_dir":"W","spd_over_grnd":"9.46","true_course":"285.439178","datestamp":"150708","mag_variation":"","mag_var_dir":""}
{"timestamp":"083900","status":"A","lat":"3319.647","lat_dir":"N","lon":"11839.294","lon_dir":"W","spd_over_grnd":"9.46","true_course":"286.363159","datestamp":"150708","mag_variation":"","mag_var_dir":""}
{"timestamp":"083902","status":"A","lat":"3319.649","lat_dir":"N","lon":"11839.299","lon_dir":"W","spd_over_grnd":"9.46","true_course":"285.924408","datestamp":"150708","mag_variation":"","mag_var_dir":""}
{"timestamp":"083903","status":"A","lat":"3319.650","lat_dir":"N","lon":"11839.304","lon_dir":"W","spd_over_grnd":"9.46","true_course":"285.019714","datestamp":"150708","mag_variation":"","mag_var_dir":""}
{"timestamp":"083905","status":"A","lat":"3319.651","lat_dir":"N","lon":"11839.309","lon_dir":"W","spd_over_grnd":"9.46","true_course":"285.145935","datestamp":"150708","mag_variation":"","mag_var_dir":""}
{"timestamp":"083906","status":"A","lat":"3319.652","lat_dir":"N","lon":"11839.314","lon_dir":"W","spd_over_grnd":"9.46","true_course":"286.524292","datestamp":"150708","mag_variation":"","mag_var_dir":""}
{"timestamp":"083908","status":"A","lat":"3319.653","lat_dir":"N","lon":"11839.318","lon_dir":"W","spd_over_grnd":"9.46","true_course":"287.594025","datestamp":"150708","mag_variation":"","mag_var_dir":""}
{"timestamp":"083909","status":"A","lat":"3319.654","lat_dir":"N","lon":"11839.323","lon_dir":"W","spd_over_grnd":"9.46","true_course":"287.356781","datestamp":"150708","mag_variation":"","mag_var_dir":""}
{"timestamp":"083911","status":"A","lat":"3319.655","lat_dir":"N","lon":"11839.328","lon_dir":"W","spd_over_grnd":"9.46","true_course":"286.527771","datestamp":"150708","mag_variation":"","mag_var_dir":""}
{"timestamp":"083913","status":"A","lat":"3319.657","lat_dir":"N","lon":"11839.333","lon_dir":"W","spd_over_grnd":"9.46","true_course":"286.612091","datestamp":"150708","mag_variation":"","mag_var_dir":""}
{"timestamp":"083914","status":"A","lat":"3319.658","lat_dir":"N","lon":"11839.337","lon_dir":"W","spd_over_grnd":"9.46","true_course":"287.678558","datestamp":"150708","mag_variation":"","mag_var_dir":""}
{"timestamp":"083916","status":"A","lat":"3319.659","lat_dir":"N","lon":"11839.342","lon_dir":"W","spd_over_grnd":"9.46","true_course":"288.840149","datestamp":"150708","mag_variation":"","mag_var_dir":""}
{"timestamp":"083917","status":"A","lat":"3319.661","lat_dir":"N","lon":"11839.347","lon_dir":"W","spd_over_grnd":"9.46","true_course":"288.631317","datestamp":"150708","mag_variation":"","mag_var_dir":""}
{"timestamp":"083919","status":"A","lat":"3319.662","lat_dir":"N","lon":"11839.351","lon_dir":"W","spd_over_grnd":"9.46","true_course":"287.756561","datestamp":"150708","mag_variation":"","mag_var_dir":""}
{"timestamp":"083920","status":"A","lat":"3319.663","lat_dir":"N","lon":"11839.356","lon_dir":"W","spd_over_grnd":"9.46","true_course":"287.688110","datestamp":"150708","mag_variation":"","mag_var_dir":""}
{"timestamp":"083922","status":"A","lat":"3319.664","lat_dir":"N","lon":"11839.361","lon_dir":"W","spd_over_grnd":"9.46","true_course":"288.844421","datestamp":"150708","mag_variation":"","mag_var_dir":""}
{"timestamp":"083924","status":"A","lat":"3319.666","lat_dir":"N","lon":"11839.365","lon_dir":"W","spd_over_grnd":"9.46","true_course":"290.040222","datestamp":"150708","mag_variation":"","mag_var_dir":""}
{"timestamp":"083925","status":"A","lat":"3319.667","lat_dir":"N","lon":"11839.370","lon_dir":"W","spd_over_grnd":"9.46","true_course":"289.942749","datestamp":"150708","mag_variation":"","mag_var_dir":""}
{"timestamp":"083927","status":"A","lat":"3319.669","lat_dir":"N","lon":"11839.375","lon_dir":"W","spd_over_grnd":"9.46","true_course":"289.039886","datestamp":"150708","mag_variation":"","mag_var_dir":""}
{"timestamp":"083928","status":"A","lat":"3319.670","lat_dir":"N","lon":"11839.380","lon_dir":"W","spd_over_grnd":"9.46","true_course":"288.945496","datestamp":"150708","mag_variation":"","mag_var_dir":""}
{"timestamp":"083930","status":"A","lat":"3319.671","lat_dir":"N","lon":"11839.384","lon_dir":"W","spd_over_grnd":"9.46","true_course":"289.889404","datestamp":"150708","mag_variation":"","mag_var_dir":""}
{"timestamp":"083931","status":"A","lat":"3319.673","lat_dir":"N","lon":"11839.389","lon_dir":"W","spd_over_grnd":"9.46","true_course":"291.103851","datestamp":"150708","mag_variation":"","mag_var_dir":""}
{"timestamp":"083933","status":"A","lat":"3319.674","lat_dir":"N","lon":"11839.393","lon_dir":"W","spd_over_grnd":"9.46","true_course":"291.143494","datestamp":"150708","mag_variation":"","mag_var_dir":""}
{"timestamp":"083935","status":"A","lat":"3319.676","lat_dir":"N","lon":"11839.398","lon_dir":"W","spd_over_grnd":"9.46","true_course":"290.208679","datestamp":"150708","mag_variation":"","mag_var_dir":""}
{"timestamp":"083936","status":"A","lat":"3319.677","lat_dir":"N","lon":"11839.402","lon_dir":"W","spd_over_grnd":"9.46","true_course":"289.906372","datestamp":"150708","mag_variation":"","mag_var_dir":""}
{"timestamp":"083938","status":"A","lat":"3319.679","lat_dir":"N","lon":"11839.407","lon_dir":"W","spd_over_grnd":"9.46","true_course":"290.738831","datestamp":"150708","mag_variation":"","mag_var_dir":""}
{"timestamp":"083939","status":"A","lat":"3319.680","lat_dir":"N","lon":"11839.411","lon_dir":"W","spd_over_grnd":"9.46","true_course":"291.878876","datestamp":"150708","mag_variation":"","mag_var_dir":""}
{"timestamp":"083941","status":"A","lat":"3319.682","lat_dir":"N","lon":"11839.416","lon_dir":"W","spd_over_grnd":"9.46","true_course":"292.096985","datestamp":"150708","mag_variation":"","mag_var_dir":""}
{"timestamp":"083942","status":"A","lat":"3319.683","lat_dir":"N","lon":"11839.420","lon_dir":"W","spd_over_grnd":"9.46","true_course":"291.360474","datestamp":"150708","mag_variation":"","mag_var_dir":""}
{"timestamp":"083944","status":"A","lat":"3319.685","lat_dir":"N","lon":"11839.425","lon_dir":"W","spd_over_grnd":"9.46","true_course":"290.890686","datestamp":"150708","mag_variation":"","mag_var_dir":""}
{"timestamp":"083945","status":"A","lat":"3319.686","lat_dir":"N","lon":"11839.429","lon_dir":"W","spd_over_grnd":"9.46","true_course":"291.667419","datestamp":"150708","mag_variation":"","mag_var_dir":""}
{"timestamp":"083947","status":"A","lat":"3319.688","lat_dir":"N","lon":"11839.434","lon_dir":"W","spd_over_grnd":"9.46","true_course":"292.928467","datestamp":"150708","mag_variation":"","mag_var_dir":""}
{"timestamp":"083949","status":"A","lat":"3319.689","lat_dir":"N","lon":"11839.438","lon_dir":"W","spd_over_grnd":"9.46","true_course":"293.338837","datestamp":"150708","mag_variation":"","mag_var_dir":""}
{"timestamp":"083950","status":"A","lat":"3319.691","lat_dir":"N","lon":"11839.443","lon_dir":"W","spd_over_grnd":"9.46","true_course":"292.645325","datestamp":"150708","mag_variation":"","mag_var_dir":""}
{"timestamp":"083952","status":"A","lat":"3319.692","lat_dir":"N","lon":"11839.447","lon_dir":"W","spd_over_grnd":"9.46","true_course":"292.060699","datestamp":"150708","mag_variation":"","mag_var_dir":""}
{"timestamp":"083953","status":"A","lat":"3319.694","lat_dir":"N","lon":"11839.452","lon_dir":"W","spd_over_grnd":"9.46","true_course":"292.819580","datestamp":"150708","mag_variation":"","mag_var_dir":""}
{"timestamp":"083955","status":"A","lat":"3319.696","lat_dir":"N","lon":"11839.456","lon_dir":"W","spd_over_grnd":"9.46","true_course":"294.076569","datestamp":"150708","mag_variation":"","mag_var_dir":""}
{"timestamp":"083957","status":"A","lat":"3319.697","lat_dir":"N","lon":"11839.461","lon_dir":"W","spd_over_grnd":"9.46","true_course":"294.498688","datestamp":"150708","mag_variation":"","mag_var_dir":""}
{"timestamp":"083958","status":"A","lat":"3319.699","lat_dir":"N","lon":"11839.466","lon_dir":"W","spd_over_grnd":"9.46","true_course":"293.728821","datestamp":"150708","mag_variation":"","mag_var_dir":""}
{"timestamp":"084000","status":"A","lat":"3319.701","lat_dir":"N","lon":"11839.470","lon_dir":"W","spd_over_grnd":"9.46","true_course":"293.211884","datestamp":"150708","mag_variation":"","mag_var_dir":""}
{"timestamp":"084001","status":"A","lat":"3319.702","lat_dir":"N","lon":"11839.475","lon_dir":"W","spd_over_grnd":"9.46","true_course":"293.949036","datestamp":"150708","mag_variation":"","mag_var_dir":""}
{"timestamp":"084003","status":"A","lat":"3319.704","lat_dir":"N","lon":"11839.479","lon_dir":"W","spd_over_grnd":"9.46","true_course":"295.264099","datestamp":"150708","mag_variation":"","mag_var_dir":""}
{"timestamp":"084004","status":"A","lat":"3319.706","lat_dir":"N","lon":"11839.483","lon_dir":"W","spd_over_grnd":"9.46","true_course":"295.698029","datestamp":"150708","mag_variation":"","mag_var_dir":""}
{"timestamp":"084006","status":"A","lat":"3319.708","lat_dir":"N","lon":"11839.488","lon_dir":"W","spd_over_grnd":"9.46","true_course":"294.934357","datestamp":"150708","mag_variation":"","mag_var_dir":""}
{"timestamp":"084008","status":"A","lat":"3319.709","lat_dir":"N","lon":"11839.493","lon_dir":"W","spd_over_grnd":"9.46","true_course":"294.255219","datestamp":"150708","mag_variation":"","mag_var_dir":""}
{"timestamp":"084009","status":"A","lat":"3319.711","lat_dir":"N","lon":"11839.497","lon_dir":"W","spd_over_grnd":"9.46","true_course":"294.864319","datestamp":"150708","mag_variation":"","mag_var_dir":""}
{"timestamp":"084011","status":"A","lat":"3319.713","lat_dir":"N","lon":"11839.502","lon_dir":"W","spd_over_grnd":"9.46","true_course":"296.124817","datestamp":"150708","mag_variation":"","mag_var_dir":""}
{"timestamp":"084012","status":"A","lat":"3319.715","lat_dir":"N","lon":"11839.506","lon_dir":"W","spd_over_grnd":"9.46","true_course":"296.833221","datestamp":"150708","mag_variation":"","mag_var_dir":""}
{"timestamp":"084014","status":"A","lat":"3319.717","lat_dir":"N","lon":"11839.510","lon_dir":"W","spd_over_grnd":"9.46","true_course":"296.267242","datestamp":"150708","mag_variation":"","mag_var_dir":""}
{"timestamp":"084015","status":"A","lat":"3319.718","lat_dir":"N","lon":"11839.515","lon_dir":"W","spd_over_grnd":"9.46","true_course":"295.569763","datestamp":"150708","mag_variation":"","mag_var_dir":""}
{"timestamp":"084017","status":"A","lat":"3319.720","lat_dir":"N","lon":"11839.520","lon_dir":"W","spd_over_grnd":"9.46","true_course":"296.007782","datestamp":"150708","mag_variation":"","mag_var_dir":""}
{"timestamp":"084019","status":"A","lat":"3319.722","lat_dir":"N","lon":"11839.524","lon_dir":"W","spd_over_grnd":"9.46","true_course":"297.260132","datestamp":"150708","mag_variation":"","mag_var_dir":""}
{"timestamp":"084020","status":"A","lat":"3319.724","lat_dir":"N","lon":"11839.528","lon_dir":"W","spd_over_grnd":"9.46","true_course":"297.932983","datestamp":"150708","mag_variation":"","mag_var_dir":""}
{"timestamp":"084022","status":"A","lat":"3319.726","lat_dir":"N","lon":"11839.533","lon_dir":"W","spd_over_grnd":"9.46","true_course":"297.126007","datestamp":"150708","mag_variation":"","mag_var_dir":""}
{"timestamp":"084023","status":"A","lat":"3319.728","lat_dir":"N","lon":"11839.538","lon_dir":"W","spd_over_grnd":"9.46","true_course":"296.389648","datestamp":"150708","mag_variation":"","mag_var_dir":""}
{"timestamp":"084025","status":"A","lat":"3319.730","lat_dir":"N","lon":"11839.542","lon_dir":"W","spd_over_grnd":"9.46","true_course":"296.816803","datestamp":"150708","mag_variation":"","mag_var_dir":""}
{"timestamp":"084027","status":"A","lat":"3319.731","lat_dir":"N","lon":"11839.546","lon_dir":"W","spd_over_grnd":"9.46","true_course":"298.022156","datestamp":"150708","mag_variation":"","mag_var_dir":""}
{"timestamp":"084028","status":"A","lat":"3319.734","lat_dir":"N","lon":"11839.550","lon_dir":"W","spd_over_grnd":"9.46","true_course":"298.703278","datestamp":"150708","mag_variation":"","mag_var_dir":""}
{"timestamp":"084030","status":"A","lat":"3319.736","lat_dir":"N","lon":"11839.555","lon_dir":"W","spd_over_grnd":"9.46","true_course":"298.073425","datestamp":"150708","mag_variation":"","mag_var_dir":""}
{"timestamp":"084031","status":"A","lat":"3319.737","lat_dir":"N","lon":"11839.559","lon_dir":"W","spd_over_grnd":"9.46","true_course":"297.253174","datestamp":"150708","mag_variation":"","mag_var_dir":""}
{"timestamp":"084033","status":"A","lat":"3319.739","lat_dir":"N","lon":"11839.564","lon_dir":"W","spd_over_grnd":"9.46","true_course":"297.638672","datestamp":"150708","mag_variation":"","mag_var_dir":""}
{"timestamp":"084034","status":"A","lat":"3319.741","lat_dir":"N","lon":"11839.568","lon_dir":"W","spd_over_grnd":"9.46","true_course":"298.846710","datestamp":"150708","mag_variation":"","mag_var_dir":""}
{"timestamp":"084036","status":"A","lat":"3319.743","lat_dir":"N","lon":"11839.572","lon_dir":"W","spd_over_grnd":"9.46","true_course":"299.704590","datestamp":"150708","mag_variation":"","mag_var_dir":""}
{"timestamp":"084038","status":"A","lat":"3319.745","lat_dir":"N","lon":"11839.576","lon_dir":"W","spd_over_grnd":"9.46","true_course":"299.239990","datestamp":"150708","mag_variation":"","mag_var_dir":""}
{"timestamp":"084039","status":"A","lat":"3319.747","lat_dir":"N","lon":"11839.581","lon_dir":"W","spd_over_grnd":"9.46","true_course":"298.415771","datestamp":"150708","mag_variation":"","mag_var_dir":""}
{"timestamp":"084041","status":"A","lat":"3319.749","lat_dir":"N","lon":"11839.585","lon_dir":"W","spd_over_grnd":"9.46","true_course":"298.683716","datestamp":"150708","mag_variation":"","mag_var_dir":""}
{"timestamp":"084042","status":"A","lat":"3319.751","lat_dir":"N","lon":"11839.590","lon_dir":"W","spd_over_grnd":"9.46","true_course":"299.894073","datestamp":"150708","mag_variation":"","mag_var_dir":""}
{"timestamp":"084044","status":"A","lat":"3319.753","lat_dir":"N","lon":"11839.594","lon_dir":"W","spd_over_grnd":"9.46","true_course":"300.912781","datestamp":"150708","mag_variation":"","mag_var_dir":""}
{"timestamp":"084046","status":"A","lat":"3319.755","lat_dir":"N","lon":"11839.598","lon_dir":"W","spd_over_grnd":"9.46","true_course":"300.427826","datestamp":"150708","mag_variation":"","mag_var_dir":""}
{"timestamp":"084047","status":"A","lat":"3319.758","lat_dir":"N","lon":"11839.603","lon_dir":"W","spd_over_grnd":"9.46","true_course":"299.452209","datestamp":"150708","mag_variation":"","mag_var_dir":""}
{"timestamp":"084049","status":"A","lat":"3319.760","lat_dir":"N","lon":"11839.607","lon_dir":"W","spd_over_grnd":"9.46","true_course":"299.549744","datestamp":"150708","mag_variation":"","mag_var_dir":""}
{"timestamp":"084050","status":"A","lat":"3319.762","lat_dir":"N","lon":"11839.611","lon_dir":"W","spd_over_grnd":"9.46","true_course":"300.922028","datestamp":"150708","mag_variation":"","mag_var_dir":""}
{"timestamp":"084052","status":"A","lat":"3319.764","lat_dir":"N","lon":"11839.615","lon_dir":"W","spd_over_grnd":"9.46","true_course":"301.878815","datestamp":"150708","mag_variation":"","mag_var_dir":""}
{"timestamp":"084054","status":"A","lat":"3319.766","lat_dir":"N","lon":"11839.619","lon_dir":"W","spd_over_grnd":"9.46","true_course":"301.525513","datestamp":"150708","mag_variation":"","mag_var_dir":""}
{"timestamp":"084055","status":"A","lat":"3319.768","lat_dir":"N","lon":"11839.624","lon_dir":"W","spd_over_grnd":"9.46","true_course":"300.683472","datestamp":"150708","mag_variation":"","mag_var_dir":""}
{"timestamp":"084057","status":"A","lat":"3319.770","lat_dir":"N","lon":"11839.628","lon_dir":"W","spd_over_grnd":"9.46","true_course":"300.815674","datestamp":"150708","mag_variation":"","mag_var_dir":""}
{"timestamp":"084058","status":"A","lat":"3319.773","lat_dir":"N","lon":"11839.632","lon_dir":"W","spd_over_grnd":"9.46","true_course":"302.111450","datestamp":"150708","mag_variation":"","mag_var_dir":""}
{"timestamp":"084100","status":"A","lat":"3319.775","lat_dir":"N","lon":"11839.636","lon_dir":"W","spd_over_grnd":"9.46","true_course":"303.040344","datestamp":"150708","mag_variation":"","mag_var_dir":""}
{"timestamp":"084101","status":"A","lat":"3319.777","lat_dir":"N","lon":"11839.641","lon_dir":"W","spd_over_grnd":"9.46","true_course":"302.641785","datestamp":"150708","mag_variation":"","mag_var_dir":""}
{"timestamp":"084103","status":"A","lat":"3319.780","lat_dir":"N","lon":"11839.645","lon_dir":"W","spd_over_grnd":"9.46","true_course":"301.752838","datestamp":"150708","mag_variation":"","mag_var_dir":""}
{"timestamp":"084105","status":"A","lat":"3319.782","lat_dir":"N","lon":"11839.649","lon_dir":"W","spd_over_grnd":"9.46","true_course":"301.868530","datestamp":"150708","mag_variation":"","mag_var_dir":""}
{"timestamp":"084106","status":"A","lat":"3319.784","lat_dir":"N","lon":"11839.653","lon_dir":"W","spd_over_grnd":"9.46","true_course":"303.156006","datestamp":"150708","mag_variation":"","mag_var_dir":""}
{"timestamp":"084108","status":"A","lat":"3319.786","lat_dir":"N","lon":"11839.657","lon_dir":"W","spd_over_grnd":"9.46","true_course":"304.145935","datestamp":"150708","mag_variation":"","mag_var_dir":""}
{"timestamp":"084109","status":"A","lat":"3319.788","lat_dir":"N","lon":"11839.662","lon_dir":"W","spd_over_grnd":"9.46","true_course":"303.806152","datestamp":"150708","mag_variation":"","mag_var_dir":""}
{"timestamp":"084111","status":"A","lat":"3319.791","lat_dir":"N","lon":"11839.666","lon_dir":"W","spd_over_grnd":"9.46","true_course":"302.947418","datestamp":"150708","mag_variation":"","mag_var_dir":""}
{"timestamp":"084113","status":"A","lat":"3319.793","lat_dir":"N","lon":"11839.670","lon_dir":"W","spd_over_grnd":"9.46","true_course":"303.068420","datestamp":"150708","mag_variation":"","mag_var_dir":""}
{"timestamp":"084114","status":"A","lat":"3319.795","lat_dir":"N","lon":"11839.674","lon_dir":"W","spd_over_grnd":"9.46","true_course":"304.238098","datestamp":"150708","mag_variation":"","mag_var_dir":""}
{"timestamp":"084116","status":"A","lat":"3319.798","lat_dir":"N","lon":"11839.678","lon_dir":"W","spd_over_grnd":"9.46","true_course":"305.176849","datestamp":"150708","mag_variation":"","mag_var_dir":""}
{"timestamp":"084117","status":"A","lat":"3319.800","lat_dir":"N","lon":"11839.682","lon_dir":"W","spd_over_grnd":"9.46","true_course":"304.897705","datestamp":"150708","mag_variation":"","mag_var_dir":""}
{"timestamp":"084119","status":"A","lat":"3319.802","lat_dir":"N","lon":"11839.686","lon_dir":"W","spd_over_grnd":"9.46","true_course":"304.005524","datestamp":"150708","mag_variation":"","mag_var_dir":""}
{"timestamp":"084121","status":"A","lat":"3319.805","lat_dir":"N","lon":"11839.690","lon_dir":"W","spd_over_grnd":"9.46","true_course":"304.085876","datestamp":"150708","mag_variation":"","mag_var_dir":""}
{"timestamp":"084122","status":"A","lat":"3319.807","lat_dir":"N","lon":"11839.695","lon_dir":"W","spd_over_grnd":"9.46","true_course":"305.219482","datestamp":"150708","mag_variation":"","mag_var_dir":""}
{"timestamp":"084124","status":"A","lat":"3319.809","lat_dir":"N","lon":"11839.699","lon_dir":"W","spd_over_grnd":"9.46","true_course":"306.182251","datestamp":"150708","mag_variation":"","mag_var_dir":""}
{"timestamp":"084125","status":"A","lat":"3319.812","lat_dir":"N","lon":"11839.702","lon_dir":"W","spd_over_grnd":"9.46","true_course":"306.000458","datestamp":"150708","mag_variation":"","mag_var_dir":""}
{"timestamp":"084127","status":"A","lat":"3319.814","lat_dir":"N","lon":"11839.706","lon_dir":"W","spd_over_grnd":"9.46","true_course":"305.135040","datestamp":"150708","mag_variation":"","mag_var_dir":""}
{"timestamp":"084129","status":"A","lat":"3319.817","lat_dir":"N","lon":"11839.711","lon_dir":"W","spd_over_grnd":"9.46","true_course":"305.275848","datestamp":"150708","mag_variation":"","mag_var_dir":""}
{"timestamp":"084130","status":"A","lat":"3319.819","lat_dir":"N","lon":"11839.715","lon_dir":"W","spd_over_grnd":"9.46","true_course":"306.444702","datestamp":"150708","mag_variation":"","mag_var_dir":""}
{"timestamp":"084132","status":"A","lat":"3319.822","lat_dir":"N","lon":"11839.719","lon_dir":"W","spd_over_grnd":"9.46","true_course":"307.315796","datestamp":"150708","mag_variation":"","mag_var_dir":""}
{"timestamp":"084133","status":"A","lat":"3319.824","lat_dir":"N","lon":"11839.722","lon_dir":"W","spd_over_grnd":"9.46","true_course":"307.043365","datestamp":"150708","mag_variation":"","mag_var_dir":""}
{"timestamp":"084135","status":"A","lat":"3319.827","lat_dir":"N","lon":"11839.727","lon_dir":"W","spd_over_grnd":"9.46","true_course":"306.149353","datestamp":"150708","mag_variation":"","mag_var_dir":""}
{"timestamp":"084137","status":"A","lat":"3319.829","lat_dir":"N","lon":"11839.730","lon_dir":"W","spd_over_grnd":"9.46","true_course":"306.204041","datestamp":"150708","mag_variation":"","mag_var_dir":""}
{"timestamp":"084138","status":"A","lat":"3319.832","lat_dir":"N","lon":"11839.734","lon_dir":"W","spd_over_grnd":"9.46","true_course":"307.530640","datestamp":"150708","mag_variation":"","mag_var_dir":""}
{"timestamp":"084140","status":"A","lat":"3319.834","lat_dir":"N","lon":"11839.738","lon_dir":"W","spd_over_grnd":"9.46","true_course":"308.622253","datestamp":"150708","mag_variation":"","mag_var_dir":""}
{"timestamp":"084141","status":"A","lat":"3319.837","lat_dir":"N","lon":"11839.742","lon_dir":"W","spd_over_grnd":"9.46","true_course":"308.418671","datestamp":"150708","mag_variation":"","mag_var_dir":""}
