{"timestamp":"090438","status":"A","lat":"3320.378","lat_dir":"N","lon":"11838.388","lon_dir":"W","spd_over_grnd":"20.08","true_course":"183.128540","datestamp":"150708","mag_variation":"","mag_var_dir":""}
{"timestamp":"090439","status":"A","lat":"3320.369","lat_dir":"N","lon":"11838.389","lon_dir":"W","spd_over_grnd":"20.08","true_course":"182.283234","datestamp":"150708","mag_variation":"","mag_var_dir":""}
{"timestamp":"090441","status":"A","lat":"3320.360","lat_dir":"N","lon":"11838.389","lon_dir":"W","spd_over_grnd":"20.08","true_course":"182.505753","datestamp":"150708","mag_variation":"","mag_var_dir":""}
{"timestamp":"090442","status":"A","lat":"3320.352","lat_dir":"N","lon":"11838.389","lon_dir":"W","spd_over_grnd":"20.08","true_course":"183.497559","datestamp":"150708","mag_variation":"","mag_var_dir":""}
{"timestamp":"090444","status":"A","lat":"3320.343","lat_dir":"N","lon":"11838.390","lon_dir":"W","spd_over_grnd":"20.08","true_course":"184.096725","datestamp":"150708","mag_variation":"","mag_var_dir":""}
{"timestamp":"090445","status":"A","lat":"3320.335","lat_dir":"N","lon":"11838.391","lon_dir":"W","spd_over_grnd":"20.08","true_course":"183.468430","datestamp":"150708","mag_variation":"","mag_var_dir":""}
{"timestamp":"090447","status":"A","lat":"3320.326","lat_dir":"N","lon":"11838.392","lon_dir":"W","spd_over_grnd":"20.08","true_course":"182.387039","datestamp":"150708","mag_variation":"","mag_var_dir":""}
{"timestamp":"090448","status":"A","lat":"3320.317","lat_dir":"N","lon":"11838.392","lon_dir":"W","spd_over_grnd":"20.08","true_course":"182.022156","datestamp":"150708","mag_variation":"","mag_var_dir":""}
{"timestamp":"090450","status":"A","lat":"3320.309","lat_dir":"N","lon":"11838.392","lon_dir":"W","spd_over_grnd":"20.08","true_course":"182.804260","datestamp":"150708","mag_variation":"","mag_var_dir":""}
{"timestamp":"090451","status":"A","lat":"3320.300","lat_dir":"N","lon":"11838.393","lon_dir":"W","spd_over_grnd":"20.08","true_course":"183.457794","datestamp":"150708","mag_variation":"","mag_var_dir":""}
{"timestamp":"090453","status":"A","lat":"3320.292","lat_dir":"N","lon":"11838.394","lon_dir":"W","spd_over_grnd":"20.08","true_course":"183.190338","datestamp":"150708","mag_variation":"","mag_var_dir":""}
{"timestamp":"090454","status":"A","lat":"3320.283","lat_dir":"N","lon":"11838.394","lon_dir":"W","spd_over_grnd":"20.08","true_course":"181.875198","datestamp":"150708","mag_variation":"","mag_var_dir":""}
{"timestamp":"090456","status":"A","lat":"3320.274","lat_dir":"N","lon":"11838.394","lon_dir":"W","spd_over_grnd":"20.08","true_course":"181.085785","datestamp":"150708","mag_variation":"","mag_var_dir":""}
{"timestamp":"090457","status":"A","lat":"3320.266","lat_dir":"N","lon":"11838.394","lon_dir":"W","spd_over_grnd":"20.08","true_course":"181.480164","datestamp":"150708","mag_variation":"","mag_var_dir":""}
{"timestamp":"090459","status":"A","lat":"3320.257","lat_dir":"N","lon":"11838.395","lon_dir":"W","spd_over_grnd":"20.08","true_course":"182.426163","datestamp":"150708","mag_variation":"","mag_var_dir":""}
{"timestamp":"090500","status":"A","lat":"3320.249","lat_dir":"N","lon":"11838.395","lon_dir":"W","spd_over_grnd":"20.08","true_course":"182.507416","datestamp":"150708","mag_variation":"","mag_var_dir":""}
{"timestamp":"090502","status":"A","lat":"3320.240","lat_dir":"N","lon":"11838.396","lon_dir":"W","spd_over_grnd":"20.08","true_course":"181.477768","datestamp":"150708","mag_variation":"","mag_var_dir":""}
{"timestamp":"090503","status":"A","lat":"3320.232","lat_dir":"N","lon":"11838.396","lon_dir":"W","spd_over_grnd":"20.08","true_course":"180.483398","datestamp":"150708","mag_variation":"","mag_var_dir":""}
{"timestamp":"090505","status":"A","lat":"3320.223","lat_dir":"N","lon":"11838.396","lon_dir":"W","spd_over_grnd":"20.08","true_course":"180.501633","datestamp":"150708","mag_variation":"","mag_var_dir":""}
{"timestamp":"090506","status":"A","lat":"3320.214","lat_dir":"N","lon":"11838.396","lon_dir":"W","spd_over_grnd":"20.08","true_course":"181.466263","datestamp":"150708","mag_variation":"","mag_var_dir":""}
{"timestamp":"090508","status":"A","lat":"3320.206","lat_dir":"N","lon":"11838.396","lon_dir":"W","spd_over_grnd":"20.08","true_course":"181.934753","datestamp":"150708","mag_variation":"","mag_var_dir":""}
{"timestamp":"090509","status":"A","lat":"3320.197","lat_dir":"N","lon":"11838.397","lon_dir":"W","spd_over_grnd":"20.08","true_course":"181.069885","datestamp":"150708","mag_variation":"","mag_var_dir":""}
{"timestamp":"090511","status":"A","lat":"3320.189","lat_dir":"N","lon":"11838.397","lon_dir":"W","spd_over_grnd":"20.08","true_course":"179.777802","datestamp":"150708","mag_variation":"","mag_var_dir":""}
{"timestamp":"090512","status":"A","lat":"3320.180","lat_dir":"N","lon":"11838.397","lon_dir":"W","spd_over_grnd":"20.08","true_course":"179.351120","datestamp":"150708","mag_variation":"","mag_var_dir":""}
{"timestamp":"090514","status":"A","lat":"3320.171","lat_dir":"N","lon":"11838.397","lon_dir":"W","spd_over_grnd":"20.08","true_course":"180.054626","datestamp":"150708","mag_variation":"","mag_var_dir":""}
{"timestamp":"090515","status":"A","lat":"3320.163","lat_dir":"N","lon":"11838.397","lon_dir":"W","spd_over_grnd":"20.08","true_course":"180.857651","datestamp":"150708","mag_variation":"","mag_var_dir":""}
{"timestamp":"090517","status":"A","lat":"3320.154","lat_dir":"N","lon":"11838.397","lon_dir":"W","spd_over_grnd":"20.08","true_course":"180.507614","datestamp":"150708","mag_variation":"","mag_var_dir":""}
{"timestamp":"090518","status":"A","lat":"3320.145","lat_dir":"N","lon":"11838.397","lon_dir":"W","spd_over_grnd":"20.08","true_course":"179.215652","datestamp":"150708","mag_variation":"","mag_var_dir":""}
{"timestamp":"090520","status":"A","lat":"3320.137","lat_dir":"N","lon":"11838.397","lon_dir":"W","spd_over_grnd":"20.08","true_course":"178.367249","datestamp":"150708","mag_variation":"","mag_var_dir":""}
{"timestamp":"090522","status":"A","lat":"3320.128","lat_dir":"N","lon":"11838.396","lon_dir":"W","spd_over_grnd":"20.08","true_course":"178.823776","datestamp":"150708","mag_variation":"","mag_var_dir":""}
{"timestamp":"090523","status":"A","lat":"3320.119","lat_dir":"N","lon":"11838.396","lon_dir":"W","spd_over_grnd":"20.08","true_course":"179.548904","datestamp":"150708","mag_variation":"","mag_var_dir":""}
{"timestamp":"090525","status":"A","lat":"3320.111","lat_dir":"N","lon":"11838.396","lon_dir":"W","spd_over_grnd":"20.08","true_course":"179.507416","datestamp":"150708","mag_variation":"","mag_var_dir":""}
{"timestamp":"090526","status":"A","lat":"3320.102","lat_dir":"N","lon":"11838.396","lon_dir":"W","spd_over_grnd":"20.08","true_course":"178.280090","datestamp":"150708","mag_variation":"","mag_var_dir":""}
{"timestamp":"090527","status":"A","lat":"3320.094","lat_dir":"N","lon":"11838.395","lon_dir":"W","spd_over_grnd":"20.08","true_course":"177.196182","datestamp":"150708","mag_variation":"","mag_var_dir":""}
{"timestamp":"090529","status":"A","lat":"3320.085","lat_dir":"N","lon":"11838.395","lon_dir":"W","spd_over_grnd":"20.08","true_course":"177.200165","datestamp":"150708","mag_variation":"","mag_var_dir":""}
{"timestamp":"090530","status":"A","lat":"3320.076","lat_dir":"N","lon":"11838.394","lon_dir":"W","spd_over_grnd":"20.08","true_course":"177.978867","datestamp":"150708","mag_variation":"","mag_var_dir":""}
{"timestamp":"090532","status":"A","lat":"3320.068","lat_dir":"N","lon":"11838.394","lon_dir":"W","spd_over_grnd":"20.08","true_course":"178.416077","datestamp":"150708","mag_variation":"","mag_var_dir":""}
{"timestamp":"090533","status":"A","lat":"3320.059","lat_dir":"N","lon":"11838.394","lon_dir":"W","spd_over_grnd":"20.08","true_course":"177.655396","datestamp":"150708","mag_variation":"","mag_var_dir":""}
{"timestamp":"090535","status":"A","lat":"3320.050","lat_dir":"N","lon":"11838.393","lon_dir":"W","spd_over_grnd":"20.08","true_course":"176.141327","datestamp":"150708","mag_variation":"","mag_var_dir":""}
{"timestamp":"090537","status":"A","lat":"3320.041","lat_dir":"N","lon":"11838.393","lon_dir":"W","spd_over_grnd":"20.08","true_course":"175.823654","datestamp":"150708","mag_variation":"","mag_var_dir":""}
{"timestamp":"090538","status":"A","lat":"3320.032","lat_dir":"N","lon":"11838.392","lon_dir":"W","spd_over_grnd":"20.08","true_course":"176.537155","datestamp":"150708","mag_variation":"","mag_var_dir":""}
{"timestamp":"090540","status":"A","lat":"3320.024","lat_dir":"N","lon":"11838.391","lon_dir":"W","spd_over_grnd":"20.08","true_course":"177.181274","datestamp":"150708","mag_variation":"","mag_var_dir":""}
{"timestamp":"090541","status":"A","lat":"3320.015","lat_dir":"N","lon":"11838.391","lon_dir":"W","spd_over_grnd":"20.08","true_course":"176.567123","datestamp":"150708","mag_variation":"","mag_var_dir":""}
{"timestamp":"090543","status":"A","lat":"3320.007","lat_dir":"N","lon":"11838.390","lon_dir":"W","spd_over_grnd":"20.08","true_course":"175.298965","datestamp":"150708","mag_variation":"","mag_var_dir":""}
{"timestamp":"090544","status":"A","lat":"3319.998","lat_dir":"N","lon":"11838.389","lon_dir":"W","spd_over_grnd":"20.08","true_course":"174.560730","datestamp":"150708","mag_variation":"","mag_var_dir":""}
{"timestamp":"090546","status":"A","lat":"3319.989","lat_dir":"N","lon":"11838.388","lon_dir":"W","spd_over_grnd":"20.08","true_course":"175.184143","datestamp":"150708","mag_variation":"","mag_var_dir":""}
{"timestamp":"090547","status":"A","lat":"3319.981","lat_dir":"N","lon":"11838.387","lon_dir":"W","spd_over_grnd":"20.08","true_course":"175.954285","datestamp":"150708","mag_variation":"","mag_var_dir":""}
{"timestamp":"090549","status":"A","lat":"3319.972","lat_dir":"N","lon":"11838.387","lon_dir":"W","spd_over_grnd":"20.08","true_course":"175.759506","datestamp":"150708","mag_variation":"","mag_var_dir":""}
{"timestamp":"090550","status":"A","lat":"3319.963","lat_dir":"N","lon":"11838.386","lon_dir":"W","spd_over_grnd":"20.08","true_course":"174.637512","datestamp":"150708","mag_variation":"","mag_var_dir":""}
{"timestamp":"090552","status":"A","lat":"3319.955","lat_dir":"N","lon":"11838.385","lon_dir":"W","spd_over_grnd":"20.08","true_course":"173.710602","datestamp":"150708","mag_variation":"","mag_var_dir":""}
{"timestamp":"090553","status":"A","lat":"3319.946","lat_dir":"N","lon":"11838.383","lon_dir":"W","spd_over_grnd":"20.08","true_course":"174.029663","datestamp":"150708","mag_variation":"","mag_var_dir":""}
{"timestamp":"090555","status":"A","lat":"3319.937","lat_dir":"N","lon":"11838.383","lon_dir":"W","spd_over_grnd":"20.08","true_course":"174.847992","datestamp":"150708","mag_variation":"","mag_var_dir":""}
{"timestamp":"090556","status":"A","lat":"3319.929","lat_dir":"N","lon":"11838.382","lon_dir":"W","spd_over_grnd":"20.08","true_course":"174.905136","datestamp":"150708","mag_variation":"","mag_var_dir":""}
{"timestamp":"090558","status":"A","lat":"3319.920","lat_dir":"N","lon":"11838.381","lon_dir":"W","spd_over_grnd":"20.08","true_course":"173.846786","datestamp":"150708","mag_variation":"","mag_var_dir":""}
{"timestamp":"090559","status":"A","lat":"3319.912","lat_dir":"N","lon":"11838.379","lon_dir":"W","spd_over_grnd":"20.08","true_course":"172.675034","datestamp":"150708","mag_variation":"","mag_var_dir":""}
{"timestamp":"090601","status":"A","lat":"3319.903","lat_dir":"N","lon":"11838.378","lon_dir":"W","spd_over_grnd":"20.08","true_course":"172.687515","datestamp":"150708","mag_variation":"","mag_var_dir":""}
{"timestamp":"090603","status":"A","lat":"3319.894","lat_dir":"N","lon":"11838.377","lon_dir":"W","spd_over_grnd":"20.08","true_course":"173.535370","datestamp":"150708","mag_variation":"","mag_var_dir":""}
{"timestamp":"090604","status":"A","lat":"3319.886","lat_dir":"N","lon":"11838.376","lon_dir":"W","spd_over_grnd":"20.08","true_course":"173.857376","datestamp":"150708","mag_variation":"","mag_var_dir":""}
{"timestamp":"090606","status":"A","lat":"3319.877","lat_dir":"N","lon":"11838.374","lon_dir":"W","spd_over_grnd":"20.08","true_course":"173.130524","datestamp":"150708","mag_variation":"","mag_var_dir":""}
{"timestamp":"090607","status":"A","lat":"3319.868","lat_dir":"N","lon":"11838.373","lon_dir":"W","spd_over_grnd":"20.08","true_course":"172.005325","datestamp":"150708","mag_variation":"","mag_var_dir":""}
{"timestamp":"090609","status":"A","lat":"3319.860","lat_dir":"N","lon":"11838.372","lon_dir":"W","spd_over_grnd":"20.08","true_course":"171.732925","datestamp":"150708","mag_variation":"","mag_var_dir":""}
{"timestamp":"090610","status":"A","lat":"3319.851","lat_dir":"N","lon":"11838.370","lon_dir":"W","spd_over_grnd":"20.08","true_course":"172.553833","datestamp":"150708","mag_variation":"","mag_var_dir":""}
{"timestamp":"090612","status":"A","lat":"3319.843","lat_dir":"N","lon":"11838.369","lon_dir":"W","spd_over_grnd":"20.08","true_course":"173.085327","datestamp":"150708","mag_variation":"","mag_var_dir":""}
{"timestamp":"090613","status":"A","lat":"3319.834","lat_dir":"N","lon":"11838.368","lon_dir":"W","spd_over_grnd":"20.08","true_course":"172.370499","datestamp":"150708","mag_variation":"","mag_var_dir":""}
{"timestamp":"090615","status":"A","lat":"3319.826","lat_dir":"N","lon":"11838.366","lon_dir":"W","spd_over_grnd":"20.08","true_course":"171.001678","datestamp":"150708","mag_variation":"","mag_var_dir":""}
{"timestamp":"090616","status":"A","lat":"3319.818","lat_dir":"N","lon":"11838.365","lon_dir":"W","spd_over_grnd":"20.08","true_course":"170.382843","datestamp":"150708","mag_variation":"","mag_var_dir":""}
{"timestamp":"090618","status":"A","lat":"3319.809","lat_dir":"N","lon":"11838.363","lon_dir":"W","spd_over_grnd":"20.08","true_course":"170.894485","datestamp":"150708","mag_variation":"","mag_var_dir":""}
{"timestamp":"090619","status":"A","lat":"3319.801","lat_dir":"N","lon":"11838.362","lon_dir":"W","spd_over_grnd":"20.08","true_course":"171.767090","datestamp":"150708","mag_variation":"","mag_var_dir":""}
{"timestamp":"090621","status":"A","lat":"3319.792","lat_dir":"N","lon":"11838.360","lon_dir":"W","spd_over_grnd":"20.08","true_course":"171.570114","datestamp":"150708","mag_variation":"","mag_var_dir":""}
{"timestamp":"090622","status":"A","lat":"3319.784","lat_dir":"N","lon":"11838.358","lon_dir":"W","spd_over_grnd":"20.08","true_course":"170.491928","datestamp":"150708","mag_variation":"","mag_var_dir":""}
{"timestamp":"090624","status":"A","lat":"3319.776","lat_dir":"N","lon":"11838.356","lon_dir":"W","spd_over_grnd":"20.08","true_course":"169.507294","datestamp":"150708","mag_variation":"","mag_var_dir":""}
{"timestamp":"090625","status":"A","lat":"3319.767","lat_dir":"N","lon":"11838.355","lon_dir":"W","spd_over_grnd":"20.08","true_course":"169.744919","datestamp":"150708","mag_variation":"","mag_var_dir":""}
{"timestamp":"090627","status":"A","lat":"3319.759","lat_dir":"N","lon":"11838.353","lon_dir":"W","spd_over_grnd":"20.08","true_course":"170.536148","datestamp":"150708","mag_variation":"","mag_var_dir":""}
{"timestamp":"090628","status":"A","lat":"3319.750","lat_dir":"N","lon":"11838.351","lon_dir":"W","spd_over_grnd":"20.08","true_course":"170.760773","datestamp":"150708","mag_variation":"","mag_var_dir":""}
{"timestamp":"090630","status":"A","lat":"3319.742","lat_dir":"N","lon":"11838.350","lon_dir":"W","spd_over_grnd":"20.08","true_course":"169.793457","datestamp":"150708","mag_variation":"","mag_var_dir":""}
{"timestamp":"090631","status":"A","lat":"3319.734","lat_dir":"N","lon":"11838.348","lon_dir":"W","spd_over_grnd":"20.08","true_course":"168.520508","datestamp":"150708","mag_variation":"","mag_var_dir":""}
{"timestamp":"090633","status":"A","lat":"3319.725","lat_dir":"N","lon":"11838.345","lon_dir":"W","spd_over_grnd":"20.08","true_course":"168.292160","datestamp":"150708","mag_variation":"","mag_var_dir":""}
{"timestamp":"090634","status":"A","lat":"3319.717","lat_dir":"N","lon":"11838.344","lon_dir":"W","spd_over_grnd":"20.08","true_course":"169.014572","datestamp":"150708","mag_variation":"","mag_var_dir":""}
{"timestamp":"090636","status":"A","lat":"3319.708","lat_dir":"N","lon":"11838.342","lon_dir":"W","spd_over_grnd":"20.08","true_course":"169.549728","datestamp":"150708","mag_variation":"","mag_var_dir":""}
{"timestamp":"090637","status":"A","lat":"3319.700","lat_dir":"N","lon":"11838.340","lon_dir":"W","spd_over_grnd":"20.08","true_course":"168.873215","datestamp":"150708","mag_variation":"","mag_var_dir":""}
{"timestamp":"090639","status":"A","lat":"3319.692","lat_dir":"N","lon":"11838.338","lon_dir":"W","spd_over_grnd":"20.08","true_course":"167.550598","datestamp":"150708","mag_variation":"","mag_var_dir":""}
{"timestamp":"090640","status":"A","lat":"3319.683","lat_dir":"N","lon":"11838.335","lon_dir":"W","spd_over_grnd":"20.08","true_course":"166.907883","datestamp":"150708","mag_variation":"","mag_var_dir":""}
{"timestamp":"090642","status":"A","lat":"3319.675","lat_dir":"N","lon":"11838.333","lon_dir":"W","spd_over_grnd":"20.08","true_course":"167.414307","datestamp":"150708","mag_variation":"","mag_var_dir":""}
{"timestamp":"090643","status":"A","lat":"3319.666","lat_dir":"N","lon":"11838.331","lon_dir":"W","spd_over_grnd":"20.08","true_course":"168.107666","datestamp":"150708","mag_variation":"","mag_var_dir":""}
{"timestamp":"090645","status":"A","lat":"3319.658","lat_dir":"N","lon":"11838.329","lon_dir":"W","spd_over_grnd":"20.08","true_course":"167.895782","datestamp":"150708","mag_variation":"","mag_var_dir":""}
{"timestamp":"090646","status":"A","lat":"3319.650","lat_dir":"N","lon":"11838.327","lon_dir":"W","spd_over_grnd":"20.08","true_course":"166.761749","datestamp":"150708","mag_variation":"","mag_var_dir":""}
{"timestamp":"090648","status":"A","lat":"3319.641","lat_dir":"N","lon":"11838.324","lon_dir":"W","spd_over_grnd":"20.08","true_course":"165.709900","datestamp":"150708","mag_variation":"","mag_var_dir":""}
{"timestamp":"090649","status":"A","lat":"3319.633","lat_dir":"N","lon":"11838.322","lon_dir":"W","spd_over_grnd":"20.08","true_course":"165.991531","datestamp":"150708","mag_variation":"","mag_var_dir":""}
{"timestamp":"090651","status":"A","lat":"3319.625","lat_dir":"N","lon":"11838.319","lon_dir":"W","spd_over_grnd":"20.08","true_course":"166.673599","datestamp":"150708","mag_variation":"","mag_var_dir":""}
{"timestamp":"090652","status":"A","lat":"3319.616","lat_dir":"N","lon":"11838.317","lon_dir":"W","spd_over_grnd":"20.08","true_course":"166.850525","datestamp":"150708","mag_variation":"","mag_var_dir":""}
{"timestamp":"090654","status":"A","lat":"3319.608","lat_dir":"N","lon":"11838.314","lon_dir":"W","spd_over_grnd":"20.08","true_course":"165.723434","datestamp":"150708","mag_variation":"","mag_var_dir":""}
{"timestamp":"090655","status":"A","lat":"3319.599","lat_dir":"N","lon":"11838.312","lon_dir":"W","spd_over_grnd":"20.08","true_course":"164.409836","datestamp":"150708","mag_variation":"","mag_var_dir":""}
{"timestamp":"090657","status":"A","lat":"3319.591","lat_dir":"N","lon":"11838.309","lon_dir":"W","spd_over_grnd":"20.08","true_course":"164.303970","datestamp":"150708","mag_variation":"","mag_var_dir":""}
{"timestamp":"090658","status":"A","lat":"3319.583","lat_dir":"N","lon":"11838.306","lon_dir":"W","spd_over_grnd":"20.08","true_course":"165.179489","datestamp":"150708","mag_variation":"","mag_var_dir":""}
{"timestamp":"090700","status":"A","lat":"3319.574","lat_dir":"N","lon":"11838.304","lon_dir":"W","spd_over_grnd":"20.08","true_course":"165.694977","datestamp":"150708","mag_variation":"","mag_var_dir":""}
{"timestamp":"090701","status":"A","lat":"3319.566","lat_dir":"N","lon":"11838.301","lon_dir":"W","spd_over_grnd":"20.08","true_course":"165.003113","datestamp":"150708","mag_variation":"","mag_var_dir":""}
{"timestamp":"090703","status":"A","lat":"3319.558","lat_dir":"N","lon":"11838.298","lon_dir":"W","spd_over_grnd":"20.08","true_course":"163.835526","datestamp":"150708","mag_variation":"","mag_var_dir":""}
{"timestamp":"090704","status":"A","lat":"3319.549","lat_dir":"N","lon":"11838.296","lon_dir":"W","spd_over_grnd":"20.08","true_course":"163.332703","datestamp":"150708","mag_variation":"","mag_var_dir":""}
{"timestamp":"090706","status":"A","lat":"3319.541","lat_dir":"N","lon":"11838.292","lon_dir":"W","spd_over_grnd":"20.08","true_course":"164.132599","datestamp":"150708","mag_variation":"","mag_var_dir":""}
{"timestamp":"090707","status":"A","lat":"3319.533","lat_dir":"N","lon":"11838.290","lon_dir":"W","spd_over_grnd":"20.08","true_course":"164.843094","datestamp":"150708","mag_variation":"","mag_var_dir":""}
{"timestamp":"090709","status":"A","lat":"3319.525","lat_dir":"N","lon":"11838.287","lon_dir":"W","spd_over_grnd":"20.08","true_course":"164.459915","datestamp":"150708","mag_variation":"","mag_var_dir":""}
{"timestamp":"090710","status":"A","lat":"3319.517","lat_dir":"N","lon":"11838.284","lon_dir":"W","spd_over_grnd":"20.08","true_course":"163.141815","datestamp":"150708","mag_variation":"","mag_var_dir":""}
{"timestamp":"090712","status":"A","lat":"3319.508","lat_dir":"N","lon":"11838.281","lon_dir":"W","spd_over_grnd":"20.08","true_course":"162.252869","datestamp":"150708","mag_variation":"","mag_var_dir":""}
{"timestamp":"090714","status":"A","lat":"3319.500","lat_dir":"N","lon":"11838.278","lon_dir":"W","spd_over_grnd":"20.08","true_course":"162.698029","datestamp":"150708","mag_variation":"","mag_var_dir":""}
{"timestamp":"090715","status":"A","lat":"3319.491","lat_dir":"N","lon":"11838.275","lon_dir":"W","spd_over_grnd":"20.08","true_course":"163.568497","datestamp":"150708","mag_variation":"","mag_var_dir":""}
{"timestamp":"090717","status":"A","lat":"3319.482","lat_dir":"N","lon":"11838.272","lon_dir":"W","spd_over_grnd":"20.08","true_course":"163.421219","datestamp":"150708","mag_variation":"","mag_var_dir":""}
{"timestamp":"090718","status":"A","lat":"3319.474","lat_dir":"N","lon":"11838.269","lon_dir":"W","spd_over_grnd":"20.08","true_course":"161.954742","datestamp":"150708","mag_variation":"","mag_var_dir":""}
{"timestamp":"090720","status":"A","lat":"3319.465","lat_dir":"N","lon":"11838.265","lon_dir":"W","spd_over_grnd":"20.08","true_course":"161.018265","datestamp":"150708","mag_variation":"","mag_var_dir":""}
{"timestamp":"090722","status":"A","lat":"3319.457","lat_dir":"N","lon":"11838.262","lon_dir":"W","spd_over_grnd":"20.08","true_course":"161.289124","datestamp":"150708","mag_variation":"","mag_var_dir":""}
{"timestamp":"090723","status":"A","lat":"3319.449","lat_dir":"N","lon":"11838.259","lon_dir":"W","spd_over_grnd":"20.08","true_course":"162.186691","datestamp":"150708","mag_variation":"","mag_var_dir":""}
{"timestamp":"090725","status":"A","lat":"3319.440","lat_dir":"N","lon":"11838.255","lon_dir":"W","spd_over_grnd":"20.08","true_course":"162.026031","datestamp":"150708","mag_variation":"","mag_var_dir":""}
{"timestamp":"090726","status":"A","lat":"3319.432","lat_dir":"N","lon":"11838.252","lon_dir":"W","spd_over_grnd":"20.08","true_course":"160.699280","datestamp":"150708","mag_variation":"","mag_var_dir":""}
{"timestamp":"090728","status":"A","lat":"3319.423","lat_dir":"N","lon":"11838.248","lon_dir":"W","spd_over_grnd":"20.08","true_course":"159.774994","datestamp":"150708","mag_variation":"","mag_var_dir":""}
{"timestamp":"090730","status":"A","lat":"3319.415","lat_dir":"N","lon":"11838.245","lon_dir":"W","spd_over_grnd":"20.08","true_course":"160.156204","datestamp":"150708","mag_variation":"","mag_var_dir":""}
{"timestamp":"090731","status":"A","lat":"3319.407","lat_dir":"N","lon":"11838.241","lon_dir":"W","spd_over_grnd":"20.08","true_course":"160.975464","datestamp":"150708","mag_variation":"","mag_var_dir":""}
{"timestamp":"090733","status":"A","lat":"3319.398","lat_dir":"N","lon":"11838.238","lon_dir":"W","spd_over_grnd":"20.08","true_course":"160.814056","datestamp":"150708","mag_variation":"","mag_var_dir":""}
{"timestamp":"090734","status":"A","lat":"3319.390","lat_dir":"N","lon":"11838.234","lon_dir":"W","spd_over_grnd":"20.08","true_course":"159.596481","datestamp":"150708","mag_variation":"","mag_var_dir":""}
{"timestamp":"090736","status":"A","lat":"3319.382","lat_dir":"N","lon":"11838.230","lon_dir":"W","spd_over_grnd":"20.08","true_course":"158.654068","datestamp":"150708","mag_variation":"","mag_var_dir":""}
{"timestamp":"090737","status":"A","lat":"3319.373","lat_dir":"N","lon":"11838.226","lon_dir":"W","spd_over_grnd":"20.08","true_course":"159.079544","datestamp":"150708","mag_variation":"","mag_var_dir":""}
{"timestamp":"090739","status":"A","lat":"3319.365","lat_dir":"N","lon":"11838.223","lon_dir":"W","spd_over_grnd":"20.08","true_course":"160.143936","datestamp":"150708","mag_variation":"","mag_var_dir":""}
{"timestamp":"090741","status":"A","lat":"3319.357","lat_dir":"N","lon":"11838.219","lon_dir":"W","spd_over_grnd":"20.08","true_course":"160.014023","datestamp":"150708","mag_variation":"","mag_var_dir":""}
{"timestamp":"090742","status":"A","lat":"3319.348","lat_dir":"N","lon":"11838.215","lon_dir":"W","spd_over_grnd":"20.08","true_course":"158.678162","datestamp":"150708","mag_variation":"","mag_var_dir":""}
{"timestamp":"090744","status":"A","lat":"3319.340","lat_dir":"N","lon":"11838.211","lon_dir":"W","spd_over_grnd":"20.08","true_course":"157.762894","datestamp":"150708","mag_variation":"","mag_var_dir":""}
{"timestamp":"090745","status":"A","lat":"3319.331","lat_dir":"N","lon":"11838.207","lon_dir":"W","spd_over_grnd":"20.08","true_course":"158.206512","datestamp":"150708","mag_variation":"","mag_var_dir":""}
{"timestamp":"090747","status":"A","lat":"3319.323","lat_dir":"N","lon":"11838.204","lon_dir":"W","spd_over_grnd":"20.08","true_course":"159.270462","datestamp":"150708","mag_variation":"","mag_var_dir":""}
{"timestamp":"090749","status":"A","lat":"3319.315","lat_dir":"N","lon":"11838.199","lon_dir":"W","spd_over_grnd":"20.08","true_course":"159.195206","datestamp":"150708","mag_variation":"","mag_var_dir":""}
{"timestamp":"090750","status":"A","lat":"3319.306","lat_dir":"N","lon":"11838.196","lon_dir":"W","spd_over_grnd":"20.08","true_course":"157.900803","datestamp":"150708","mag_variation":"","mag_var_dir":""}
{"timestamp":"090752","status":"A","lat":"3319.298","lat_dir":"N","lon":"11838.192","lon_dir":"W","spd_over_grnd":"20.08","true_course":"157.036392","datestamp":"150708","mag_variation":"","mag_var_dir":""}
{"timestamp":"090753","status":"A","lat":"3319.290","lat_dir":"N","lon":"11838.188","lon_dir":"W","spd_over_grnd":"20.08","true_course":"157.254395","datestamp":"150708","mag_variation":"","mag_var_dir":""}
{"timestamp":"090755","status":"A","lat":"3319.282","lat_dir":"N","lon":"11838.183","lon_dir":"W","spd_over_grnd":"20.08","true_course":"158.137436","datestamp":"150708","mag_variation":"","mag_var_dir":""}
{"timestamp":"090756","status":"A","lat":"3319.274","lat_dir":"N","lon":"11838.180","lon_dir":"W","spd_over_grnd":"20.08","true_course":"158.132675","datestamp":"150708","mag_variation":"","mag_var_dir":""}
{"timestamp":"090758","status":"A","lat":"3319.265","lat_dir":"N","lon":"11838.176","lon_dir":"W","spd_over_grnd":"20.08","true_course":"157.036346","datestamp":"150708","mag_variation":"","mag_var_dir":""}
{"timestamp":"090800","status":"A","lat":"3319.257","lat_dir":"N","lon":"11838.171","lon_dir":"W","spd_over_grnd":"20.08","true_course":"155.773132","datestamp":"150708","mag_variation":"","mag_var_dir":""}
{"timestamp":"090801","status":"A","lat":"3319.249","lat_dir":"N","lon":"11838.167","lon_dir":"W","spd_over_grnd":"20.08","true_course":"155.904419","datestamp":"150708","mag_variation":"","mag_var_dir":""}
{"timestamp":"090803","status":"A","lat":"3319.241","lat_dir":"N","lon":"11838.163","lon_dir":"W","spd_over_grnd":"20.08","true_course":"156.817535","datestamp":"150708","mag_variation":"","mag_var_dir":""}
{"timestamp":"090804","status":"A","lat":"3319.233","lat_dir":"N","lon":"11838.159","lon_dir":"W","spd_over_grnd":"20.08","true_course":"156.954041","datestamp":"150708","mag_variation":"","mag_var_dir":""}
{"timestamp":"090806","status":"A","lat":"3319.225","lat_dir":"N","lon":"11838.155","lon_dir":"W","spd_over_grnd":"20.08","true_course":"155.927002","datestamp":"150708","mag_variation":"","mag_var_dir":""}
{"timestamp":"090807","status":"A","lat":"3319.217","lat_dir":"N","lon":"11838.150","lon_dir":"W","spd_over_grnd":"20.08","true_course":"154.792511","datestamp":"150708","mag_variation":"","mag_var_dir":""}
{"timestamp":"090809","status":"A","lat":"3319.209","lat_dir":"N","lon":"11838.145","lon_dir":"W","spd_over_grnd":"20.08","true_course":"154.718933","datestamp":"150708","mag_variation":"","mag_var_dir":""}
{"timestamp":"090811","status":"A","lat":"3319.201","lat_dir":"N","lon":"11838.141","lon_dir":"W","spd_over_grnd":"20.08","true_course":"155.441513","datestamp":"150708","mag_variation":"","mag_var_dir":""}
{"timestamp":"090812","status":"A","lat":"3319.193","lat_dir":"N","lon":"11838.137","lon_dir":"W","spd_over_grnd":"20.08","true_course":"155.649643","datestamp":"150708","mag_variation":"","mag_var_dir":""}
{"timestamp":"090814","status":"A","lat":"3319.185","lat_dir":"N","lon":"11838.133","lon_dir":"W","spd_over_grnd":"20.08","true_course":"154.634537","datestamp":"150708","mag_variation":"","mag_var_dir":""}
{"timestamp":"090815","status":"A","lat":"3319.177","lat_dir":"N","lon":"11838.128","lon_dir":"W","spd_over_grnd":"20.08","true_course":"153.400040","datestamp":"150708","mag_variation":"","mag_var_dir":""}
{"timestamp":"090817","status":"A","lat":"3319.169","lat_dir":"N","lon":"11838.123","lon_dir":"W","spd_over_grnd":"20.08","true_course":"153.230927","datestamp":"150708","mag_variation":"","mag_var_dir":""}
{"timestamp":"090818","status":"A","lat":"3319.161","lat_dir":"N","lon":"11838.118","lon_dir":"W","spd_over_grnd":"20.08","true_course":"154.228546","datestamp":"150708","mag_variation":"","mag_var_dir":""}
{"timestamp":"090820","status":"A","lat":"3319.153","lat_dir":"N","lon":"11838.113","lon_dir":"W","spd_over_grnd":"20.08","true_course":"154.623535","datestamp":"150708","mag_variation":"","mag_var_dir":""}
{"timestamp":"090822","status":"A","lat":"3319.145","lat_dir":"N","lon":"11838.109","lon_dir":"W","spd_over_grnd":"20.08","true_course":"153.844299","datestamp":"150708","mag_variation":"","mag_var_dir":""}
{"timestamp":"090823","status":"A","lat":"3319.137","lat_dir":"N","lon":"11838.104","lon_dir":"W","spd_over_grnd":"20.08","true_course":"152.545349","datestamp":"150708","mag_variation":"","mag_var_dir":""}
{"timestamp":"090825","status":"A","lat":"3319.129","lat_dir":"N","lon":"11838.099","lon_dir":"W","spd_over_grnd":"20.08","true_course":"152.268509","datestamp":"150708","mag_variation":"","mag_var_dir":""}
{"timestamp":"090826","status":"A","lat":"3319.121","lat_dir":"N","lon":"11838.095","lon_dir":"W","spd_over_grnd":"20.08","true_course":"152.984894","datestamp":"150708","mag_variation":"","mag_var_dir":""}
{"timestamp":"090828","status":"A","lat":"3319.114","lat_dir":"N","lon":"11838.090","lon_dir":"W","spd_over_grnd":"20.08","true_course":"153.586655","datestamp":"150708","mag_variation":"","mag_var_dir":""}
{"timestamp":"090829","status":"A","lat":"3319.106","lat_dir":"N","lon":"11838.085","lon_dir":"W","spd_over_grnd":"20.08","true_course":"152.875793","datestamp":"150708","mag_variation":"","mag_var_dir":""}
{"timestamp":"090831","status":"A","lat":"3319.098","lat_dir":"N","lon":"11838.080","lon_dir":"W","spd_over_grnd":"20.08","true_course":"151.545364","datestamp":"150708","mag_variation":"","mag_var_dir":""}
{"timestamp":"090832","status":"A","lat":"3319.090","lat_dir":"N","lon":"11838.075","lon_dir":"W","spd_over_grnd":"20.08","true_course":"151.084564","datestamp":"150708","mag_variation":"","mag_var_dir":""}
{"timestamp":"090834","status":"A","lat":"3319.083","lat_dir":"N","lon":"11838.070","lon_dir":"W","spd_over_grnd":"20.08","true_course":"151.797913","datestamp":"150708","mag_variation":"","mag_var_dir":""}
{"timestamp":"090836","status":"A","lat":"3319.075","lat_dir":"N","lon":"11838.065","lon_dir":"W","spd_over_grnd":"20.08","true_course":"152.472504","datestamp":"150708","mag_variation":"","mag_var_dir":""}
{"timestamp":"090837","status":"A","lat":"3319.067","lat_dir":"N","lon":"11838.060","lon_dir":"W","spd_over_grnd":"20.08","true_course":"151.831238","datestamp":"150708","mag_variation":"","mag_var_dir":""}
{"timestamp":"090839","status":"A","lat":"3319.059","lat_dir":"N","lon":"11838.055","lon_dir":"W","spd_over_grnd":"20.08","true_course":"150.475601","datestamp":"150708","mag_variation":"","mag_var_dir":""}
{"timestamp":"090840","status":"A","lat":"3319.052","lat_dir":"N","lon":"11838.050","lon_dir":"W","spd_over_grnd":"20.08","true_course":"149.836899","datestamp":"150708","mag_variation":"","mag_var_dir":""}
{"timestamp":"090842","status":"A","lat":"3319.044","lat_dir":"N","lon":"11838.045","lon_dir":"W","spd_over_grnd":"20.08","true_course":"150.403702","datestamp":"150708","mag_variation":"","mag_var_dir":""}
{"timestamp":"090843","status":"A","lat":"3319.037","lat_dir":"N","lon":"11838.040","lon_dir":"W","spd_over_grnd":"20.08","true_course":"151.167480","datestamp":"150708","mag_variation":"","mag_var_dir":""}
{"timestamp":"090845","status":"A","lat":"3319.029","lat_dir":"N","lon":"11838.035","lon_dir":"W","spd_over_grnd":"20.08","true_course":"150.912704","datestamp":"150708","mag_variation":"","mag_var_dir":""}
{"timestamp":"090846","status":"A","lat":"3319.022","lat_dir":"N","lon":"11838.030","lon_dir":"W","spd_over_grnd":"20.08","true_course":"149.514328","datestamp":"150708","mag_variation":"","mag_var_dir":""}
{"timestamp":"090848","status":"A","lat":"3319.014","lat_dir":"N","lon":"11838.025","lon_dir":"W","spd_over_grnd":"20.08","true_course":"148.527786","datestamp":"150708","mag_variation":"","mag_var_dir":""}
{"timestamp":"090849","status":"A","lat":"3319.007","lat_dir":"N","lon":"11838.019","lon_dir":"W","spd_over_grnd":"20.08","true_course":"148.749619","datestamp":"150708","mag_variation":"","mag_var_dir":""}
{"timestamp":"090851","status":"A","lat":"3318.999","lat_dir":"N","lon":"11838.014","lon_dir":"W","spd_over_grnd":"20.08","true_course":"149.551010","datestamp":"150708","mag_variation":"","mag_var_dir":""}
