{"timestamp":"102439","status":"A","lat":"5001.830","lat_dir":"N","lon":"00954.853","lon_dir":"W","spd_over_grnd":"30.00","true_course":"322.319855","datestamp":"010115","mag_variation":"","mag_var_dir":""}
{"timestamp":"102440","status":"A","lat":"5001.841","lat_dir":"N","lon":"00954.866","lon_dir":"W","spd_over_grnd":"30.00","true_course":"321.858948","datestamp":"010115","mag_variation":"","mag_var_dir":""}
{"timestamp":"102442","status":"A","lat":"5001.851","lat_dir":"N","lon":"00954.878","lon_dir":"W","spd_over_grnd":"30.00","true_course":"322.661865","datestamp":"010115","mag_variation":"","mag_var_dir":""}
{"timestamp":"102444","status":"A","lat":"5001.861","lat_dir":"N","lon":"00954.891","lon_dir":"W","spd_over_grnd":"30.00","true_course":"323.539764","datestamp":"010115","mag_variation":"","mag_var_dir":""}
{"timestamp":"102445","status":"A","lat":"5001.872","lat_dir":"N","lon":"00954.903","lon_dir":"W","spd_over_grnd":"30.00","true_course":"323.322540","datestamp":"010115","mag_variation":"","mag_var_dir":""}
{"timestamp":"102447","status":"A","lat":"5001.883","lat_dir":"N","lon":"00954.915","lon_dir":"W","spd_over_grnd":"30.00","true_course":"322.266022","datestamp":"010115","mag_variation":"","mag_var_dir":""}
{"timestamp":"102448","status":"A","lat":"5001.893","lat_dir":"N","lon":"00954.928","lon_dir":"W","spd_over_grnd":"30.00","true_course":"321.893188","datestamp":"010115","mag_variation":"","mag_var_dir":""}
{"timestamp":"102450","status":"A","lat":"5001.903","lat_dir":"N","lon":"00954.940","lon_dir":"W","spd_over_grnd":"30.00","true_course":"322.750580","datestamp":"010115","mag_variation":"","mag_var_dir":""}
{"timestamp":"102452","status":"A","lat":"5001.914","lat_dir":"N","lon":"00954.952","lon_dir":"W","spd_over_grnd":"30.00","true_course":"323.668884","datestamp":"010115","mag_variation":"","mag_var_dir":""}
{"timestamp":"102453","status":"A","lat":"5001.924","lat_dir":"N","lon":"00954.964","lon_dir":"W","spd_over_grnd":"30.00","true_course":"323.274750","datestamp":"010115","mag_variation":"","mag_var_dir":""}
{"timestamp":"102455","status":"A","lat":"5001.935","lat_dir":"N","lon":"00954.977","lon_dir":"W","spd_over_grnd":"30.00","true_course":"322.103027","datestamp":"010115","mag_variation":"","mag_var_dir":""}
{"timestamp":"102456","status":"A","lat":"5001.945","lat_dir":"N","lon":"00954.989","lon_dir":"W","spd_over_grnd":"30.00","true_course":"321.744507","datestamp":"010115","mag_variation":"","mag_var_dir":""}
{"timestamp":"102458","status":"A","lat":"5001.955","lat_dir":"N","lon":"00955.002","lon_dir":"W","spd_over_grnd":"30.00","true_course":"322.690216","datestamp":"010115","mag_variation":"","mag_var_dir":""}
{"timestamp":"102500","status":"A","lat":"5001.965","lat_dir":"N","lon":"00955.014","lon_dir":"W","spd_over_grnd":"30.00","true_course":"323.527191","datestamp":"010115","mag_variation":"","mag_var_dir":""}
{"timestamp":"102501","status":"A","lat":"5001.976","lat_dir":"N","lon":"00955.026","lon_dir":"W","spd_over_grnd":"30.00","true_course":"323.111115","datestamp":"010115","mag_variation":"","mag_var_dir":""}
{"timestamp":"102503","status":"A","lat":"5001.986","lat_dir":"N","lon":"00955.038","lon_dir":"W","spd_over_grnd":"30.00","true_course":"321.986450","datestamp":"010115","mag_variation":"","mag_var_dir":""}
{"timestamp":"102504","status":"A","lat":"5001.997","lat_dir":"N","lon":"00955.051","lon_dir":"W","spd_over_grnd":"30.00","true_course":"321.722198","datestamp":"010115","mag_variation":"","mag_var_dir":""}
{"timestamp":"102506","status":"A","lat":"5002.007","lat_dir":"N","lon":"00955.063","lon_dir":"W","spd_over_grnd":"30.00","true_course":"322.602020","datestamp":"010115","mag_variation":"","mag_var_dir":""}
{"timestamp":"102508","status":"A","lat":"5002.017","lat_dir":"N","lon":"00955.075","lon_dir":"W","spd_over_grnd":"30.00","true_course":"323.475708","datestamp":"010115","mag_variation":"","mag_var_dir":""}
{"timestamp":"102509","status":"A","lat":"5002.028","lat_dir":"N","lon":"00955.087","lon_dir":"W","spd_over_grnd":"30.00","true_course":"323.183197","datestamp":"010115","mag_variation":"","mag_var_dir":""}
{"timestamp":"102511","status":"A","lat":"5002.038","lat_dir":"N","lon":"00955.100","lon_dir":"W","spd_over_grnd":"30.00","true_course":"321.949982","datestamp":"010115","mag_variation":"","mag_var_dir":""}
{"timestamp":"102512","status":"A","lat":"5002.048","lat_dir":"N","lon":"00955.112","lon_dir":"W","spd_over_grnd":"30.00","true_course":"321.609985","datestamp":"010115","mag_variation":"","mag_var_dir":""}
{"timestamp":"102514","status":"A","lat":"5002.059","lat_dir":"N","lon":"00955.125","lon_dir":"W","spd_over_grnd":"30.00","true_course":"322.406555","datestamp":"010115","mag_variation":"","mag_var_dir":""}
{"timestamp":"102516","status":"A","lat":"5002.069","lat_dir":"N","lon":"00955.137","lon_dir":"W","spd_over_grnd":"30.00","true_course":"323.383392","datestamp":"010115","mag_variation":"","mag_var_dir":""}
{"timestamp":"102517","status":"A","lat":"5002.080","lat_dir":"N","lon":"00955.149","lon_dir":"W","spd_over_grnd":"30.00","true_course":"323.089935","datestamp":"010115","mag_variation":"","mag_var_dir":""}
{"timestamp":"102519","status":"A","lat":"5002.090","lat_dir":"N","lon":"00955.162","lon_dir":"W","spd_over_grnd":"30.00","true_course":"321.887482","datestamp":"010115","mag_variation":"","mag_var_dir":""}
{"timestamp":"102520","status":"A","lat":"5002.100","lat_dir":"N","lon":"00955.174","lon_dir":"W","spd_over_grnd":"30.00","true_course":"321.566956","datestamp":"010115","mag_variation":"","mag_var_dir":""}
{"timestamp":"102522","status":"A","lat":"5002.111","lat_dir":"N","lon":"00955.187","lon_dir":"W","spd_over_grnd":"30.00","true_course":"322.516113","datestamp":"010115","mag_variation":"","mag_var_dir":""}
{"timestamp":"102524","status":"A","lat":"5002.121","lat_dir":"N","lon":"00955.200","lon_dir":"W","spd_over_grnd":"30.00","true_course":"323.340790","datestamp":"010115","mag_variation":"","mag_var_dir":""}
{"timestamp":"102525","status":"A","lat":"5002.132","lat_dir":"N","lon":"00955.212","lon_dir":"W","spd_over_grnd":"30.00","true_course":"323.040131","datestamp":"010115","mag_variation":"","mag_var_dir":""}
{"timestamp":"102527","status":"A","lat":"5002.142","lat_dir":"N","lon":"00955.224","lon_dir":"W","spd_over_grnd":"30.00","true_course":"321.963104","datestamp":"010115","mag_variation":"","mag_var_dir":""}
{"timestamp":"102528","status":"A","lat":"5002.152","lat_dir":"N","lon":"00955.237","lon_dir":"W","spd_over_grnd":"30.00","true_course":"321.485046","datestamp":"010115","mag_variation":"","mag_var_dir":""}
{"timestamp":"102530","status":"A","lat":"5002.163","lat_dir":"N","lon":"00955.249","lon_dir":"W","spd_over_grnd":"30.00","true_course":"322.181946","datestamp":"010115","mag_variation":"","mag_var_dir":""}
{"timestamp":"102531","status":"A","lat":"5002.173","lat_dir":"N","lon":"00955.262","lon_dir":"W","spd_over_grnd":"30.00","true_course":"323.118713","datestamp":"010115","mag_variation":"","mag_var_dir":""}
{"timestamp":"102533","status":"A","lat":"5002.184","lat_dir":"N","lon":"00955.274","lon_dir":"W","spd_over_grnd":"30.00","true_course":"322.964905","datestamp":"010115","mag_variation":"","mag_var_dir":""}
{"timestamp":"102535","status":"A","lat":"5002.194","lat_dir":"N","lon":"00955.287","lon_dir":"W","spd_over_grnd":"30.00","true_course":"321.692780","datestamp":"010115","mag_variation":"","mag_var_dir":""}
{"timestamp":"102536","status":"A","lat":"5002.205","lat_dir":"N","lon":"00955.300","lon_dir":"W","spd_over_grnd":"30.00","true_course":"321.333252","datestamp":"010115","mag_variation":"","mag_var_dir":""}
{"timestamp":"102538","status":"A","lat":"5002.215","lat_dir":"N","lon":"00955.312","lon_dir":"W","spd_over_grnd":"30.00","true_course":"322.092590","datestamp":"010115","mag_variation":"","mag_var_dir":""}
{"timestamp":"102539","status":"A","lat":"5002.225","lat_dir":"N","lon":"00955.325","lon_dir":"W","spd_over_grnd":"30.00","true_course":"323.028961","datestamp":"010115","mag_variation":"","mag_var_dir":""}
{"timestamp":"102541","status":"A","lat":"5002.236","lat_dir":"N","lon":"00955.337","lon_dir":"W","spd_over_grnd":"30.00","true_course":"322.787628","datestamp":"010115","mag_variation":"","mag_var_dir":""}
{"timestamp":"102543","status":"A","lat":"5002.246","lat_dir":"N","lon":"00955.349","lon_dir":"W","spd_over_grnd":"30.00","true_course":"321.590637","datestamp":"010115","mag_variation":"","mag_var_dir":""}
{"timestamp":"102544","status":"A","lat":"5002.256","lat_dir":"N","lon":"00955.362","lon_dir":"W","spd_over_grnd":"30.00","true_course":"321.164337","datestamp":"010115","mag_variation":"","mag_var_dir":""}
{"timestamp":"102546","status":"A","lat":"5002.267","lat_dir":"N","lon":"00955.375","lon_dir":"W","spd_over_grnd":"30.00","true_course":"322.021454","datestamp":"010115","mag_variation":"","mag_var_dir":""}
{"timestamp":"102547","status":"A","lat":"5002.277","lat_dir":"N","lon":"00955.387","lon_dir":"W","spd_over_grnd":"30.00","true_course":"322.998169","datestamp":"010115","mag_variation":"","mag_var_dir":""}
{"timestamp":"102549","status":"A","lat":"5002.287","lat_dir":"N","lon":"00955.399","lon_dir":"W","spd_over_grnd":"30.00","true_course":"322.890564","datestamp":"010115","mag_variation":"","mag_var_dir":""}
{"timestamp":"102551","status":"A","lat":"5002.297","lat_dir":"N","lon":"00955.411","lon_dir":"W","spd_over_grnd":"30.00","true_course":"321.933502","datestamp":"010115","mag_variation":"","mag_var_dir":""}
{"timestamp":"102552","status":"A","lat":"5002.307","lat_dir":"N","lon":"00955.424","lon_dir":"W","spd_over_grnd":"30.00","true_course":"321.358398","datestamp":"010115","mag_variation":"","mag_var_dir":""}
{"timestamp":"102554","status":"A","lat":"5002.317","lat_dir":"N","lon":"00955.436","lon_dir":"W","spd_over_grnd":"30.00","true_course":"322.117767","datestamp":"010115","mag_variation":"","mag_var_dir":""}
{"timestamp":"102555","status":"A","lat":"5002.328","lat_dir":"N","lon":"00955.449","lon_dir":"W","spd_over_grnd":"30.00","true_course":"323.113281","datestamp":"010115","mag_variation":"","mag_var_dir":""}
{"timestamp":"102557","status":"A","lat":"5002.338","lat_dir":"N","lon":"00955.461","lon_dir":"W","spd_over_grnd":"30.00","true_course":"323.102234","datestamp":"010115","mag_variation":"","mag_var_dir":""}
{"timestamp":"102558","status":"A","lat":"5002.349","lat_dir":"N","lon":"00955.473","lon_dir":"W","spd_over_grnd":"30.00","true_course":"322.033691","datestamp":"010115","mag_variation":"","mag_var_dir":""}
{"timestamp":"102600","status":"A","lat":"5002.359","lat_dir":"N","lon":"00955.486","lon_dir":"W","spd_over_grnd":"30.00","true_course":"321.376404","datestamp":"010115","mag_variation":"","mag_var_dir":""}
{"timestamp":"102602","status":"A","lat":"5002.369","lat_dir":"N","lon":"00955.499","lon_dir":"W","spd_over_grnd":"30.00","true_course":"322.078827","datestamp":"010115","mag_variation":"","mag_var_dir":""}
{"timestamp":"102603","status":"A","lat":"5002.380","lat_dir":"N","lon":"00955.511","lon_dir":"W","spd_over_grnd":"30.00","true_course":"323.098511","datestamp":"010115","mag_variation":"","mag_var_dir":""}
{"timestamp":"102605","status":"A","lat":"5002.390","lat_dir":"N","lon":"00955.523","lon_dir":"W","spd_over_grnd":"30.00","true_course":"323.199036","datestamp":"010115","mag_variation":"","mag_var_dir":""}
{"timestamp":"102606","status":"A","lat":"5002.401","lat_dir":"N","lon":"00955.536","lon_dir":"W","spd_over_grnd":"30.00","true_course":"322.249786","datestamp":"010115","mag_variation":"","mag_var_dir":""}
{"timestamp":"102608","status":"A","lat":"5002.411","lat_dir":"N","lon":"00955.548","lon_dir":"W","spd_over_grnd":"30.00","true_course":"321.458893","datestamp":"010115","mag_variation":"","mag_var_dir":""}
{"timestamp":"102609","status":"A","lat":"5002.421","lat_dir":"N","lon":"00955.561","lon_dir":"W","spd_over_grnd":"30.00","true_course":"322.080658","datestamp":"010115","mag_variation":"","mag_var_dir":""}
{"timestamp":"102611","status":"A","lat":"5002.432","lat_dir":"N","lon":"00955.573","lon_dir":"W","spd_over_grnd":"30.00","true_course":"323.182007","datestamp":"010115","mag_variation":"","mag_var_dir":""}
{"timestamp":"102613","status":"A","lat":"5002.442","lat_dir":"N","lon":"00955.585","lon_dir":"W","spd_over_grnd":"30.00","true_course":"323.258850","datestamp":"010115","mag_variation":"","mag_var_dir":""}
{"timestamp":"102614","status":"A","lat":"5002.453","lat_dir":"N","lon":"00955.598","lon_dir":"W","spd_over_grnd":"30.00","true_course":"322.206116","datestamp":"010115","mag_variation":"","mag_var_dir":""}
{"timestamp":"102616","status":"A","lat":"5002.463","lat_dir":"N","lon":"00955.610","lon_dir":"W","spd_over_grnd":"30.00","true_course":"321.528351","datestamp":"010115","mag_variation":"","mag_var_dir":""}
{"timestamp":"102617","status":"A","lat":"5002.473","lat_dir":"N","lon":"00955.622","lon_dir":"W","spd_over_grnd":"30.00","true_course":"321.987762","datestamp":"010115","mag_variation":"","mag_var_dir":""}
{"timestamp":"102619","status":"A","lat":"5002.483","lat_dir":"N","lon":"00955.635","lon_dir":"W","spd_over_grnd":"30.00","true_course":"323.109894","datestamp":"010115","mag_variation":"","mag_var_dir":""}
{"timestamp":"102621","status":"A","lat":"5002.493","lat_dir":"N","lon":"00955.647","lon_dir":"W","spd_over_grnd":"30.00","true_course":"323.320251","datestamp":"010115","mag_variation":"","mag_var_dir":""}
{"timestamp":"102622","status":"A","lat":"5002.504","lat_dir":"N","lon":"00955.659","lon_dir":"W","spd_over_grnd":"30.00","true_course":"322.229370","datestamp":"010115","mag_variation":"","mag_var_dir":""}
{"timestamp":"102624","status":"A","lat":"5002.514","lat_dir":"N","lon":"00955.671","lon_dir":"W","spd_over_grnd":"30.00","true_course":"321.422546","datestamp":"010115","mag_variation":"","mag_var_dir":""}
{"timestamp":"102625","status":"A","lat":"5002.524","lat_dir":"N","lon":"00955.684","lon_dir":"W","spd_over_grnd":"30.00","true_course":"321.863495","datestamp":"010115","mag_variation":"","mag_var_dir":""}
{"timestamp":"102627","status":"A","lat":"5002.535","lat_dir":"N","lon":"00955.697","lon_dir":"W","spd_over_grnd":"30.00","true_course":"322.951355","datestamp":"010115","mag_variation":"","mag_var_dir":""}
{"timestamp":"102629","status":"A","lat":"5002.545","lat_dir":"N","lon":"00955.709","lon_dir":"W","spd_over_grnd":"30.00","true_course":"323.100128","datestamp":"010115","mag_variation":"","mag_var_dir":""}
{"timestamp":"102630","status":"A","lat":"5002.555","lat_dir":"N","lon":"00955.721","lon_dir":"W","spd_over_grnd":"30.00","true_course":"322.047791","datestamp":"010115","mag_variation":"","mag_var_dir":""}
{"timestamp":"102632","status":"A","lat":"5002.566","lat_dir":"N","lon":"00955.734","lon_dir":"W","spd_over_grnd":"30.00","true_course":"321.227661","datestamp":"010115","mag_variation":"","mag_var_dir":""}
{"timestamp":"102633","status":"A","lat":"5002.576","lat_dir":"N","lon":"00955.746","lon_dir":"W","spd_over_grnd":"30.00","true_course":"321.723389","datestamp":"010115","mag_variation":"","mag_var_dir":""}
{"timestamp":"102635","status":"A","lat":"5002.586","lat_dir":"N","lon":"00955.759","lon_dir":"W","spd_over_grnd":"30.00","true_course":"322.983215","datestamp":"010115","mag_variation":"","mag_var_dir":""}
{"timestamp":"102636","status":"A","lat":"5002.597","lat_dir":"N","lon":"00955.771","lon_dir":"W","spd_over_grnd":"30.00","true_course":"323.271881","datestamp":"010115","mag_variation":"","mag_var_dir":""}
{"timestamp":"102638","status":"A","lat":"5002.607","lat_dir":"N","lon":"00955.783","lon_dir":"W","spd_over_grnd":"30.00","true_course":"322.392548","datestamp":"010115","mag_variation":"","mag_var_dir":""}
{"timestamp":"102640","status":"A","lat":"5002.617","lat_dir":"N","lon":"00955.796","lon_dir":"W","spd_over_grnd":"30.00","true_course":"321.491119","datestamp":"010115","mag_variation":"","mag_var_dir":""}
{"timestamp":"102641","status":"A","lat":"5002.628","lat_dir":"N","lon":"00955.809","lon_dir":"W","spd_over_grnd":"30.00","true_course":"321.815704","datestamp":"010115","mag_variation":"","mag_var_dir":""}
{"timestamp":"102643","status":"A","lat":"5002.638","lat_dir":"N","lon":"00955.821","lon_dir":"W","spd_over_grnd":"30.00","true_course":"322.860596","datestamp":"010115","mag_variation":"","mag_var_dir":""}
{"timestamp":"102644","status":"A","lat":"5002.649","lat_dir":"N","lon":"00955.833","lon_dir":"W","spd_over_grnd":"30.00","true_course":"323.180603","datestamp":"010115","mag_variation":"","mag_var_dir":""}
{"timestamp":"102646","status":"A","lat":"5002.659","lat_dir":"N","lon":"00955.846","lon_dir":"W","spd_over_grnd":"30.00","true_course":"322.384949","datestamp":"010115","mag_variation":"","mag_var_dir":""}
{"timestamp":"102648","status":"A","lat":"5002.669","lat_dir":"N","lon":"00955.858","lon_dir":"W","spd_over_grnd":"30.00","true_course":"321.527466","datestamp":"010115","mag_variation":"","mag_var_dir":""}
{"timestamp":"102649","status":"A","lat":"5002.680","lat_dir":"N","lon":"00955.871","lon_dir":"W","spd_over_grnd":"30.00","true_course":"321.834076","datestamp":"010115","mag_variation":"","mag_var_dir":""}
{"timestamp":"102651","status":"A","lat":"5002.690","lat_dir":"N","lon":"00955.883","lon_dir":"W","spd_over_grnd":"30.00","true_course":"322.955170","datestamp":"010115","mag_variation":"","mag_var_dir":""}
{"timestamp":"102652","status":"A","lat":"5002.701","lat_dir":"N","lon":"00955.896","lon_dir":"W","spd_over_grnd":"30.00","true_course":"323.305054","datestamp":"010115","mag_variation":"","mag_var_dir":""}
{"timestamp":"102654","status":"A","lat":"5002.711","lat_dir":"N","lon":"00955.908","lon_dir":"W","spd_over_grnd":"30.00","true_course":"322.388916","datestamp":"010115","mag_variation":"","mag_var_dir":""}
{"timestamp":"102655","status":"A","lat":"5002.721","lat_dir":"N","lon":"00955.920","lon_dir":"W","spd_over_grnd":"30.00","true_course":"321.403687","datestamp":"010115","mag_variation":"","mag_var_dir":""}
{"timestamp":"102657","status":"A","lat":"5002.731","lat_dir":"N","lon":"00955.933","lon_dir":"W","spd_over_grnd":"30.00","true_course":"321.649628","datestamp":"010115","mag_variation":"","mag_var_dir":""}
{"timestamp":"102659","status":"A","lat":"5002.742","lat_dir":"N","lon":"00955.945","lon_dir":"W","spd_over_grnd":"30.00","true_course":"322.914917","datestamp":"010115","mag_variation":"","mag_var_dir":""}
{"timestamp":"102700","status":"A","lat":"5002.752","lat_dir":"N","lon":"00955.958","lon_dir":"W","spd_over_grnd":"30.00","true_course":"323.412933","datestamp":"010115","mag_variation":"","mag_var_dir":""}
{"timestamp":"102702","status":"A","lat":"5002.763","lat_dir":"N","lon":"00955.970","lon_dir":"W","spd_over_grnd":"30.00","true_course":"322.533325","datestamp":"010115","mag_variation":"","mag_var_dir":""}
{"timestamp":"102703","status":"A","lat":"5002.773","lat_dir":"N","lon":"00955.982","lon_dir":"W","spd_over_grnd":"30.00","true_course":"321.595337","datestamp":"010115","mag_variation":"","mag_var_dir":""}
{"timestamp":"102705","status":"A","lat":"5002.783","lat_dir":"N","lon":"00955.995","lon_dir":"W","spd_over_grnd":"30.00","true_course":"321.778351","datestamp":"010115","mag_variation":"","mag_var_dir":""}
{"timestamp":"102707","status":"A","lat":"5002.794","lat_dir":"N","lon":"00956.008","lon_dir":"W","spd_over_grnd":"30.00","true_course":"322.818451","datestamp":"010115","mag_variation":"","mag_var_dir":""}
{"timestamp":"102708","status":"A","lat":"5002.804","lat_dir":"N","lon":"00956.020","lon_dir":"W","spd_over_grnd":"30.00","true_course":"323.399780","datestamp":"010115","mag_variation":"","mag_var_dir":""}
{"timestamp":"102710","status":"A","lat":"5002.815","lat_dir":"N","lon":"00956.032","lon_dir":"W","spd_over_grnd":"30.00","true_course":"322.711487","datestamp":"010115","mag_variation":"","mag_var_dir":""}
{"timestamp":"102711","status":"A","lat":"5002.825","lat_dir":"N","lon":"00956.044","lon_dir":"W","spd_over_grnd":"30.00","true_course":"321.726440","datestamp":"010115","mag_variation":"","mag_var_dir":""}
{"timestamp":"102713","status":"A","lat":"5002.836","lat_dir":"N","lon":"00956.058","lon_dir":"W","spd_over_grnd":"30.00","true_course":"321.858551","datestamp":"010115","mag_variation":"","mag_var_dir":""}
{"timestamp":"102715","status":"A","lat":"5002.846","lat_dir":"N","lon":"00956.070","lon_dir":"W","spd_over_grnd":"30.00","true_course":"322.909485","datestamp":"010115","mag_variation":"","mag_var_dir":""}
{"timestamp":"102716","status":"A","lat":"5002.857","lat_dir":"N","lon":"00956.082","lon_dir":"W","spd_over_grnd":"30.00","true_course":"323.493378","datestamp":"010115","mag_variation":"","mag_var_dir":""}
{"timestamp":"102718","status":"A","lat":"5002.867","lat_dir":"N","lon":"00956.095","lon_dir":"W","spd_over_grnd":"30.00","true_course":"322.689056","datestamp":"010115","mag_variation":"","mag_var_dir":""}
{"timestamp":"102719","status":"A","lat":"5002.878","lat_dir":"N","lon":"00956.107","lon_dir":"W","spd_over_grnd":"30.00","true_course":"321.880951","datestamp":"010115","mag_variation":"","mag_var_dir":""}
{"timestamp":"102721","status":"A","lat":"5002.888","lat_dir":"N","lon":"00956.120","lon_dir":"W","spd_over_grnd":"30.00","true_course":"321.998901","datestamp":"010115","mag_variation":"","mag_var_dir":""}
{"timestamp":"102723","status":"A","lat":"5002.898","lat_dir":"N","lon":"00956.132","lon_dir":"W","spd_over_grnd":"30.00","true_course":"322.998474","datestamp":"010115","mag_variation":"","mag_var_dir":""}
{"timestamp":"102724","status":"A","lat":"5002.909","lat_dir":"N","lon":"00956.144","lon_dir":"W","spd_over_grnd":"30.00","true_course":"323.581604","datestamp":"010115","mag_variation":"","mag_var_dir":""}
{"timestamp":"102726","status":"A","lat":"5002.920","lat_dir":"N","lon":"00956.157","lon_dir":"W","spd_over_grnd":"30.00","true_course":"322.842407","datestamp":"010115","mag_variation":"","mag_var_dir":""}
{"timestamp":"102727","status":"A","lat":"5002.930","lat_dir":"N","lon":"00956.169","lon_dir":"W","spd_over_grnd":"30.00","true_course":"321.892029","datestamp":"010115","mag_variation":"","mag_var_dir":""}
{"timestamp":"102729","status":"A","lat":"5002.940","lat_dir":"N","lon":"00956.182","lon_dir":"W","spd_over_grnd":"30.00","true_course":"321.989685","datestamp":"010115","mag_variation":"","mag_var_dir":""}
{"timestamp":"102730","status":"A","lat":"5002.951","lat_dir":"N","lon":"00956.194","lon_dir":"W","spd_over_grnd":"30.00","true_course":"323.054626","datestamp":"010115","mag_variation":"","mag_var_dir":""}
{"timestamp":"102732","status":"A","lat":"5002.961","lat_dir":"N","lon":"00956.206","lon_dir":"W","spd_over_grnd":"30.00","true_course":"323.655731","datestamp":"010115","mag_variation":"","mag_var_dir":""}
{"timestamp":"102734","status":"A","lat":"5002.972","lat_dir":"N","lon":"00956.218","lon_dir":"W","spd_over_grnd":"30.00","true_course":"322.937897","datestamp":"010115","mag_variation":"","mag_var_dir":""}
{"timestamp":"102735","status":"A","lat":"5002.982","lat_dir":"N","lon":"00956.231","lon_dir":"W","spd_over_grnd":"30.00","true_course":"321.899994","datestamp":"010115","mag_variation":"","mag_var_dir":""}
{"timestamp":"102737","status":"A","lat":"5002.992","lat_dir":"N","lon":"00956.243","lon_dir":"W","spd_over_grnd":"30.00","true_course":"321.891937","datestamp":"010115","mag_variation":"","mag_var_dir":""}
{"timestamp":"102738","status":"A","lat":"5003.002","lat_dir":"N","lon":"00956.256","lon_dir":"W","spd_over_grnd":"30.00","true_course":"322.867828","datestamp":"010115","mag_variation":"","mag_var_dir":""}
{"timestamp":"102740","status":"A","lat":"5003.013","lat_dir":"N","lon":"00956.268","lon_dir":"W","spd_over_grnd":"30.00","true_course":"323.517487","datestamp":"010115","mag_variation":"","mag_var_dir":""}
{"timestamp":"102742","status":"A","lat":"5003.023","lat_dir":"N","lon":"00956.280","lon_dir":"W","spd_over_grnd":"30.00","true_course":"322.855835","datestamp":"010115","mag_variation":"","mag_var_dir":""}
{"timestamp":"102743","status":"A","lat":"5003.034","lat_dir":"N","lon":"00956.292","lon_dir":"W","spd_over_grnd":"30.00","true_course":"321.824097","datestamp":"010115","mag_variation":"","mag_var_dir":""}
{"timestamp":"102745","status":"A","lat":"5003.044","lat_dir":"N","lon":"00956.305","lon_dir":"W","spd_over_grnd":"30.00","true_course":"321.836548","datestamp":"010115","mag_variation":"","mag_var_dir":""}
{"timestamp":"102746","status":"A","lat":"5003.054","lat_dir":"N","lon":"00956.318","lon_dir":"W","spd_over_grnd":"30.00","true_course":"322.805756","datestamp":"010115","mag_variation":"","mag_var_dir":""}
{"timestamp":"102748","status":"A","lat":"5003.064","lat_dir":"N","lon":"00956.330","lon_dir":"W","spd_over_grnd":"30.00","true_course":"323.381226","datestamp":"010115","mag_variation":"","mag_var_dir":""}
{"timestamp":"102750","status":"A","lat":"5003.075","lat_dir":"N","lon":"00956.342","lon_dir":"W","spd_over_grnd":"30.00","true_course":"322.861603","datestamp":"010115","mag_variation":"","mag_var_dir":""}
{"timestamp":"102751","status":"A","lat":"5003.085","lat_dir":"N","lon":"00956.354","lon_dir":"W","spd_over_grnd":"30.00","true_course":"321.854004","datestamp":"010115","mag_variation":"","mag_var_dir":""}
{"timestamp":"102753","status":"A","lat":"5003.095","lat_dir":"N","lon":"00956.367","lon_dir":"W","spd_over_grnd":"30.00","true_course":"321.756348","datestamp":"010115","mag_variation":"","mag_var_dir":""}
{"timestamp":"102754","status":"A","lat":"5003.106","lat_dir":"N","lon":"00956.379","lon_dir":"W","spd_over_grnd":"30.00","true_course":"322.854309","datestamp":"010115","mag_variation":"","mag_var_dir":""}
{"timestamp":"102756","status":"A","lat":"5003.116","lat_dir":"N","lon":"00956.391","lon_dir":"W","spd_over_grnd":"30.00","true_course":"323.535828","datestamp":"010115","mag_variation":"","mag_var_dir":""}
{"timestamp":"102757","status":"A","lat":"5003.127","lat_dir":"N","lon":"00956.403","lon_dir":"W","spd_over_grnd":"30.00","true_course":"323.081573","datestamp":"010115","mag_variation":"","mag_var_dir":""}
{"timestamp":"102759","status":"A","lat":"5003.137","lat_dir":"N","lon":"00956.416","lon_dir":"W","spd_over_grnd":"30.00","true_course":"322.054657","datestamp":"010115","mag_variation":"","mag_var_dir":""}
{"timestamp":"102801","status":"A","lat":"5003.147","lat_dir":"N","lon":"00956.428","lon_dir":"W","spd_over_grnd":"30.00","true_course":"321.884979","datestamp":"010115","mag_variation":"","mag_var_dir":""}
{"timestamp":"102802","status":"A","lat":"5003.158","lat_dir":"N","lon":"00956.441","lon_dir":"W","spd_over_grnd":"30.00","true_course":"322.872253","datestamp":"010115","mag_variation":"","mag_var_dir":""}
{"timestamp":"102804","status":"A","lat":"5003.168","lat_dir":"N","lon":"00956.453","lon_dir":"W","spd_over_grnd":"30.00","true_course":"323.597900","datestamp":"010115","mag_variation":"","mag_var_dir":""}
{"timestamp":"102805","status":"A","lat":"5003.178","lat_dir":"N","lon":"00956.465","lon_dir":"W","spd_over_grnd":"30.00","true_course":"323.138184","datestamp":"010115","mag_variation":"","mag_var_dir":""}
{"timestamp":"102807","status":"A","lat":"5003.189","lat_dir":"N","lon":"00956.477","lon_dir":"W","spd_over_grnd":"30.00","true_course":"321.901550","datestamp":"010115","mag_variation":"","mag_var_dir":""}
{"timestamp":"102808","status":"A","lat":"5003.199","lat_dir":"N","lon":"00956.490","lon_dir":"W","spd_over_grnd":"30.00","true_course":"321.655396","datestamp":"010115","mag_variation":"","mag_var_dir":""}
{"timestamp":"102810","status":"A","lat":"5003.210","lat_dir":"N","lon":"00956.503","lon_dir":"W","spd_over_grnd":"30.00","true_course":"322.661224","datestamp":"010115","mag_variation":"","mag_var_dir":""}
{"timestamp":"102812","status":"A","lat":"5003.220","lat_dir":"N","lon":"00956.515","lon_dir":"W","spd_over_grnd":"30.00","true_course":"323.517944","datestamp":"010115","mag_variation":"","mag_var_dir":""}
{"timestamp":"102813","status":"A","lat":"5003.231","lat_dir":"N","lon":"00956.527","lon_dir":"W","spd_over_grnd":"30.00","true_course":"323.033112","datestamp":"010115","mag_variation":"","mag_var_dir":""}
{"timestamp":"102815","status":"A","lat":"5003.242","lat_dir":"N","lon":"00956.540","lon_dir":"W","spd_over_grnd":"30.00","true_course":"321.933899","datestamp":"010115","mag_variation":"","mag_var_dir":""}
{"timestamp":"102816","status":"A","lat":"5003.252","lat_dir":"N","lon":"00956.553","lon_dir":"W","spd_over_grnd":"30.00","true_course":"321.716064","datestamp":"010115","mag_variation":"","mag_var_dir":""}
{"timestamp":"102818","status":"A","lat":"5003.262","lat_dir":"N","lon":"00956.565","lon_dir":"W","spd_over_grnd":"30.00","true_course":"322.703247","datestamp":"010115","mag_variation":"","mag_var_dir":""}
{"timestamp":"102820","status":"A","lat":"5003.273","lat_dir":"N","lon":"00956.577","lon_dir":"W","spd_over_grnd":"30.00","true_course":"323.504456","datestamp":"010115","mag_variation":"","mag_var_dir":""}
{"timestamp":"102821","status":"A","lat":"5003.283","lat_dir":"N","lon":"00956.589","lon_dir":"W","spd_over_grnd":"30.00","true_course":"323.111084","datestamp":"010115","mag_variation":"","mag_var_dir":""}
{"timestamp":"102823","status":"A","lat":"5003.294","lat_dir":"N","lon":"00956.602","lon_dir":"W","spd_over_grnd":"30.00","true_course":"322.062256","datestamp":"010115","mag_variation":"","mag_var_dir":""}
{"timestamp":"102824","status":"A","lat":"5003.304","lat_dir":"N","lon":"00956.614","lon_dir":"W","spd_over_grnd":"30.00","true_course":"321.707825","datestamp":"010115","mag_variation":"","mag_var_dir":""}
{"timestamp":"102826","status":"A","lat":"5003.314","lat_dir":"N","lon":"00956.627","lon_dir":"W","spd_over_grnd":"30.00","true_course":"322.655701","datestamp":"010115","mag_variation":"","mag_var_dir":""}
{"timestamp":"102828","status":"A","lat":"5003.325","lat_dir":"N","lon":"00956.639","lon_dir":"W","spd_over_grnd":"30.00","true_course":"323.493500","datestamp":"010115","mag_variation":"","mag_var_dir":""}
{"timestamp":"102829","status":"A","lat":"5003.335","lat_dir":"N","lon":"00956.651","lon_dir":"W","spd_over_grnd":"30.00","true_course":"323.216797","datestamp":"010115","mag_variation":"","mag_var_dir":""}
{"timestamp":"102831","status":"A","lat":"5003.346","lat_dir":"N","lon":"00956.664","lon_dir":"W","spd_over_grnd":"30.00","true_course":"322.166046","datestamp":"010115","mag_variation":"","mag_var_dir":""}
{"timestamp":"102832","status":"A","lat":"5003.356","lat_dir":"N","lon":"00956.676","lon_dir":"W","spd_over_grnd":"30.00","true_course":"321.894470","datestamp":"010115","mag_variation":"","mag_var_dir":""}
{"timestamp":"102834","status":"A","lat":"5003.366","lat_dir":"N","lon":"00956.689","lon_dir":"W","spd_over_grnd":"30.00","true_course":"322.828064","datestamp":"010115","mag_variation":"","mag_var_dir":""}
{"timestamp":"102836","status":"A","lat":"5003.377","lat_dir":"N","lon":"00956.701","lon_dir":"W","spd_over_grnd":"30.00","true_course":"323.774933","datestamp":"010115","mag_variation":"","mag_var_dir":""}
{"timestamp":"102837","status":"A","lat":"5003.387","lat_dir":"N","lon":"00956.713","lon_dir":"W","spd_over_grnd":"30.00","true_course":"323.400726","datestamp":"010115","mag_variation":"","mag_var_dir":""}
{"timestamp":"102839","status":"A","lat":"5003.398","lat_dir":"N","lon":"00956.725","lon_dir":"W","spd_over_grnd":"30.00","true_course":"322.399719","datestamp":"010115","mag_variation":"","mag_var_dir":""}
{"timestamp":"102840","status":"A","lat":"5003.408","lat_dir":"N","lon":"00956.738","lon_dir":"W","spd_over_grnd":"30.00","true_course":"322.035278","datestamp":"010115","mag_variation":"","mag_var_dir":""}
{"timestamp":"102842","status":"A","lat":"5003.419","lat_dir":"N","lon":"00956.750","lon_dir":"W","spd_over_grnd":"30.00","true_course":"322.915802","datestamp":"010115","mag_variation":"","mag_var_dir":""}
{"timestamp":"102844","status":"A","lat":"5003.429","lat_dir":"N","lon":"00956.762","lon_dir":"W","spd_over_grnd":"30.00","true_course":"323.802246","datestamp":"010115","mag_variation":"","mag_var_dir":""}
{"timestamp":"102845","status":"A","lat":"5003.439","lat_dir":"N","lon":"00956.774","lon_dir":"W","spd_over_grnd":"30.00","true_course":"323.538666","datestamp":"010115","mag_variation":"","mag_var_dir":""}
{"timestamp":"102847","status":"A","lat":"5003.450","lat_dir":"N","lon":"00956.786","lon_dir":"W","spd_over_grnd":"30.00","true_course":"322.540527","datestamp":"010115","mag_variation":"","mag_var_dir":""}
{"timestamp":"102848","status":"A","lat":"5003.460","lat_dir":"N","lon":"00956.799","lon_dir":"W","spd_over_grnd":"30.00","true_course":"322.202209","datestamp":"010115","mag_variation":"","mag_var_dir":""}
{"timestamp":"102850","status":"A","lat":"5003.471","lat_dir":"N","lon":"00956.811","lon_dir":"W","spd_over_grnd":"30.00","true_course":"323.032013","datestamp":"010115","mag_variation":"","mag_var_dir":""}
{"timestamp":"102852","status":"A","lat":"5003.481","lat_dir":"N","lon":"00956.823","lon_dir":"W","spd_over_grnd":"30.00","true_course":"323.815643","datestamp":"010115","mag_variation":"","mag_var_dir":""}
{"timestamp":"102853","status":"A","lat":"5003.491","lat_dir":"N","lon":"00956.835","lon_dir":"W","spd_over_grnd":"30.00","true_course":"323.559113","datestamp":"010115","mag_variation":"","mag_var_dir":""}
{"timestamp":"102855","status":"A","lat":"5003.502","lat_dir":"N","lon":"00956.847","lon_dir":"W","spd_over_grnd":"30.00","true_course":"322.417084","datestamp":"010115","mag_variation":"","mag_var_dir":""}
{"timestamp":"102856","status":"A","lat":"5003.512","lat_dir":"N","lon":"00956.860","lon_dir":"W","spd_over_grnd":"30.00","true_course":"321.911316","datestamp":"010115","mag_variation":"","mag_var_dir":""}
{"timestamp":"102858","status":"A","lat":"5003.522","lat_dir":"N","lon":"00956.872","lon_dir":"W","spd_over_grnd":"30.00","true_course":"322.783783","datestamp":"010115","mag_variation":"","mag_var_dir":""}
{"timestamp":"102859","status":"A","lat":"5003.533","lat_dir":"N","lon":"00956.884","lon_dir":"W","spd_over_grnd":"30.00","true_course":"323.689423","datestamp":"010115","mag_variation":"","mag_var_dir":""}
{"timestamp":"102901","status":"A","lat":"5003.544","lat_dir":"N","lon":"00956.896","lon_dir":"W","spd_over_grnd":"30.00","true_course":"323.584595","datestamp":"010115","mag_variation":"","mag_var_dir":""}
