{"timestamp":"093311","status":"A","lat":"3322.521","lat_dir":"N","lon":"11838.802","lon_dir":"W","spd_over_grnd":"9.77","true_course":"359.253937","datestamp":"150708","mag_variation":"","mag_var_dir":""}
{"timestamp":"093313","status":"A","lat":"3322.525","lat_dir":"N","lon":"11838.802","lon_dir":"W","spd_over_grnd":"9.71","true_course":"359.620636","datestamp":"150708","mag_variation":"","mag_var_dir":""}
{"timestamp":"093315","status":"A","lat":"3322.530","lat_dir":"N","lon":"11838.802","lon_dir":"W","spd_over_grnd":"9.65","true_course":"0.970784","datestamp":"150708","mag_variation":"","mag_var_dir":""}
{"timestamp":"093316","status":"A","lat":"3322.534","lat_dir":"N","lon":"11838.802","lon_dir":"W","spd_over_grnd":"9.60","true_course":"1.771388","datestamp":"150708","mag_variation":"","mag_var_dir":""}
{"timestamp":"093318","status":"A","lat":"3322.538","lat_dir":"N","lon":"11838.802","lon_dir":"W","spd_over_grnd":"9.55","true_course":"1.297198","datestamp":"150708","mag_variation":"","mag_var_dir":""}
{"timestamp":"093319","status":"A","lat":"3322.542","lat_dir":"N","lon":"11838.802","lon_dir":"W","spd_over_grnd":"9.51","true_course":"0.293445","datestamp":"150708","mag_variation":"","mag_var_dir":""}
{"timestamp":"093321","status":"A","lat":"3322.546","lat_dir":"N","lon":"11838.802","lon_dir":"W","spd_over_grnd":"9.47","true_course":"0.316245","datestamp":"150708","mag_variation":"","mag_var_dir":""}
{"timestamp":"093322","status":"A","lat":"3322.550","lat_dir":"N","lon":"11838.802","lon_dir":"W","spd_over_grnd":"9.44","true_course":"1.486265","datestamp":"150708","mag_variation":"","mag_var_dir":""}
{"timestamp":"093324","status":"A","lat":"3322.554","lat_dir":"N","lon":"11838.802","lon_dir":"W","spd_over_grnd":"9.40","true_course":"2.501340","datestamp":"150708","mag_variation":"","mag_var_dir":""}
{"timestamp":"093325","status":"A","lat":"3322.558","lat_dir":"N","lon":"11838.801","lon_dir":"W","spd_over_grnd":"9.38","true_course":"2.396195","datestamp":"150708","mag_variation":"","mag_var_dir":""}
{"timestamp":"093327","status":"A","lat":"3322.562","lat_dir":"N","lon":"11838.801","lon_dir":"W","spd_over_grnd":"9.35","true_course":"1.514665","datestamp":"150708","mag_variation":"","mag_var_dir":""}
{"timestamp":"093328","status":"A","lat":"3322.567","lat_dir":"N","lon":"11838.801","lon_dir":"W","spd_over_grnd":"9.32","true_course":"1.230968","datestamp":"150708","mag_variation":"","mag_var_dir":""}
{"timestamp":"093330","status":"A","lat":"3322.570","lat_dir":"N","lon":"11838.801","lon_dir":"W","spd_over_grnd":"9.30","true_course":"2.160668","datestamp":"150708","mag_variation":"","mag_var_dir":""}
{"timestamp":"093331","status":"A","lat":"3322.575","lat_dir":"N","lon":"11838.801","lon_dir":"W","spd_over_grnd":"9.28","true_course":"3.506266","datestamp":"150708","mag_variation":"","mag_var_dir":""}
{"timestamp":"093333","status":"A","lat":"3322.579","lat_dir":"N","lon":"11838.801","lon_dir":"W","spd_over_grnd":"9.26","true_course":"3.809980","datestamp":"150708","mag_variation":"","mag_var_dir":""}
{"timestamp":"093334","status":"A","lat":"3322.583","lat_dir":"N","lon":"11838.801","lon_dir":"W","spd_over_grnd":"9.24","true_course":"2.884722","datestamp":"150708","mag_variation":"","mag_var_dir":""}
{"timestamp":"093336","status":"A","lat":"3322.587","lat_dir":"N","lon":"11838.800","lon_dir":"W","spd_over_grnd":"9.22","true_course":"2.225460","datestamp":"150708","mag_variation":"","mag_var_dir":""}
{"timestamp":"093337","status":"A","lat":"3322.591","lat_dir":"N","lon":"11838.800","lon_dir":"W","spd_over_grnd":"9.21","true_course":"2.838285","datestamp":"150708","mag_variation":"","mag_var_dir":""}
{"timestamp":"093339","status":"A","lat":"3322.595","lat_dir":"N","lon":"11838.800","lon_dir":"W","spd_over_grnd":"9.20","true_course":"4.247966","datestamp":"150708","mag_variation":"","mag_var_dir":""}
{"timestamp":"093340","status":"A","lat":"3322.599","lat_dir":"N","lon":"11838.799","lon_dir":"W","spd_over_grnd":"9.18","true_course":"4.904199","datestamp":"150708","mag_variation":"","mag_var_dir":""}
{"timestamp":"093342","status":"A","lat":"3322.603","lat_dir":"N","lon":"11838.799","lon_dir":"W","spd_over_grnd":"9.17","true_course":"4.404370","datestamp":"150708","mag_variation":"","mag_var_dir":""}
{"timestamp":"093343","status":"A","lat":"3322.606","lat_dir":"N","lon":"11838.799","lon_dir":"W","spd_over_grnd":"9.16","true_course":"3.604244","datestamp":"150708","mag_variation":"","mag_var_dir":""}
{"timestamp":"093345","status":"A","lat":"3322.610","lat_dir":"N","lon":"11838.798","lon_dir":"W","spd_over_grnd":"9.15","true_course":"3.855408","datestamp":"150708","mag_variation":"","mag_var_dir":""}
{"timestamp":"093346","status":"A","lat":"3322.614","lat_dir":"N","lon":"11838.798","lon_dir":"W","spd_over_grnd":"9.14","true_course":"5.080419","datestamp":"150708","mag_variation":"","mag_var_dir":""}
{"timestamp":"093348","status":"A","lat":"3322.618","lat_dir":"N","lon":"11838.797","lon_dir":"W","spd_over_grnd":"9.13","true_course":"6.090277","datestamp":"150708","mag_variation":"","mag_var_dir":""}
{"timestamp":"093349","status":"A","lat":"3322.622","lat_dir":"N","lon":"11838.797","lon_dir":"W","spd_over_grnd":"9.13","true_course":"5.854161","datestamp":"150708","mag_variation":"","mag_var_dir":""}
{"timestamp":"093351","status":"A","lat":"3322.626","lat_dir":"N","lon":"11838.796","lon_dir":"W","spd_over_grnd":"9.12","true_course":"4.903846","datestamp":"150708","mag_variation":"","mag_var_dir":""}
{"timestamp":"093352","status":"A","lat":"3322.630","lat_dir":"N","lon":"11838.796","lon_dir":"W","spd_over_grnd":"9.11","true_course":"4.814473","datestamp":"150708","mag_variation":"","mag_var_dir":""}
{"timestamp":"093354","status":"A","lat":"3322.634","lat_dir":"N","lon":"11838.795","lon_dir":"W","spd_over_grnd":"9.11","true_course":"5.813529","datestamp":"150708","mag_variation":"","mag_var_dir":""}
{"timestamp":"093355","status":"A","lat":"3322.638","lat_dir":"N","lon":"11838.795","lon_dir":"W","spd_over_grnd":"9.10","true_course":"6.945997","datestamp":"150708","mag_variation":"","mag_var_dir":""}
{"timestamp":"093357","status":"A","lat":"3322.642","lat_dir":"N","lon":"11838.795","lon_dir":"W","spd_over_grnd":"9.10","true_course":"7.080388","datestamp":"150708","mag_variation":"","mag_var_dir":""}
{"timestamp":"093358","status":"A","lat":"3322.645","lat_dir":"N","lon":"11838.794","lon_dir":"W","spd_over_grnd":"9.09","true_course":"6.268799","datestamp":"150708","mag_variation":"","mag_var_dir":""}
{"timestamp":"093400","status":"A","lat":"3322.649","lat_dir":"N","lon":"11838.794","lon_dir":"W","spd_over_grnd":"9.09","true_course":"5.784136","datestamp":"150708","mag_variation":"","mag_var_dir":""}
{"timestamp":"093401","status":"A","lat":"3322.653","lat_dir":"N","lon":"11838.793","lon_dir":"W","spd_over_grnd":"9.08","true_course":"6.556948","datestamp":"150708","mag_variation":"","mag_var_dir":""}
{"timestamp":"093403","status":"A","lat":"3322.657","lat_dir":"N","lon":"11838.792","lon_dir":"W","spd_over_grnd":"9.08","true_course":"7.876212","datestamp":"150708","mag_variation":"","mag_var_dir":""}
{"timestamp":"093404","status":"A","lat":"3322.661","lat_dir":"N","lon":"11838.792","lon_dir":"W","spd_over_grnd":"9.08","true_course":"8.386658","datestamp":"150708","mag_variation":"","mag_var_dir":""}
{"timestamp":"093406","status":"A","lat":"3322.665","lat_dir":"N","lon":"11838.791","lon_dir":"W","spd_over_grnd":"9.07","true_course":"7.602897","datestamp":"150708","mag_variation":"","mag_var_dir":""}
{"timestamp":"093408","status":"A","lat":"3322.669","lat_dir":"N","lon":"11838.790","lon_dir":"W","spd_over_grnd":"9.07","true_course":"7.043398","datestamp":"150708","mag_variation":"","mag_var_dir":""}
{"timestamp":"093409","status":"A","lat":"3322.673","lat_dir":"N","lon":"11838.790","lon_dir":"W","spd_over_grnd":"9.07","true_course":"7.552634","datestamp":"150708","mag_variation":"","mag_var_dir":""}
{"timestamp":"093411","status":"A","lat":"3322.676","lat_dir":"N","lon":"11838.789","lon_dir":"W","spd_over_grnd":"9.07","true_course":"8.835887","datestamp":"150708","mag_variation":"","mag_var_dir":""}
{"timestamp":"093412","status":"A","lat":"3322.680","lat_dir":"N","lon":"11838.789","lon_dir":"W","spd_over_grnd":"9.07","true_course":"9.701971","datestamp":"150708","mag_variation":"","mag_var_dir":""}
{"timestamp":"093414","status":"A","lat":"3322.684","lat_dir":"N","lon":"11838.788","lon_dir":"W","spd_over_grnd":"9.06","true_course":"9.313953","datestamp":"150708","mag_variation":"","mag_var_dir":""}
{"timestamp":"093415","status":"A","lat":"3322.688","lat_dir":"N","lon":"11838.787","lon_dir":"W","spd_over_grnd":"9.06","true_course":"8.440042","datestamp":"150708","mag_variation":"","mag_var_dir":""}
{"timestamp":"093417","status":"A","lat":"3322.692","lat_dir":"N","lon":"11838.786","lon_dir":"W","spd_over_grnd":"9.06","true_course":"8.502774","datestamp":"150708","mag_variation":"","mag_var_dir":""}
{"timestamp":"093418","status":"A","lat":"3322.696","lat_dir":"N","lon":"11838.785","lon_dir":"W","spd_over_grnd":"9.06","true_course":"9.566047","datestamp":"150708","mag_variation":"","mag_var_dir":""}
{"timestamp":"093420","status":"A","lat":"3322.700","lat_dir":"N","lon":"11838.785","lon_dir":"W","spd_over_grnd":"9.06","true_course":"10.685681","datestamp":"150708","mag_variation":"","mag_var_dir":""}
{"timestamp":"093421","status":"A","lat":"3322.703","lat_dir":"N","lon":"11838.784","lon_dir":"W","spd_over_grnd":"9.06","true_course":"10.674483","datestamp":"150708","mag_variation":"","mag_var_dir":""}
{"timestamp":"093423","status":"A","lat":"3322.707","lat_dir":"N","lon":"11838.783","lon_dir":"W","spd_over_grnd":"9.05","true_course":"9.910719","datestamp":"150708","mag_variation":"","mag_var_dir":""}
{"timestamp":"093424","status":"A","lat":"3322.711","lat_dir":"N","lon":"11838.782","lon_dir":"W","spd_over_grnd":"9.05","true_course":"9.589623","datestamp":"150708","mag_variation":"","mag_var_dir":""}
{"timestamp":"093426","status":"A","lat":"3322.715","lat_dir":"N","lon":"11838.781","lon_dir":"W","spd_over_grnd":"9.05","true_course":"10.475356","datestamp":"150708","mag_variation":"","mag_var_dir":""}
{"timestamp":"093427","status":"A","lat":"3322.719","lat_dir":"N","lon":"11838.780","lon_dir":"W","spd_over_grnd":"9.05","true_course":"11.692867","datestamp":"150708","mag_variation":"","mag_var_dir":""}
{"timestamp":"093429","status":"A","lat":"3322.723","lat_dir":"N","lon":"11838.779","lon_dir":"W","spd_over_grnd":"9.05","true_course":"12.022140","datestamp":"150708","mag_variation":"","mag_var_dir":""}
{"timestamp":"093430","status":"A","lat":"3322.727","lat_dir":"N","lon":"11838.779","lon_dir":"W","spd_over_grnd":"9.05","true_course":"11.377224","datestamp":"150708","mag_variation":"","mag_var_dir":""}
{"timestamp":"093432","status":"A","lat":"3322.730","lat_dir":"N","lon":"11838.778","lon_dir":"W","spd_over_grnd":"9.05","true_course":"10.794269","datestamp":"150708","mag_variation":"","mag_var_dir":""}
{"timestamp":"093433","status":"A","lat":"3322.734","lat_dir":"N","lon":"11838.777","lon_dir":"W","spd_over_grnd":"9.05","true_course":"11.366235","datestamp":"150708","mag_variation":"","mag_var_dir":""}
{"timestamp":"093435","status":"A","lat":"3322.738","lat_dir":"N","lon":"11838.776","lon_dir":"W","spd_over_grnd":"9.05","true_course":"12.643762","datestamp":"150708","mag_variation":"","mag_var_dir":""}
{"timestamp":"093436","status":"A","lat":"3322.742","lat_dir":"N","lon":"11838.775","lon_dir":"W","spd_over_grnd":"9.05","true_course":"13.289072","datestamp":"150708","mag_variation":"","mag_var_dir":""}
{"timestamp":"093438","status":"A","lat":"3322.746","lat_dir":"N","lon":"11838.774","lon_dir":"W","spd_over_grnd":"9.05","true_course":"12.679765","datestamp":"150708","mag_variation":"","mag_var_dir":""}
{"timestamp":"093439","status":"A","lat":"3322.749","lat_dir":"N","lon":"11838.773","lon_dir":"W","spd_over_grnd":"9.05","true_course":"11.970779","datestamp":"150708","mag_variation":"","mag_var_dir":""}
{"timestamp":"093441","status":"A","lat":"3322.753","lat_dir":"N","lon":"11838.772","lon_dir":"W","spd_over_grnd":"9.05","true_course":"12.285768","datestamp":"150708","mag_variation":"","mag_var_dir":""}
{"timestamp":"093443","status":"A","lat":"3322.757","lat_dir":"N","lon":"11838.771","lon_dir":"W","spd_over_grnd":"9.05","true_course":"13.568642","datestamp":"150708","mag_variation":"","mag_var_dir":""}
{"timestamp":"093444","status":"A","lat":"3322.761","lat_dir":"N","lon":"11838.769","lon_dir":"W","spd_over_grnd":"9.05","true_course":"14.286726","datestamp":"150708","mag_variation":"","mag_var_dir":""}
{"timestamp":"093446","status":"A","lat":"3322.765","lat_dir":"N","lon":"11838.768","lon_dir":"W","spd_over_grnd":"9.05","true_course":"13.875135","datestamp":"150708","mag_variation":"","mag_var_dir":""}
{"timestamp":"093447","status":"A","lat":"3322.769","lat_dir":"N","lon":"11838.767","lon_dir":"W","spd_over_grnd":"9.05","true_course":"13.191710","datestamp":"150708","mag_variation":"","mag_var_dir":""}
{"timestamp":"093449","status":"A","lat":"3322.773","lat_dir":"N","lon":"11838.766","lon_dir":"W","spd_over_grnd":"9.05","true_course":"13.364160","datestamp":"150708","mag_variation":"","mag_var_dir":""}
{"timestamp":"093450","status":"A","lat":"3322.776","lat_dir":"N","lon":"11838.765","lon_dir":"W","spd_over_grnd":"9.04","true_course":"14.677586","datestamp":"150708","mag_variation":"","mag_var_dir":""}
{"timestamp":"093452","status":"A","lat":"3322.780","lat_dir":"N","lon":"11838.764","lon_dir":"W","spd_over_grnd":"9.04","true_course":"15.605307","datestamp":"150708","mag_variation":"","mag_var_dir":""}
{"timestamp":"093453","status":"A","lat":"3322.784","lat_dir":"N","lon":"11838.763","lon_dir":"W","spd_over_grnd":"9.04","true_course":"15.380791","datestamp":"150708","mag_variation":"","mag_var_dir":""}
{"timestamp":"093455","status":"A","lat":"3322.788","lat_dir":"N","lon":"11838.761","lon_dir":"W","spd_over_grnd":"9.04","true_course":"14.476748","datestamp":"150708","mag_variation":"","mag_var_dir":""}
{"timestamp":"093457","status":"A","lat":"3322.792","lat_dir":"N","lon":"11838.760","lon_dir":"W","spd_over_grnd":"9.04","true_course":"14.494149","datestamp":"150708","mag_variation":"","mag_var_dir":""}
{"timestamp":"093458","status":"A","lat":"3322.796","lat_dir":"N","lon":"11838.759","lon_dir":"W","spd_over_grnd":"9.04","true_course":"15.601961","datestamp":"150708","mag_variation":"","mag_var_dir":""}
{"timestamp":"093500","status":"A","lat":"3322.800","lat_dir":"N","lon":"11838.757","lon_dir":"W","spd_over_grnd":"9.04","true_course":"16.617105","datestamp":"150708","mag_variation":"","mag_var_dir":""}
{"timestamp":"093501","status":"A","lat":"3322.803","lat_dir":"N","lon":"11838.756","lon_dir":"W","spd_over_grnd":"9.04","true_course":"16.382448","datestamp":"150708","mag_variation":"","mag_var_dir":""}
{"timestamp":"093503","status":"A","lat":"3322.807","lat_dir":"N","lon":"11838.755","lon_dir":"W","spd_over_grnd":"9.04","true_course":"15.508685","datestamp":"150708","mag_variation":"","mag_var_dir":""}
{"timestamp":"093504","status":"A","lat":"3322.811","lat_dir":"N","lon":"11838.754","lon_dir":"W","spd_over_grnd":"9.04","true_course":"15.422358","datestamp":"150708","mag_variation":"","mag_var_dir":""}
{"timestamp":"093506","status":"A","lat":"3322.815","lat_dir":"N","lon":"11838.752","lon_dir":"W","spd_over_grnd":"9.04","true_course":"16.442001","datestamp":"150708","mag_variation":"","mag_var_dir":""}
{"timestamp":"093508","status":"A","lat":"3322.819","lat_dir":"N","lon":"11838.751","lon_dir":"W","spd_over_grnd":"9.04","true_course":"17.478434","datestamp":"150708","mag_variation":"","mag_var_dir":""}
{"timestamp":"093509","status":"A","lat":"3322.823","lat_dir":"N","lon":"11838.750","lon_dir":"W","spd_over_grnd":"9.04","true_course":"17.370686","datestamp":"150708","mag_variation":"","mag_var_dir":""}
{"timestamp":"093511","status":"A","lat":"3322.827","lat_dir":"N","lon":"11838.748","lon_dir":"W","spd_over_grnd":"9.04","true_course":"16.297634","datestamp":"150708","mag_variation":"","mag_var_dir":""}
{"timestamp":"093512","status":"A","lat":"3322.831","lat_dir":"N","lon":"11838.747","lon_dir":"W","spd_over_grnd":"9.04","true_course":"16.122442","datestamp":"150708","mag_variation":"","mag_var_dir":""}
{"timestamp":"093514","status":"A","lat":"3322.834","lat_dir":"N","lon":"11838.746","lon_dir":"W","spd_over_grnd":"9.04","true_course":"17.185274","datestamp":"150708","mag_variation":"","mag_var_dir":""}
{"timestamp":"093515","status":"A","lat":"3322.838","lat_dir":"N","lon":"11838.744","lon_dir":"W","spd_over_grnd":"9.04","true_course":"18.509230","datestamp":"150708","mag_variation":"","mag_var_dir":""}
{"timestamp":"093517","status":"A","lat":"3322.842","lat_dir":"N","lon":"11838.742","lon_dir":"W","spd_over_grnd":"9.04","true_course":"18.512667","datestamp":"150708","mag_variation":"","mag_var_dir":""}
{"timestamp":"093518","status":"A","lat":"3322.846","lat_dir":"N","lon":"11838.741","lon_dir":"W","spd_over_grnd":"9.04","true_course":"17.625616","datestamp":"150708","mag_variation":"","mag_var_dir":""}
{"timestamp":"093520","status":"A","lat":"3322.850","lat_dir":"N","lon":"11838.740","lon_dir":"W","spd_over_grnd":"9.04","true_course":"17.341963","datestamp":"150708","mag_variation":"","mag_var_dir":""}
{"timestamp":"093522","status":"A","lat":"3322.853","lat_dir":"N","lon":"11838.738","lon_dir":"W","spd_over_grnd":"9.04","true_course":"18.255066","datestamp":"150708","mag_variation":"","mag_var_dir":""}
{"timestamp":"093523","status":"A","lat":"3322.857","lat_dir":"N","lon":"11838.736","lon_dir":"W","spd_over_grnd":"9.04","true_course":"19.484188","datestamp":"150708","mag_variation":"","mag_var_dir":""}
{"timestamp":"093525","status":"A","lat":"3322.861","lat_dir":"N","lon":"11838.735","lon_dir":"W","spd_over_grnd":"9.04","true_course":"19.811525","datestamp":"150708","mag_variation":"","mag_var_dir":""}
{"timestamp":"093526","status":"A","lat":"3322.865","lat_dir":"N","lon":"11838.733","lon_dir":"W","spd_over_grnd":"9.04","true_course":"19.138386","datestamp":"150708","mag_variation":"","mag_var_dir":""}
{"timestamp":"093528","status":"A","lat":"3322.868","lat_dir":"N","lon":"11838.732","lon_dir":"W","spd_over_grnd":"9.04","true_course":"18.430817","datestamp":"150708","mag_variation":"","mag_var_dir":""}
{"timestamp":"093529","status":"A","lat":"3322.872","lat_dir":"N","lon":"11838.730","lon_dir":"W","spd_over_grnd":"9.04","true_course":"19.004776","datestamp":"150708","mag_variation":"","mag_var_dir":""}
{"timestamp":"093531","status":"A","lat":"3322.876","lat_dir":"N","lon":"11838.729","lon_dir":"W","spd_over_grnd":"9.04","true_course":"20.303152","datestamp":"150708","mag_variation":"","mag_var_dir":""}
{"timestamp":"093532","status":"A","lat":"3322.879","lat_dir":"N","lon":"11838.727","lon_dir":"W","spd_over_grnd":"9.04","true_course":"21.054144","datestamp":"150708","mag_variation":"","mag_var_dir":""}
{"timestamp":"093534","status":"A","lat":"3322.883","lat_dir":"N","lon":"11838.725","lon_dir":"W","spd_over_grnd":"9.04","true_course":"20.575312","datestamp":"150708","mag_variation":"","mag_var_dir":""}
{"timestamp":"093535","status":"A","lat":"3322.887","lat_dir":"N","lon":"11838.724","lon_dir":"W","spd_over_grnd":"9.04","true_course":"19.784649","datestamp":"150708","mag_variation":"","mag_var_dir":""}
{"timestamp":"093537","status":"A","lat":"3322.891","lat_dir":"N","lon":"11838.722","lon_dir":"W","spd_over_grnd":"9.04","true_course":"20.048260","datestamp":"150708","mag_variation":"","mag_var_dir":""}
{"timestamp":"093538","status":"A","lat":"3322.895","lat_dir":"N","lon":"11838.720","lon_dir":"W","spd_over_grnd":"9.04","true_course":"21.313030","datestamp":"150708","mag_variation":"","mag_var_dir":""}
{"timestamp":"093540","status":"A","lat":"3322.898","lat_dir":"N","lon":"11838.719","lon_dir":"W","spd_over_grnd":"9.04","true_course":"22.324966","datestamp":"150708","mag_variation":"","mag_var_dir":""}
{"timestamp":"093541","status":"A","lat":"3322.902","lat_dir":"N","lon":"11838.717","lon_dir":"W","spd_over_grnd":"9.04","true_course":"22.000259","datestamp":"150708","mag_variation":"","mag_var_dir":""}
{"timestamp":"093543","status":"A","lat":"3322.906","lat_dir":"N","lon":"11838.715","lon_dir":"W","spd_over_grnd":"9.04","true_course":"21.133659","datestamp":"150708","mag_variation":"","mag_var_dir":""}
{"timestamp":"093544","status":"A","lat":"3322.909","lat_dir":"N","lon":"11838.713","lon_dir":"W","spd_over_grnd":"9.04","true_course":"21.165068","datestamp":"150708","mag_variation":"","mag_var_dir":""}
{"timestamp":"093546","status":"A","lat":"3322.913","lat_dir":"N","lon":"11838.712","lon_dir":"W","spd_over_grnd":"9.04","true_course":"22.236153","datestamp":"150708","mag_variation":"","mag_var_dir":""}
{"timestamp":"093548","status":"A","lat":"3322.917","lat_dir":"N","lon":"11838.710","lon_dir":"W","spd_over_grnd":"9.04","true_course":"23.368370","datestamp":"150708","mag_variation":"","mag_var_dir":""}
{"timestamp":"093549","status":"A","lat":"3322.920","lat_dir":"N","lon":"11838.708","lon_dir":"W","spd_over_grnd":"9.04","true_course":"23.354990","datestamp":"150708","mag_variation":"","mag_var_dir":""}
{"timestamp":"093551","status":"A","lat":"3322.924","lat_dir":"N","lon":"11838.706","lon_dir":"W","spd_over_grnd":"9.04","true_course":"22.468151","datestamp":"150708","mag_variation":"","mag_var_dir":""}
{"timestamp":"093552","status":"A","lat":"3322.928","lat_dir":"N","lon":"11838.704","lon_dir":"W","spd_over_grnd":"9.04","true_course":"22.215092","datestamp":"150708","mag_variation":"","mag_var_dir":""}
{"timestamp":"093554","status":"A","lat":"3322.931","lat_dir":"N","lon":"11838.702","lon_dir":"W","spd_over_grnd":"9.04","true_course":"23.128469","datestamp":"150708","mag_variation":"","mag_var_dir":""}
{"timestamp":"093555","status":"A","lat":"3322.935","lat_dir":"N","lon":"11838.700","lon_dir":"W","spd_over_grnd":"9.04","true_course":"24.485809","datestamp":"150708","mag_variation":"","mag_var_dir":""}
{"timestamp":"093557","status":"A","lat":"3322.939","lat_dir":"N","lon":"11838.698","lon_dir":"W","spd_over_grnd":"9.04","true_course":"24.723450","datestamp":"150708","mag_variation":"","mag_var_dir":""}
{"timestamp":"093558","status":"A","lat":"3322.942","lat_dir":"N","lon":"11838.697","lon_dir":"W","spd_over_grnd":"9.04","true_course":"23.809694","datestamp":"150708","mag_variation":"","mag_var_dir":""}
{"timestamp":"093600","status":"A","lat":"3322.946","lat_dir":"N","lon":"11838.694","lon_dir":"W","spd_over_grnd":"9.04","true_course":"23.230066","datestamp":"150708","mag_variation":"","mag_var_dir":""}
{"timestamp":"093601","status":"A","lat":"3322.950","lat_dir":"N","lon":"11838.692","lon_dir":"W","spd_over_grnd":"9.04","true_course":"23.960060","datestamp":"150708","mag_variation":"","mag_var_dir":""}
{"timestamp":"093603","status":"A","lat":"3322.953","lat_dir":"N","lon":"11838.691","lon_dir":"W","spd_over_grnd":"9.04","true_course":"25.185572","datestamp":"150708","mag_variation":"","mag_var_dir":""}
{"timestamp":"093604","status":"A","lat":"3322.957","lat_dir":"N","lon":"11838.688","lon_dir":"W","spd_over_grnd":"9.04","true_course":"25.653875","datestamp":"150708","mag_variation":"","mag_var_dir":""}
{"timestamp":"093606","status":"A","lat":"3322.961","lat_dir":"N","lon":"11838.687","lon_dir":"W","spd_over_grnd":"9.04","true_course":"24.848242","datestamp":"150708","mag_variation":"","mag_var_dir":""}
{"timestamp":"093608","status":"A","lat":"3322.964","lat_dir":"N","lon":"11838.684","lon_dir":"W","spd_over_grnd":"9.04","true_course":"24.174828","datestamp":"150708","mag_variation":"","mag_var_dir":""}
{"timestamp":"093609","status":"A","lat":"3322.968","lat_dir":"N","lon":"11838.682","lon_dir":"W","spd_over_grnd":"9.04","true_course":"24.673220","datestamp":"150708","mag_variation":"","mag_var_dir":""}
{"timestamp":"093611","status":"A","lat":"3322.972","lat_dir":"N","lon":"11838.681","lon_dir":"W","spd_over_grnd":"9.04","true_course":"26.011461","datestamp":"150708","mag_variation":"","mag_var_dir":""}
{"timestamp":"093612","status":"A","lat":"3322.975","lat_dir":"N","lon":"11838.678","lon_dir":"W","spd_over_grnd":"9.04","true_course":"26.702557","datestamp":"150708","mag_variation":"","mag_var_dir":""}
{"timestamp":"093614","status":"A","lat":"3322.979","lat_dir":"N","lon":"11838.676","lon_dir":"W","spd_over_grnd":"9.04","true_course":"26.202433","datestamp":"150708","mag_variation":"","mag_var_dir":""}
{"timestamp":"093615","status":"A","lat":"3322.982","lat_dir":"N","lon":"11838.674","lon_dir":"W","spd_over_grnd":"9.04","true_course":"25.417667","datestamp":"150708","mag_variation":"","mag_var_dir":""}
{"timestamp":"093617","status":"A","lat":"3322.986","lat_dir":"N","lon":"11838.672","lon_dir":"W","spd_over_grnd":"9.04","true_course":"25.663225","datestamp":"150708","mag_variation":"","mag_var_dir":""}
{"timestamp":"093618","status":"A","lat":"3322.990","lat_dir":"N","lon":"11838.670","lon_dir":"W","spd_over_grnd":"9.04","true_course":"27.001307","datestamp":"150708","mag_variation":"","mag_var_dir":""}
{"timestamp":"093620","status":"A","lat":"3322.993","lat_dir":"N","lon":"11838.668","lon_dir":"W","spd_over_grnd":"9.04","true_course":"27.894573","datestamp":"150708","mag_variation":"","mag_var_dir":""}
{"timestamp":"093621","status":"A","lat":"3322.997","lat_dir":"N","lon":"11838.665","lon_dir":"W","spd_over_grnd":"9.04","true_course":"27.494545","datestamp":"150708","mag_variation":"","mag_var_dir":""}
{"timestamp":"093623","status":"A","lat":"3323.000","lat_dir":"N","lon":"11838.663","lon_dir":"W","spd_over_grnd":"9.04","true_course":"26.558079","datestamp":"150708","mag_variation":"","mag_var_dir":""}
{"timestamp":"093625","status":"A","lat":"3323.004","lat_dir":"N","lon":"11838.661","lon_dir":"W","spd_over_grnd":"9.04","true_course":"26.565550","datestamp":"150708","mag_variation":"","mag_var_dir":""}
{"timestamp":"093626","status":"A","lat":"3323.007","lat_dir":"N","lon":"11838.659","lon_dir":"W","spd_over_grnd":"9.04","true_course":"27.788441","datestamp":"150708","mag_variation":"","mag_var_dir":""}
{"timestamp":"093628","status":"A","lat":"3323.011","lat_dir":"N","lon":"11838.657","lon_dir":"W","spd_over_grnd":"9.04","true_course":"28.949045","datestamp":"150708","mag_variation":"","mag_var_dir":""}
{"timestamp":"093629","status":"A","lat":"3323.014","lat_dir":"N","lon":"11838.654","lon_dir":"W","spd_over_grnd":"9.04","true_course":"28.765718","datestamp":"150708","mag_variation":"","mag_var_dir":""}
{"timestamp":"093631","status":"A","lat":"3323.018","lat_dir":"N","lon":"11838.652","lon_dir":"W","spd_over_grnd":"9.04","true_course":"27.876307","datestamp":"150708","mag_variation":"","mag_var_dir":""}
{"timestamp":"093632","status":"A","lat":"3323.022","lat_dir":"N","lon":"11838.650","lon_dir":"W","spd_over_grnd":"9.04","true_course":"27.762260","datestamp":"150708","mag_variation":"","mag_var_dir":""}
{"timestamp":"093634","status":"A","lat":"3323.025","lat_dir":"N","lon":"11838.648","lon_dir":"W","spd_over_grnd":"9.04","true_course":"28.947634","datestamp":"150708","mag_variation":"","mag_var_dir":""}
{"timestamp":"093635","status":"A","lat":"3323.028","lat_dir":"N","lon":"11838.645","lon_dir":"W","spd_over_grnd":"9.04","true_course":"30.059610","datestamp":"150708","mag_variation":"","mag_var_dir":""}
{"timestamp":"093637","status":"A","lat":"3323.032","lat_dir":"N","lon":"11838.643","lon_dir":"W","spd_over_grnd":"9.04","true_course":"30.108252","datestamp":"150708","mag_variation":"","mag_var_dir":""}
{"timestamp":"093639","status":"A","lat":"3323.035","lat_dir":"N","lon":"11838.641","lon_dir":"W","spd_over_grnd":"9.04","true_course":"29.336723","datestamp":"150708","mag_variation":"","mag_var_dir":""}
{"timestamp":"093640","status":"A","lat":"3323.039","lat_dir":"N","lon":"11838.638","lon_dir":"W","spd_over_grnd":"9.04","true_course":"29.053448","datestamp":"150708","mag_variation":"","mag_var_dir":""}
{"timestamp":"093642","status":"A","lat":"3323.042","lat_dir":"N","lon":"11838.636","lon_dir":"W","spd_over_grnd":"9.04","true_course":"30.121784","datestamp":"150708","mag_variation":"","mag_var_dir":""}
{"timestamp":"093643","status":"A","lat":"3323.046","lat_dir":"N","lon":"11838.633","lon_dir":"W","spd_over_grnd":"9.04","true_course":"31.496529","datestamp":"150708","mag_variation":"","mag_var_dir":""}
{"timestamp":"093645","status":"A","lat":"3323.049","lat_dir":"N","lon":"11838.631","lon_dir":"W","spd_over_grnd":"9.04","true_course":"31.649767","datestamp":"150708","mag_variation":"","mag_var_dir":""}
{"timestamp":"093646","status":"A","lat":"3323.053","lat_dir":"N","lon":"11838.628","lon_dir":"W","spd_over_grnd":"9.04","true_course":"30.753986","datestamp":"150708","mag_variation":"","mag_var_dir":""}
{"timestamp":"093648","status":"A","lat":"3323.056","lat_dir":"N","lon":"11838.626","lon_dir":"W","spd_over_grnd":"9.04","true_course":"30.354326","datestamp":"150708","mag_variation":"","mag_var_dir":""}
{"timestamp":"093650","status":"A","lat":"3323.060","lat_dir":"N","lon":"11838.624","lon_dir":"W","spd_over_grnd":"9.04","true_course":"31.206804","datestamp":"150708","mag_variation":"","mag_var_dir":""}
{"timestamp":"093651","status":"A","lat":"3323.063","lat_dir":"N","lon":"11838.621","lon_dir":"W","spd_over_grnd":"9.04","true_course":"32.532101","datestamp":"150708","mag_variation":"","mag_var_dir":""}
{"timestamp":"093653","status":"A","lat":"3323.066","lat_dir":"N","lon":"11838.619","lon_dir":"W","spd_over_grnd":"9.04","true_course":"32.776653","datestamp":"150708","mag_variation":"","mag_var_dir":""}
{"timestamp":"093654","status":"A","lat":"3323.069","lat_dir":"N","lon":"11838.616","lon_dir":"W","spd_over_grnd":"9.04","true_course":"31.958080","datestamp":"150708","mag_variation":"","mag_var_dir":""}
{"timestamp":"093656","status":"A","lat":"3323.073","lat_dir":"N","lon":"11838.614","lon_dir":"W","spd_over_grnd":"9.04","true_course":"31.527271","datestamp":"150708","mag_variation":"","mag_var_dir":""}
{"timestamp":"093658","status":"A","lat":"3323.076","lat_dir":"N","lon":"11838.611","lon_dir":"W","spd_over_grnd":"9.04","true_course":"32.444904","datestamp":"150708","mag_variation":"","mag_var_dir":""}
{"timestamp":"093659","status":"A","lat":"3323.080","lat_dir":"N","lon":"11838.608","lon_dir":"W","spd_over_grnd":"9.04","true_course":"33.637962","datestamp":"150708","mag_variation":"","mag_var_dir":""}
{"timestamp":"093701","status":"A","lat":"3323.083","lat_dir":"N","lon":"11838.606","lon_dir":"W","spd_over_grnd":"9.04","true_course":"33.939949","datestamp":"150708","mag_variation":"","mag_var_dir":""}
{"timestamp":"093702","status":"A","lat":"3323.086","lat_dir":"N","lon":"11838.603","lon_dir":"W","spd_over_grnd":"9.04","true_course":"33.211056","datestamp":"150708","mag_variation":"","mag_var_dir":""}
{"timestamp":"093704","status":"A","lat":"3323.090","lat_dir":"N","lon":"11838.600","lon_dir":"W","spd_over_grnd":"9.04","true_course":"32.429165","datestamp":"150708","mag_variation":"","mag_var_dir":""}
{"timestamp":"093705","status":"A","lat":"3323.093","lat_dir":"N","lon":"11838.598","lon_dir":"W","spd_over_grnd":"9.04","true_course":"33.096344","datestamp":"150708","mag_variation":"","mag_var_dir":""}
{"timestamp":"093707","status":"A","lat":"3323.096","lat_dir":"N","lon":"11838.595","lon_dir":"W","spd_over_grnd":"9.04","true_course":"34.380245","datestamp":"150708","mag_variation":"","mag_var_dir":""}
{"timestamp":"093709","status":"A","lat":"3323.100","lat_dir":"N","lon":"11838.593","lon_dir":"W","spd_over_grnd":"9.04","true_course":"34.718159","datestamp":"150708","mag_variation":"","mag_var_dir":""}
{"timestamp":"093710","status":"A","lat":"3323.103","lat_dir":"N","lon":"11838.590","lon_dir":"W","spd_over_grnd":"9.04","true_course":"33.970882","datestamp":"150708","mag_variation":"","mag_var_dir":""}
{"timestamp":"093712","status":"A","lat":"3323.106","lat_dir":"N","lon":"11838.587","lon_dir":"W","spd_over_grnd":"9.04","true_course":"33.439671","datestamp":"150708","mag_variation":"","mag_var_dir":""}
{"timestamp":"093713","status":"A","lat":"3323.110","lat_dir":"N","lon":"11838.584","lon_dir":"W","spd_over_grnd":"9.04","true_course":"34.248482","datestamp":"150708","mag_variation":"","mag_var_dir":""}
{"timestamp":"093715","status":"A","lat":"3323.113","lat_dir":"N","lon":"11838.582","lon_dir":"W","spd_over_grnd":"9.04","true_course":"35.484676","datestamp":"150708","mag_variation":"","mag_var_dir":""}
{"timestamp":"093717","status":"A","lat":"3323.116","lat_dir":"N","lon":"11838.579","lon_dir":"W","spd_over_grnd":"9.04","true_course":"35.935085","datestamp":"150708","mag_variation":"","mag_var_dir":""}
{"timestamp":"093718","status":"A","lat":"3323.120","lat_dir":"N","lon":"11838.576","lon_dir":"W","spd_over_grnd":"9.04","true_course":"35.224197","datestamp":"150708","mag_variation":"","mag_var_dir":""}
{"timestamp":"093720","status":"A","lat":"3323.123","lat_dir":"N","lon":"11838.573","lon_dir":"W","spd_over_grnd":"9.04","true_course":"34.542004","datestamp":"150708","mag_variation":"","mag_var_dir":""}
{"timestamp":"093721","status":"A","lat":"3323.126","lat_dir":"N","lon":"11838.571","lon_dir":"W","spd_over_grnd":"9.04","true_course":"35.075760","datestamp":"150708","mag_variation":"","mag_var_dir":""}
{"timestamp":"093723","status":"A","lat":"3323.129","lat_dir":"N","lon":"11838.568","lon_dir":"W","spd_over_grnd":"9.04","true_course":"36.491272","datestamp":"150708","mag_variation":"","mag_var_dir":""}
{"timestamp":"093724","status":"A","lat":"3323.133","lat_dir":"N","lon":"11838.565","lon_dir":"W","spd_over_grnd":"9.04","true_course":"37.241001","datestamp":"150708","mag_variation":"","mag_var_dir":""}
{"timestamp":"093726","status":"A","lat":"3323.136","lat_dir":"N","lon":"11838.562","lon_dir":"W","spd_over_grnd":"9.04","true_course":"36.636086","datestamp":"150708","mag_variation":"","mag_var_dir":""}
{"timestamp":"093727","status":"A","lat":"3323.139","lat_dir":"N","lon":"11838.559","lon_dir":"W","spd_over_grnd":"9.04","true_course":"35.860798","datestamp":"150708","mag_variation":"","mag_var_dir":""}
